contrast_id,scenario_id,role,model,call_index,logical_step,call_kind,input_uncached_tokens,cache_read_tokens,cache_write_tokens,full_input_tokens,output_tokens,long_context_threshold_tokens,pricing_tier,input_rate_per_million,cache_read_rate_per_million,cache_write_rate_per_million,output_rate_per_million,input_uncached_cost_usd,cache_read_cost_usd,cache_write_cost_usd,output_cost_usd,provider_cost_usd,ai_credits,compaction_event,discarded_context_tokens,note
stable-system-1-call,stable-system-1-call-luna-baseline,baseline,luna,1,1,model_roundtrip,0,0,50000,50000,500,200000,short,0.2,0.02,0.25,1.2,0.0,0.0,0.0125,0.0006,0.0131,1.31,False,0,first stable prefix is written to cache
stable-system-1-call,stable-system-1-call-luna-comparison,comparison,luna,1,1,model_roundtrip,0,0,51000,51000,500,200000,short,0.2,0.02,0.25,1.2,0.0,0.0,0.01275,0.0006,0.01335,1.335,False,0,first stable prefix is written to cache
stable-system-1-call,stable-system-1-call-terra-baseline,baseline,terra,1,1,model_roundtrip,0,0,50000,50000,500,272000,short,2.0,0.2,2.5,12.0,0.0,0.0,0.125,0.006,0.131,13.1,False,0,first stable prefix is written to cache
stable-system-1-call,stable-system-1-call-terra-comparison,comparison,terra,1,1,model_roundtrip,0,0,51000,51000,500,272000,short,2.0,0.2,2.5,12.0,0.0,0.0,0.1275,0.006,0.1335,13.35,False,0,first stable prefix is written to cache
stable-system-1-call,stable-system-1-call-sol-baseline,baseline,sol,1,1,model_roundtrip,0,0,50000,50000,500,272000,short,4.0,0.4,5.0,20.0,0.0,0.0,0.25,0.01,0.26,26.0,False,0,first stable prefix is written to cache
stable-system-1-call,stable-system-1-call-sol-comparison,comparison,sol,1,1,model_roundtrip,0,0,51000,51000,500,272000,short,4.0,0.4,5.0,20.0,0.0,0.0,0.255,0.01,0.265,26.5,False,0,first stable prefix is written to cache
stable-system-10-calls,stable-system-10-calls-luna-baseline,baseline,luna,1,1,model_roundtrip,0,0,50000,50000,500,200000,short,0.2,0.02,0.25,1.2,0.0,0.0,0.0125,0.0006,0.0131,1.31,False,0,first stable prefix is written to cache
stable-system-10-calls,stable-system-10-calls-luna-baseline,baseline,luna,2,2,model_roundtrip,0,50000,0,50000,500,200000,short,0.2,0.02,0.25,1.2,0.0,0.001,0.0,0.0006,0.0016,0.16,False,0,stable prefix is read from cache
stable-system-10-calls,stable-system-10-calls-luna-baseline,baseline,luna,3,3,model_roundtrip,0,50000,0,50000,500,200000,short,0.2,0.02,0.25,1.2,0.0,0.001,0.0,0.0006,0.0016,0.16,False,0,stable prefix is read from cache
stable-system-10-calls,stable-system-10-calls-luna-baseline,baseline,luna,4,4,model_roundtrip,0,50000,0,50000,500,200000,short,0.2,0.02,0.25,1.2,0.0,0.001,0.0,0.0006,0.0016,0.16,False,0,stable prefix is read from cache
stable-system-10-calls,stable-system-10-calls-luna-baseline,baseline,luna,5,5,model_roundtrip,0,50000,0,50000,500,200000,short,0.2,0.02,0.25,1.2,0.0,0.001,0.0,0.0006,0.0016,0.16,False,0,stable prefix is read from cache
stable-system-10-calls,stable-system-10-calls-luna-baseline,baseline,luna,6,6,model_roundtrip,0,50000,0,50000,500,200000,short,0.2,0.02,0.25,1.2,0.0,0.001,0.0,0.0006,0.0016,0.16,False,0,stable prefix is read from cache
stable-system-10-calls,stable-system-10-calls-luna-baseline,baseline,luna,7,7,model_roundtrip,0,50000,0,50000,500,200000,short,0.2,0.02,0.25,1.2,0.0,0.001,0.0,0.0006,0.0016,0.16,False,0,stable prefix is read from cache
stable-system-10-calls,stable-system-10-calls-luna-baseline,baseline,luna,8,8,model_roundtrip,0,50000,0,50000,500,200000,short,0.2,0.02,0.25,1.2,0.0,0.001,0.0,0.0006,0.0016,0.16,False,0,stable prefix is read from cache
stable-system-10-calls,stable-system-10-calls-luna-baseline,baseline,luna,9,9,model_roundtrip,0,50000,0,50000,500,200000,short,0.2,0.02,0.25,1.2,0.0,0.001,0.0,0.0006,0.0016,0.16,False,0,stable prefix is read from cache
stable-system-10-calls,stable-system-10-calls-luna-baseline,baseline,luna,10,10,model_roundtrip,0,50000,0,50000,500,200000,short,0.2,0.02,0.25,1.2,0.0,0.001,0.0,0.0006,0.0016,0.16,False,0,stable prefix is read from cache
stable-system-10-calls,stable-system-10-calls-luna-comparison,comparison,luna,1,1,model_roundtrip,0,0,51000,51000,500,200000,short,0.2,0.02,0.25,1.2,0.0,0.0,0.01275,0.0006,0.01335,1.335,False,0,first stable prefix is written to cache
stable-system-10-calls,stable-system-10-calls-luna-comparison,comparison,luna,2,2,model_roundtrip,0,51000,0,51000,500,200000,short,0.2,0.02,0.25,1.2,0.0,0.00102,0.0,0.0006,0.00162,0.162,False,0,stable prefix is read from cache
stable-system-10-calls,stable-system-10-calls-luna-comparison,comparison,luna,3,3,model_roundtrip,0,51000,0,51000,500,200000,short,0.2,0.02,0.25,1.2,0.0,0.00102,0.0,0.0006,0.00162,0.162,False,0,stable prefix is read from cache
stable-system-10-calls,stable-system-10-calls-luna-comparison,comparison,luna,4,4,model_roundtrip,0,51000,0,51000,500,200000,short,0.2,0.02,0.25,1.2,0.0,0.00102,0.0,0.0006,0.00162,0.162,False,0,stable prefix is read from cache
stable-system-10-calls,stable-system-10-calls-luna-comparison,comparison,luna,5,5,model_roundtrip,0,51000,0,51000,500,200000,short,0.2,0.02,0.25,1.2,0.0,0.00102,0.0,0.0006,0.00162,0.162,False,0,stable prefix is read from cache
stable-system-10-calls,stable-system-10-calls-luna-comparison,comparison,luna,6,6,model_roundtrip,0,51000,0,51000,500,200000,short,0.2,0.02,0.25,1.2,0.0,0.00102,0.0,0.0006,0.00162,0.162,False,0,stable prefix is read from cache
stable-system-10-calls,stable-system-10-calls-luna-comparison,comparison,luna,7,7,model_roundtrip,0,51000,0,51000,500,200000,short,0.2,0.02,0.25,1.2,0.0,0.00102,0.0,0.0006,0.00162,0.162,False,0,stable prefix is read from cache
stable-system-10-calls,stable-system-10-calls-luna-comparison,comparison,luna,8,8,model_roundtrip,0,51000,0,51000,500,200000,short,0.2,0.02,0.25,1.2,0.0,0.00102,0.0,0.0006,0.00162,0.162,False,0,stable prefix is read from cache
stable-system-10-calls,stable-system-10-calls-luna-comparison,comparison,luna,9,9,model_roundtrip,0,51000,0,51000,500,200000,short,0.2,0.02,0.25,1.2,0.0,0.00102,0.0,0.0006,0.00162,0.162,False,0,stable prefix is read from cache
stable-system-10-calls,stable-system-10-calls-luna-comparison,comparison,luna,10,10,model_roundtrip,0,51000,0,51000,500,200000,short,0.2,0.02,0.25,1.2,0.0,0.00102,0.0,0.0006,0.00162,0.162,False,0,stable prefix is read from cache
stable-system-10-calls,stable-system-10-calls-terra-baseline,baseline,terra,1,1,model_roundtrip,0,0,50000,50000,500,272000,short,2.0,0.2,2.5,12.0,0.0,0.0,0.125,0.006,0.131,13.1,False,0,first stable prefix is written to cache
stable-system-10-calls,stable-system-10-calls-terra-baseline,baseline,terra,2,2,model_roundtrip,0,50000,0,50000,500,272000,short,2.0,0.2,2.5,12.0,0.0,0.01,0.0,0.006,0.016,1.6,False,0,stable prefix is read from cache
stable-system-10-calls,stable-system-10-calls-terra-baseline,baseline,terra,3,3,model_roundtrip,0,50000,0,50000,500,272000,short,2.0,0.2,2.5,12.0,0.0,0.01,0.0,0.006,0.016,1.6,False,0,stable prefix is read from cache
stable-system-10-calls,stable-system-10-calls-terra-baseline,baseline,terra,4,4,model_roundtrip,0,50000,0,50000,500,272000,short,2.0,0.2,2.5,12.0,0.0,0.01,0.0,0.006,0.016,1.6,False,0,stable prefix is read from cache
stable-system-10-calls,stable-system-10-calls-terra-baseline,baseline,terra,5,5,model_roundtrip,0,50000,0,50000,500,272000,short,2.0,0.2,2.5,12.0,0.0,0.01,0.0,0.006,0.016,1.6,False,0,stable prefix is read from cache
stable-system-10-calls,stable-system-10-calls-terra-baseline,baseline,terra,6,6,model_roundtrip,0,50000,0,50000,500,272000,short,2.0,0.2,2.5,12.0,0.0,0.01,0.0,0.006,0.016,1.6,False,0,stable prefix is read from cache
stable-system-10-calls,stable-system-10-calls-terra-baseline,baseline,terra,7,7,model_roundtrip,0,50000,0,50000,500,272000,short,2.0,0.2,2.5,12.0,0.0,0.01,0.0,0.006,0.016,1.6,False,0,stable prefix is read from cache
stable-system-10-calls,stable-system-10-calls-terra-baseline,baseline,terra,8,8,model_roundtrip,0,50000,0,50000,500,272000,short,2.0,0.2,2.5,12.0,0.0,0.01,0.0,0.006,0.016,1.6,False,0,stable prefix is read from cache
stable-system-10-calls,stable-system-10-calls-terra-baseline,baseline,terra,9,9,model_roundtrip,0,50000,0,50000,500,272000,short,2.0,0.2,2.5,12.0,0.0,0.01,0.0,0.006,0.016,1.6,False,0,stable prefix is read from cache
stable-system-10-calls,stable-system-10-calls-terra-baseline,baseline,terra,10,10,model_roundtrip,0,50000,0,50000,500,272000,short,2.0,0.2,2.5,12.0,0.0,0.01,0.0,0.006,0.016,1.6,False,0,stable prefix is read from cache
stable-system-10-calls,stable-system-10-calls-terra-comparison,comparison,terra,1,1,model_roundtrip,0,0,51000,51000,500,272000,short,2.0,0.2,2.5,12.0,0.0,0.0,0.1275,0.006,0.1335,13.35,False,0,first stable prefix is written to cache
stable-system-10-calls,stable-system-10-calls-terra-comparison,comparison,terra,2,2,model_roundtrip,0,51000,0,51000,500,272000,short,2.0,0.2,2.5,12.0,0.0,0.0102,0.0,0.006,0.0162,1.62,False,0,stable prefix is read from cache
stable-system-10-calls,stable-system-10-calls-terra-comparison,comparison,terra,3,3,model_roundtrip,0,51000,0,51000,500,272000,short,2.0,0.2,2.5,12.0,0.0,0.0102,0.0,0.006,0.0162,1.62,False,0,stable prefix is read from cache
stable-system-10-calls,stable-system-10-calls-terra-comparison,comparison,terra,4,4,model_roundtrip,0,51000,0,51000,500,272000,short,2.0,0.2,2.5,12.0,0.0,0.0102,0.0,0.006,0.0162,1.62,False,0,stable prefix is read from cache
stable-system-10-calls,stable-system-10-calls-terra-comparison,comparison,terra,5,5,model_roundtrip,0,51000,0,51000,500,272000,short,2.0,0.2,2.5,12.0,0.0,0.0102,0.0,0.006,0.0162,1.62,False,0,stable prefix is read from cache
stable-system-10-calls,stable-system-10-calls-terra-comparison,comparison,terra,6,6,model_roundtrip,0,51000,0,51000,500,272000,short,2.0,0.2,2.5,12.0,0.0,0.0102,0.0,0.006,0.0162,1.62,False,0,stable prefix is read from cache
stable-system-10-calls,stable-system-10-calls-terra-comparison,comparison,terra,7,7,model_roundtrip,0,51000,0,51000,500,272000,short,2.0,0.2,2.5,12.0,0.0,0.0102,0.0,0.006,0.0162,1.62,False,0,stable prefix is read from cache
stable-system-10-calls,stable-system-10-calls-terra-comparison,comparison,terra,8,8,model_roundtrip,0,51000,0,51000,500,272000,short,2.0,0.2,2.5,12.0,0.0,0.0102,0.0,0.006,0.0162,1.62,False,0,stable prefix is read from cache
stable-system-10-calls,stable-system-10-calls-terra-comparison,comparison,terra,9,9,model_roundtrip,0,51000,0,51000,500,272000,short,2.0,0.2,2.5,12.0,0.0,0.0102,0.0,0.006,0.0162,1.62,False,0,stable prefix is read from cache
stable-system-10-calls,stable-system-10-calls-terra-comparison,comparison,terra,10,10,model_roundtrip,0,51000,0,51000,500,272000,short,2.0,0.2,2.5,12.0,0.0,0.0102,0.0,0.006,0.0162,1.62,False,0,stable prefix is read from cache
stable-system-10-calls,stable-system-10-calls-sol-baseline,baseline,sol,1,1,model_roundtrip,0,0,50000,50000,500,272000,short,4.0,0.4,5.0,20.0,0.0,0.0,0.25,0.01,0.26,26.0,False,0,first stable prefix is written to cache
stable-system-10-calls,stable-system-10-calls-sol-baseline,baseline,sol,2,2,model_roundtrip,0,50000,0,50000,500,272000,short,4.0,0.4,5.0,20.0,0.0,0.02,0.0,0.01,0.03,3.0,False,0,stable prefix is read from cache
stable-system-10-calls,stable-system-10-calls-sol-baseline,baseline,sol,3,3,model_roundtrip,0,50000,0,50000,500,272000,short,4.0,0.4,5.0,20.0,0.0,0.02,0.0,0.01,0.03,3.0,False,0,stable prefix is read from cache
stable-system-10-calls,stable-system-10-calls-sol-baseline,baseline,sol,4,4,model_roundtrip,0,50000,0,50000,500,272000,short,4.0,0.4,5.0,20.0,0.0,0.02,0.0,0.01,0.03,3.0,False,0,stable prefix is read from cache
stable-system-10-calls,stable-system-10-calls-sol-baseline,baseline,sol,5,5,model_roundtrip,0,50000,0,50000,500,272000,short,4.0,0.4,5.0,20.0,0.0,0.02,0.0,0.01,0.03,3.0,False,0,stable prefix is read from cache
stable-system-10-calls,stable-system-10-calls-sol-baseline,baseline,sol,6,6,model_roundtrip,0,50000,0,50000,500,272000,short,4.0,0.4,5.0,20.0,0.0,0.02,0.0,0.01,0.03,3.0,False,0,stable prefix is read from cache
stable-system-10-calls,stable-system-10-calls-sol-baseline,baseline,sol,7,7,model_roundtrip,0,50000,0,50000,500,272000,short,4.0,0.4,5.0,20.0,0.0,0.02,0.0,0.01,0.03,3.0,False,0,stable prefix is read from cache
stable-system-10-calls,stable-system-10-calls-sol-baseline,baseline,sol,8,8,model_roundtrip,0,50000,0,50000,500,272000,short,4.0,0.4,5.0,20.0,0.0,0.02,0.0,0.01,0.03,3.0,False,0,stable prefix is read from cache
stable-system-10-calls,stable-system-10-calls-sol-baseline,baseline,sol,9,9,model_roundtrip,0,50000,0,50000,500,272000,short,4.0,0.4,5.0,20.0,0.0,0.02,0.0,0.01,0.03,3.0,False,0,stable prefix is read from cache
stable-system-10-calls,stable-system-10-calls-sol-baseline,baseline,sol,10,10,model_roundtrip,0,50000,0,50000,500,272000,short,4.0,0.4,5.0,20.0,0.0,0.02,0.0,0.01,0.03,3.0,False,0,stable prefix is read from cache
stable-system-10-calls,stable-system-10-calls-sol-comparison,comparison,sol,1,1,model_roundtrip,0,0,51000,51000,500,272000,short,4.0,0.4,5.0,20.0,0.0,0.0,0.255,0.01,0.265,26.5,False,0,first stable prefix is written to cache
stable-system-10-calls,stable-system-10-calls-sol-comparison,comparison,sol,2,2,model_roundtrip,0,51000,0,51000,500,272000,short,4.0,0.4,5.0,20.0,0.0,0.0204,0.0,0.01,0.0304,3.04,False,0,stable prefix is read from cache
stable-system-10-calls,stable-system-10-calls-sol-comparison,comparison,sol,3,3,model_roundtrip,0,51000,0,51000,500,272000,short,4.0,0.4,5.0,20.0,0.0,0.0204,0.0,0.01,0.0304,3.04,False,0,stable prefix is read from cache
stable-system-10-calls,stable-system-10-calls-sol-comparison,comparison,sol,4,4,model_roundtrip,0,51000,0,51000,500,272000,short,4.0,0.4,5.0,20.0,0.0,0.0204,0.0,0.01,0.0304,3.04,False,0,stable prefix is read from cache
stable-system-10-calls,stable-system-10-calls-sol-comparison,comparison,sol,5,5,model_roundtrip,0,51000,0,51000,500,272000,short,4.0,0.4,5.0,20.0,0.0,0.0204,0.0,0.01,0.0304,3.04,False,0,stable prefix is read from cache
stable-system-10-calls,stable-system-10-calls-sol-comparison,comparison,sol,6,6,model_roundtrip,0,51000,0,51000,500,272000,short,4.0,0.4,5.0,20.0,0.0,0.0204,0.0,0.01,0.0304,3.04,False,0,stable prefix is read from cache
stable-system-10-calls,stable-system-10-calls-sol-comparison,comparison,sol,7,7,model_roundtrip,0,51000,0,51000,500,272000,short,4.0,0.4,5.0,20.0,0.0,0.0204,0.0,0.01,0.0304,3.04,False,0,stable prefix is read from cache
stable-system-10-calls,stable-system-10-calls-sol-comparison,comparison,sol,8,8,model_roundtrip,0,51000,0,51000,500,272000,short,4.0,0.4,5.0,20.0,0.0,0.0204,0.0,0.01,0.0304,3.04,False,0,stable prefix is read from cache
stable-system-10-calls,stable-system-10-calls-sol-comparison,comparison,sol,9,9,model_roundtrip,0,51000,0,51000,500,272000,short,4.0,0.4,5.0,20.0,0.0,0.0204,0.0,0.01,0.0304,3.04,False,0,stable prefix is read from cache
stable-system-10-calls,stable-system-10-calls-sol-comparison,comparison,sol,10,10,model_roundtrip,0,51000,0,51000,500,272000,short,4.0,0.4,5.0,20.0,0.0,0.0204,0.0,0.01,0.0304,3.04,False,0,stable prefix is read from cache
stable-system-50-calls,stable-system-50-calls-luna-baseline,baseline,luna,1,1,model_roundtrip,0,0,50000,50000,500,200000,short,0.2,0.02,0.25,1.2,0.0,0.0,0.0125,0.0006,0.0131,1.31,False,0,first stable prefix is written to cache
stable-system-50-calls,stable-system-50-calls-luna-baseline,baseline,luna,2,2,model_roundtrip,0,50000,0,50000,500,200000,short,0.2,0.02,0.25,1.2,0.0,0.001,0.0,0.0006,0.0016,0.16,False,0,stable prefix is read from cache
stable-system-50-calls,stable-system-50-calls-luna-baseline,baseline,luna,3,3,model_roundtrip,0,50000,0,50000,500,200000,short,0.2,0.02,0.25,1.2,0.0,0.001,0.0,0.0006,0.0016,0.16,False,0,stable prefix is read from cache
stable-system-50-calls,stable-system-50-calls-luna-baseline,baseline,luna,4,4,model_roundtrip,0,50000,0,50000,500,200000,short,0.2,0.02,0.25,1.2,0.0,0.001,0.0,0.0006,0.0016,0.16,False,0,stable prefix is read from cache
stable-system-50-calls,stable-system-50-calls-luna-baseline,baseline,luna,5,5,model_roundtrip,0,50000,0,50000,500,200000,short,0.2,0.02,0.25,1.2,0.0,0.001,0.0,0.0006,0.0016,0.16,False,0,stable prefix is read from cache
stable-system-50-calls,stable-system-50-calls-luna-baseline,baseline,luna,6,6,model_roundtrip,0,50000,0,50000,500,200000,short,0.2,0.02,0.25,1.2,0.0,0.001,0.0,0.0006,0.0016,0.16,False,0,stable prefix is read from cache
stable-system-50-calls,stable-system-50-calls-luna-baseline,baseline,luna,7,7,model_roundtrip,0,50000,0,50000,500,200000,short,0.2,0.02,0.25,1.2,0.0,0.001,0.0,0.0006,0.0016,0.16,False,0,stable prefix is read from cache
stable-system-50-calls,stable-system-50-calls-luna-baseline,baseline,luna,8,8,model_roundtrip,0,50000,0,50000,500,200000,short,0.2,0.02,0.25,1.2,0.0,0.001,0.0,0.0006,0.0016,0.16,False,0,stable prefix is read from cache
stable-system-50-calls,stable-system-50-calls-luna-baseline,baseline,luna,9,9,model_roundtrip,0,50000,0,50000,500,200000,short,0.2,0.02,0.25,1.2,0.0,0.001,0.0,0.0006,0.0016,0.16,False,0,stable prefix is read from cache
stable-system-50-calls,stable-system-50-calls-luna-baseline,baseline,luna,10,10,model_roundtrip,0,50000,0,50000,500,200000,short,0.2,0.02,0.25,1.2,0.0,0.001,0.0,0.0006,0.0016,0.16,False,0,stable prefix is read from cache
stable-system-50-calls,stable-system-50-calls-luna-baseline,baseline,luna,11,11,model_roundtrip,0,50000,0,50000,500,200000,short,0.2,0.02,0.25,1.2,0.0,0.001,0.0,0.0006,0.0016,0.16,False,0,stable prefix is read from cache
stable-system-50-calls,stable-system-50-calls-luna-baseline,baseline,luna,12,12,model_roundtrip,0,50000,0,50000,500,200000,short,0.2,0.02,0.25,1.2,0.0,0.001,0.0,0.0006,0.0016,0.16,False,0,stable prefix is read from cache
stable-system-50-calls,stable-system-50-calls-luna-baseline,baseline,luna,13,13,model_roundtrip,0,50000,0,50000,500,200000,short,0.2,0.02,0.25,1.2,0.0,0.001,0.0,0.0006,0.0016,0.16,False,0,stable prefix is read from cache
stable-system-50-calls,stable-system-50-calls-luna-baseline,baseline,luna,14,14,model_roundtrip,0,50000,0,50000,500,200000,short,0.2,0.02,0.25,1.2,0.0,0.001,0.0,0.0006,0.0016,0.16,False,0,stable prefix is read from cache
stable-system-50-calls,stable-system-50-calls-luna-baseline,baseline,luna,15,15,model_roundtrip,0,50000,0,50000,500,200000,short,0.2,0.02,0.25,1.2,0.0,0.001,0.0,0.0006,0.0016,0.16,False,0,stable prefix is read from cache
stable-system-50-calls,stable-system-50-calls-luna-baseline,baseline,luna,16,16,model_roundtrip,0,50000,0,50000,500,200000,short,0.2,0.02,0.25,1.2,0.0,0.001,0.0,0.0006,0.0016,0.16,False,0,stable prefix is read from cache
stable-system-50-calls,stable-system-50-calls-luna-baseline,baseline,luna,17,17,model_roundtrip,0,50000,0,50000,500,200000,short,0.2,0.02,0.25,1.2,0.0,0.001,0.0,0.0006,0.0016,0.16,False,0,stable prefix is read from cache
stable-system-50-calls,stable-system-50-calls-luna-baseline,baseline,luna,18,18,model_roundtrip,0,50000,0,50000,500,200000,short,0.2,0.02,0.25,1.2,0.0,0.001,0.0,0.0006,0.0016,0.16,False,0,stable prefix is read from cache
stable-system-50-calls,stable-system-50-calls-luna-baseline,baseline,luna,19,19,model_roundtrip,0,50000,0,50000,500,200000,short,0.2,0.02,0.25,1.2,0.0,0.001,0.0,0.0006,0.0016,0.16,False,0,stable prefix is read from cache
stable-system-50-calls,stable-system-50-calls-luna-baseline,baseline,luna,20,20,model_roundtrip,0,50000,0,50000,500,200000,short,0.2,0.02,0.25,1.2,0.0,0.001,0.0,0.0006,0.0016,0.16,False,0,stable prefix is read from cache
stable-system-50-calls,stable-system-50-calls-luna-baseline,baseline,luna,21,21,model_roundtrip,0,50000,0,50000,500,200000,short,0.2,0.02,0.25,1.2,0.0,0.001,0.0,0.0006,0.0016,0.16,False,0,stable prefix is read from cache
stable-system-50-calls,stable-system-50-calls-luna-baseline,baseline,luna,22,22,model_roundtrip,0,50000,0,50000,500,200000,short,0.2,0.02,0.25,1.2,0.0,0.001,0.0,0.0006,0.0016,0.16,False,0,stable prefix is read from cache
stable-system-50-calls,stable-system-50-calls-luna-baseline,baseline,luna,23,23,model_roundtrip,0,50000,0,50000,500,200000,short,0.2,0.02,0.25,1.2,0.0,0.001,0.0,0.0006,0.0016,0.16,False,0,stable prefix is read from cache
stable-system-50-calls,stable-system-50-calls-luna-baseline,baseline,luna,24,24,model_roundtrip,0,50000,0,50000,500,200000,short,0.2,0.02,0.25,1.2,0.0,0.001,0.0,0.0006,0.0016,0.16,False,0,stable prefix is read from cache
stable-system-50-calls,stable-system-50-calls-luna-baseline,baseline,luna,25,25,model_roundtrip,0,50000,0,50000,500,200000,short,0.2,0.02,0.25,1.2,0.0,0.001,0.0,0.0006,0.0016,0.16,False,0,stable prefix is read from cache
stable-system-50-calls,stable-system-50-calls-luna-baseline,baseline,luna,26,26,model_roundtrip,0,50000,0,50000,500,200000,short,0.2,0.02,0.25,1.2,0.0,0.001,0.0,0.0006,0.0016,0.16,False,0,stable prefix is read from cache
stable-system-50-calls,stable-system-50-calls-luna-baseline,baseline,luna,27,27,model_roundtrip,0,50000,0,50000,500,200000,short,0.2,0.02,0.25,1.2,0.0,0.001,0.0,0.0006,0.0016,0.16,False,0,stable prefix is read from cache
stable-system-50-calls,stable-system-50-calls-luna-baseline,baseline,luna,28,28,model_roundtrip,0,50000,0,50000,500,200000,short,0.2,0.02,0.25,1.2,0.0,0.001,0.0,0.0006,0.0016,0.16,False,0,stable prefix is read from cache
stable-system-50-calls,stable-system-50-calls-luna-baseline,baseline,luna,29,29,model_roundtrip,0,50000,0,50000,500,200000,short,0.2,0.02,0.25,1.2,0.0,0.001,0.0,0.0006,0.0016,0.16,False,0,stable prefix is read from cache
stable-system-50-calls,stable-system-50-calls-luna-baseline,baseline,luna,30,30,model_roundtrip,0,50000,0,50000,500,200000,short,0.2,0.02,0.25,1.2,0.0,0.001,0.0,0.0006,0.0016,0.16,False,0,stable prefix is read from cache
stable-system-50-calls,stable-system-50-calls-luna-baseline,baseline,luna,31,31,model_roundtrip,0,50000,0,50000,500,200000,short,0.2,0.02,0.25,1.2,0.0,0.001,0.0,0.0006,0.0016,0.16,False,0,stable prefix is read from cache
stable-system-50-calls,stable-system-50-calls-luna-baseline,baseline,luna,32,32,model_roundtrip,0,50000,0,50000,500,200000,short,0.2,0.02,0.25,1.2,0.0,0.001,0.0,0.0006,0.0016,0.16,False,0,stable prefix is read from cache
stable-system-50-calls,stable-system-50-calls-luna-baseline,baseline,luna,33,33,model_roundtrip,0,50000,0,50000,500,200000,short,0.2,0.02,0.25,1.2,0.0,0.001,0.0,0.0006,0.0016,0.16,False,0,stable prefix is read from cache
stable-system-50-calls,stable-system-50-calls-luna-baseline,baseline,luna,34,34,model_roundtrip,0,50000,0,50000,500,200000,short,0.2,0.02,0.25,1.2,0.0,0.001,0.0,0.0006,0.0016,0.16,False,0,stable prefix is read from cache
stable-system-50-calls,stable-system-50-calls-luna-baseline,baseline,luna,35,35,model_roundtrip,0,50000,0,50000,500,200000,short,0.2,0.02,0.25,1.2,0.0,0.001,0.0,0.0006,0.0016,0.16,False,0,stable prefix is read from cache
stable-system-50-calls,stable-system-50-calls-luna-baseline,baseline,luna,36,36,model_roundtrip,0,50000,0,50000,500,200000,short,0.2,0.02,0.25,1.2,0.0,0.001,0.0,0.0006,0.0016,0.16,False,0,stable prefix is read from cache
stable-system-50-calls,stable-system-50-calls-luna-baseline,baseline,luna,37,37,model_roundtrip,0,50000,0,50000,500,200000,short,0.2,0.02,0.25,1.2,0.0,0.001,0.0,0.0006,0.0016,0.16,False,0,stable prefix is read from cache
stable-system-50-calls,stable-system-50-calls-luna-baseline,baseline,luna,38,38,model_roundtrip,0,50000,0,50000,500,200000,short,0.2,0.02,0.25,1.2,0.0,0.001,0.0,0.0006,0.0016,0.16,False,0,stable prefix is read from cache
stable-system-50-calls,stable-system-50-calls-luna-baseline,baseline,luna,39,39,model_roundtrip,0,50000,0,50000,500,200000,short,0.2,0.02,0.25,1.2,0.0,0.001,0.0,0.0006,0.0016,0.16,False,0,stable prefix is read from cache
stable-system-50-calls,stable-system-50-calls-luna-baseline,baseline,luna,40,40,model_roundtrip,0,50000,0,50000,500,200000,short,0.2,0.02,0.25,1.2,0.0,0.001,0.0,0.0006,0.0016,0.16,False,0,stable prefix is read from cache
stable-system-50-calls,stable-system-50-calls-luna-baseline,baseline,luna,41,41,model_roundtrip,0,50000,0,50000,500,200000,short,0.2,0.02,0.25,1.2,0.0,0.001,0.0,0.0006,0.0016,0.16,False,0,stable prefix is read from cache
stable-system-50-calls,stable-system-50-calls-luna-baseline,baseline,luna,42,42,model_roundtrip,0,50000,0,50000,500,200000,short,0.2,0.02,0.25,1.2,0.0,0.001,0.0,0.0006,0.0016,0.16,False,0,stable prefix is read from cache
stable-system-50-calls,stable-system-50-calls-luna-baseline,baseline,luna,43,43,model_roundtrip,0,50000,0,50000,500,200000,short,0.2,0.02,0.25,1.2,0.0,0.001,0.0,0.0006,0.0016,0.16,False,0,stable prefix is read from cache
stable-system-50-calls,stable-system-50-calls-luna-baseline,baseline,luna,44,44,model_roundtrip,0,50000,0,50000,500,200000,short,0.2,0.02,0.25,1.2,0.0,0.001,0.0,0.0006,0.0016,0.16,False,0,stable prefix is read from cache
stable-system-50-calls,stable-system-50-calls-luna-baseline,baseline,luna,45,45,model_roundtrip,0,50000,0,50000,500,200000,short,0.2,0.02,0.25,1.2,0.0,0.001,0.0,0.0006,0.0016,0.16,False,0,stable prefix is read from cache
stable-system-50-calls,stable-system-50-calls-luna-baseline,baseline,luna,46,46,model_roundtrip,0,50000,0,50000,500,200000,short,0.2,0.02,0.25,1.2,0.0,0.001,0.0,0.0006,0.0016,0.16,False,0,stable prefix is read from cache
stable-system-50-calls,stable-system-50-calls-luna-baseline,baseline,luna,47,47,model_roundtrip,0,50000,0,50000,500,200000,short,0.2,0.02,0.25,1.2,0.0,0.001,0.0,0.0006,0.0016,0.16,False,0,stable prefix is read from cache
stable-system-50-calls,stable-system-50-calls-luna-baseline,baseline,luna,48,48,model_roundtrip,0,50000,0,50000,500,200000,short,0.2,0.02,0.25,1.2,0.0,0.001,0.0,0.0006,0.0016,0.16,False,0,stable prefix is read from cache
stable-system-50-calls,stable-system-50-calls-luna-baseline,baseline,luna,49,49,model_roundtrip,0,50000,0,50000,500,200000,short,0.2,0.02,0.25,1.2,0.0,0.001,0.0,0.0006,0.0016,0.16,False,0,stable prefix is read from cache
stable-system-50-calls,stable-system-50-calls-luna-baseline,baseline,luna,50,50,model_roundtrip,0,50000,0,50000,500,200000,short,0.2,0.02,0.25,1.2,0.0,0.001,0.0,0.0006,0.0016,0.16,False,0,stable prefix is read from cache
stable-system-50-calls,stable-system-50-calls-luna-comparison,comparison,luna,1,1,model_roundtrip,0,0,51000,51000,500,200000,short,0.2,0.02,0.25,1.2,0.0,0.0,0.01275,0.0006,0.01335,1.335,False,0,first stable prefix is written to cache
stable-system-50-calls,stable-system-50-calls-luna-comparison,comparison,luna,2,2,model_roundtrip,0,51000,0,51000,500,200000,short,0.2,0.02,0.25,1.2,0.0,0.00102,0.0,0.0006,0.00162,0.162,False,0,stable prefix is read from cache
stable-system-50-calls,stable-system-50-calls-luna-comparison,comparison,luna,3,3,model_roundtrip,0,51000,0,51000,500,200000,short,0.2,0.02,0.25,1.2,0.0,0.00102,0.0,0.0006,0.00162,0.162,False,0,stable prefix is read from cache
stable-system-50-calls,stable-system-50-calls-luna-comparison,comparison,luna,4,4,model_roundtrip,0,51000,0,51000,500,200000,short,0.2,0.02,0.25,1.2,0.0,0.00102,0.0,0.0006,0.00162,0.162,False,0,stable prefix is read from cache
stable-system-50-calls,stable-system-50-calls-luna-comparison,comparison,luna,5,5,model_roundtrip,0,51000,0,51000,500,200000,short,0.2,0.02,0.25,1.2,0.0,0.00102,0.0,0.0006,0.00162,0.162,False,0,stable prefix is read from cache
stable-system-50-calls,stable-system-50-calls-luna-comparison,comparison,luna,6,6,model_roundtrip,0,51000,0,51000,500,200000,short,0.2,0.02,0.25,1.2,0.0,0.00102,0.0,0.0006,0.00162,0.162,False,0,stable prefix is read from cache
stable-system-50-calls,stable-system-50-calls-luna-comparison,comparison,luna,7,7,model_roundtrip,0,51000,0,51000,500,200000,short,0.2,0.02,0.25,1.2,0.0,0.00102,0.0,0.0006,0.00162,0.162,False,0,stable prefix is read from cache
stable-system-50-calls,stable-system-50-calls-luna-comparison,comparison,luna,8,8,model_roundtrip,0,51000,0,51000,500,200000,short,0.2,0.02,0.25,1.2,0.0,0.00102,0.0,0.0006,0.00162,0.162,False,0,stable prefix is read from cache
stable-system-50-calls,stable-system-50-calls-luna-comparison,comparison,luna,9,9,model_roundtrip,0,51000,0,51000,500,200000,short,0.2,0.02,0.25,1.2,0.0,0.00102,0.0,0.0006,0.00162,0.162,False,0,stable prefix is read from cache
stable-system-50-calls,stable-system-50-calls-luna-comparison,comparison,luna,10,10,model_roundtrip,0,51000,0,51000,500,200000,short,0.2,0.02,0.25,1.2,0.0,0.00102,0.0,0.0006,0.00162,0.162,False,0,stable prefix is read from cache
stable-system-50-calls,stable-system-50-calls-luna-comparison,comparison,luna,11,11,model_roundtrip,0,51000,0,51000,500,200000,short,0.2,0.02,0.25,1.2,0.0,0.00102,0.0,0.0006,0.00162,0.162,False,0,stable prefix is read from cache
stable-system-50-calls,stable-system-50-calls-luna-comparison,comparison,luna,12,12,model_roundtrip,0,51000,0,51000,500,200000,short,0.2,0.02,0.25,1.2,0.0,0.00102,0.0,0.0006,0.00162,0.162,False,0,stable prefix is read from cache
stable-system-50-calls,stable-system-50-calls-luna-comparison,comparison,luna,13,13,model_roundtrip,0,51000,0,51000,500,200000,short,0.2,0.02,0.25,1.2,0.0,0.00102,0.0,0.0006,0.00162,0.162,False,0,stable prefix is read from cache
stable-system-50-calls,stable-system-50-calls-luna-comparison,comparison,luna,14,14,model_roundtrip,0,51000,0,51000,500,200000,short,0.2,0.02,0.25,1.2,0.0,0.00102,0.0,0.0006,0.00162,0.162,False,0,stable prefix is read from cache
stable-system-50-calls,stable-system-50-calls-luna-comparison,comparison,luna,15,15,model_roundtrip,0,51000,0,51000,500,200000,short,0.2,0.02,0.25,1.2,0.0,0.00102,0.0,0.0006,0.00162,0.162,False,0,stable prefix is read from cache
stable-system-50-calls,stable-system-50-calls-luna-comparison,comparison,luna,16,16,model_roundtrip,0,51000,0,51000,500,200000,short,0.2,0.02,0.25,1.2,0.0,0.00102,0.0,0.0006,0.00162,0.162,False,0,stable prefix is read from cache
stable-system-50-calls,stable-system-50-calls-luna-comparison,comparison,luna,17,17,model_roundtrip,0,51000,0,51000,500,200000,short,0.2,0.02,0.25,1.2,0.0,0.00102,0.0,0.0006,0.00162,0.162,False,0,stable prefix is read from cache
stable-system-50-calls,stable-system-50-calls-luna-comparison,comparison,luna,18,18,model_roundtrip,0,51000,0,51000,500,200000,short,0.2,0.02,0.25,1.2,0.0,0.00102,0.0,0.0006,0.00162,0.162,False,0,stable prefix is read from cache
stable-system-50-calls,stable-system-50-calls-luna-comparison,comparison,luna,19,19,model_roundtrip,0,51000,0,51000,500,200000,short,0.2,0.02,0.25,1.2,0.0,0.00102,0.0,0.0006,0.00162,0.162,False,0,stable prefix is read from cache
stable-system-50-calls,stable-system-50-calls-luna-comparison,comparison,luna,20,20,model_roundtrip,0,51000,0,51000,500,200000,short,0.2,0.02,0.25,1.2,0.0,0.00102,0.0,0.0006,0.00162,0.162,False,0,stable prefix is read from cache
stable-system-50-calls,stable-system-50-calls-luna-comparison,comparison,luna,21,21,model_roundtrip,0,51000,0,51000,500,200000,short,0.2,0.02,0.25,1.2,0.0,0.00102,0.0,0.0006,0.00162,0.162,False,0,stable prefix is read from cache
stable-system-50-calls,stable-system-50-calls-luna-comparison,comparison,luna,22,22,model_roundtrip,0,51000,0,51000,500,200000,short,0.2,0.02,0.25,1.2,0.0,0.00102,0.0,0.0006,0.00162,0.162,False,0,stable prefix is read from cache
stable-system-50-calls,stable-system-50-calls-luna-comparison,comparison,luna,23,23,model_roundtrip,0,51000,0,51000,500,200000,short,0.2,0.02,0.25,1.2,0.0,0.00102,0.0,0.0006,0.00162,0.162,False,0,stable prefix is read from cache
stable-system-50-calls,stable-system-50-calls-luna-comparison,comparison,luna,24,24,model_roundtrip,0,51000,0,51000,500,200000,short,0.2,0.02,0.25,1.2,0.0,0.00102,0.0,0.0006,0.00162,0.162,False,0,stable prefix is read from cache
stable-system-50-calls,stable-system-50-calls-luna-comparison,comparison,luna,25,25,model_roundtrip,0,51000,0,51000,500,200000,short,0.2,0.02,0.25,1.2,0.0,0.00102,0.0,0.0006,0.00162,0.162,False,0,stable prefix is read from cache
stable-system-50-calls,stable-system-50-calls-luna-comparison,comparison,luna,26,26,model_roundtrip,0,51000,0,51000,500,200000,short,0.2,0.02,0.25,1.2,0.0,0.00102,0.0,0.0006,0.00162,0.162,False,0,stable prefix is read from cache
stable-system-50-calls,stable-system-50-calls-luna-comparison,comparison,luna,27,27,model_roundtrip,0,51000,0,51000,500,200000,short,0.2,0.02,0.25,1.2,0.0,0.00102,0.0,0.0006,0.00162,0.162,False,0,stable prefix is read from cache
stable-system-50-calls,stable-system-50-calls-luna-comparison,comparison,luna,28,28,model_roundtrip,0,51000,0,51000,500,200000,short,0.2,0.02,0.25,1.2,0.0,0.00102,0.0,0.0006,0.00162,0.162,False,0,stable prefix is read from cache
stable-system-50-calls,stable-system-50-calls-luna-comparison,comparison,luna,29,29,model_roundtrip,0,51000,0,51000,500,200000,short,0.2,0.02,0.25,1.2,0.0,0.00102,0.0,0.0006,0.00162,0.162,False,0,stable prefix is read from cache
stable-system-50-calls,stable-system-50-calls-luna-comparison,comparison,luna,30,30,model_roundtrip,0,51000,0,51000,500,200000,short,0.2,0.02,0.25,1.2,0.0,0.00102,0.0,0.0006,0.00162,0.162,False,0,stable prefix is read from cache
stable-system-50-calls,stable-system-50-calls-luna-comparison,comparison,luna,31,31,model_roundtrip,0,51000,0,51000,500,200000,short,0.2,0.02,0.25,1.2,0.0,0.00102,0.0,0.0006,0.00162,0.162,False,0,stable prefix is read from cache
stable-system-50-calls,stable-system-50-calls-luna-comparison,comparison,luna,32,32,model_roundtrip,0,51000,0,51000,500,200000,short,0.2,0.02,0.25,1.2,0.0,0.00102,0.0,0.0006,0.00162,0.162,False,0,stable prefix is read from cache
stable-system-50-calls,stable-system-50-calls-luna-comparison,comparison,luna,33,33,model_roundtrip,0,51000,0,51000,500,200000,short,0.2,0.02,0.25,1.2,0.0,0.00102,0.0,0.0006,0.00162,0.162,False,0,stable prefix is read from cache
stable-system-50-calls,stable-system-50-calls-luna-comparison,comparison,luna,34,34,model_roundtrip,0,51000,0,51000,500,200000,short,0.2,0.02,0.25,1.2,0.0,0.00102,0.0,0.0006,0.00162,0.162,False,0,stable prefix is read from cache
stable-system-50-calls,stable-system-50-calls-luna-comparison,comparison,luna,35,35,model_roundtrip,0,51000,0,51000,500,200000,short,0.2,0.02,0.25,1.2,0.0,0.00102,0.0,0.0006,0.00162,0.162,False,0,stable prefix is read from cache
stable-system-50-calls,stable-system-50-calls-luna-comparison,comparison,luna,36,36,model_roundtrip,0,51000,0,51000,500,200000,short,0.2,0.02,0.25,1.2,0.0,0.00102,0.0,0.0006,0.00162,0.162,False,0,stable prefix is read from cache
stable-system-50-calls,stable-system-50-calls-luna-comparison,comparison,luna,37,37,model_roundtrip,0,51000,0,51000,500,200000,short,0.2,0.02,0.25,1.2,0.0,0.00102,0.0,0.0006,0.00162,0.162,False,0,stable prefix is read from cache
stable-system-50-calls,stable-system-50-calls-luna-comparison,comparison,luna,38,38,model_roundtrip,0,51000,0,51000,500,200000,short,0.2,0.02,0.25,1.2,0.0,0.00102,0.0,0.0006,0.00162,0.162,False,0,stable prefix is read from cache
stable-system-50-calls,stable-system-50-calls-luna-comparison,comparison,luna,39,39,model_roundtrip,0,51000,0,51000,500,200000,short,0.2,0.02,0.25,1.2,0.0,0.00102,0.0,0.0006,0.00162,0.162,False,0,stable prefix is read from cache
stable-system-50-calls,stable-system-50-calls-luna-comparison,comparison,luna,40,40,model_roundtrip,0,51000,0,51000,500,200000,short,0.2,0.02,0.25,1.2,0.0,0.00102,0.0,0.0006,0.00162,0.162,False,0,stable prefix is read from cache
stable-system-50-calls,stable-system-50-calls-luna-comparison,comparison,luna,41,41,model_roundtrip,0,51000,0,51000,500,200000,short,0.2,0.02,0.25,1.2,0.0,0.00102,0.0,0.0006,0.00162,0.162,False,0,stable prefix is read from cache
stable-system-50-calls,stable-system-50-calls-luna-comparison,comparison,luna,42,42,model_roundtrip,0,51000,0,51000,500,200000,short,0.2,0.02,0.25,1.2,0.0,0.00102,0.0,0.0006,0.00162,0.162,False,0,stable prefix is read from cache
stable-system-50-calls,stable-system-50-calls-luna-comparison,comparison,luna,43,43,model_roundtrip,0,51000,0,51000,500,200000,short,0.2,0.02,0.25,1.2,0.0,0.00102,0.0,0.0006,0.00162,0.162,False,0,stable prefix is read from cache
stable-system-50-calls,stable-system-50-calls-luna-comparison,comparison,luna,44,44,model_roundtrip,0,51000,0,51000,500,200000,short,0.2,0.02,0.25,1.2,0.0,0.00102,0.0,0.0006,0.00162,0.162,False,0,stable prefix is read from cache
stable-system-50-calls,stable-system-50-calls-luna-comparison,comparison,luna,45,45,model_roundtrip,0,51000,0,51000,500,200000,short,0.2,0.02,0.25,1.2,0.0,0.00102,0.0,0.0006,0.00162,0.162,False,0,stable prefix is read from cache
stable-system-50-calls,stable-system-50-calls-luna-comparison,comparison,luna,46,46,model_roundtrip,0,51000,0,51000,500,200000,short,0.2,0.02,0.25,1.2,0.0,0.00102,0.0,0.0006,0.00162,0.162,False,0,stable prefix is read from cache
stable-system-50-calls,stable-system-50-calls-luna-comparison,comparison,luna,47,47,model_roundtrip,0,51000,0,51000,500,200000,short,0.2,0.02,0.25,1.2,0.0,0.00102,0.0,0.0006,0.00162,0.162,False,0,stable prefix is read from cache
stable-system-50-calls,stable-system-50-calls-luna-comparison,comparison,luna,48,48,model_roundtrip,0,51000,0,51000,500,200000,short,0.2,0.02,0.25,1.2,0.0,0.00102,0.0,0.0006,0.00162,0.162,False,0,stable prefix is read from cache
stable-system-50-calls,stable-system-50-calls-luna-comparison,comparison,luna,49,49,model_roundtrip,0,51000,0,51000,500,200000,short,0.2,0.02,0.25,1.2,0.0,0.00102,0.0,0.0006,0.00162,0.162,False,0,stable prefix is read from cache
stable-system-50-calls,stable-system-50-calls-luna-comparison,comparison,luna,50,50,model_roundtrip,0,51000,0,51000,500,200000,short,0.2,0.02,0.25,1.2,0.0,0.00102,0.0,0.0006,0.00162,0.162,False,0,stable prefix is read from cache
stable-system-50-calls,stable-system-50-calls-terra-baseline,baseline,terra,1,1,model_roundtrip,0,0,50000,50000,500,272000,short,2.0,0.2,2.5,12.0,0.0,0.0,0.125,0.006,0.131,13.1,False,0,first stable prefix is written to cache
stable-system-50-calls,stable-system-50-calls-terra-baseline,baseline,terra,2,2,model_roundtrip,0,50000,0,50000,500,272000,short,2.0,0.2,2.5,12.0,0.0,0.01,0.0,0.006,0.016,1.6,False,0,stable prefix is read from cache
stable-system-50-calls,stable-system-50-calls-terra-baseline,baseline,terra,3,3,model_roundtrip,0,50000,0,50000,500,272000,short,2.0,0.2,2.5,12.0,0.0,0.01,0.0,0.006,0.016,1.6,False,0,stable prefix is read from cache
stable-system-50-calls,stable-system-50-calls-terra-baseline,baseline,terra,4,4,model_roundtrip,0,50000,0,50000,500,272000,short,2.0,0.2,2.5,12.0,0.0,0.01,0.0,0.006,0.016,1.6,False,0,stable prefix is read from cache
stable-system-50-calls,stable-system-50-calls-terra-baseline,baseline,terra,5,5,model_roundtrip,0,50000,0,50000,500,272000,short,2.0,0.2,2.5,12.0,0.0,0.01,0.0,0.006,0.016,1.6,False,0,stable prefix is read from cache
stable-system-50-calls,stable-system-50-calls-terra-baseline,baseline,terra,6,6,model_roundtrip,0,50000,0,50000,500,272000,short,2.0,0.2,2.5,12.0,0.0,0.01,0.0,0.006,0.016,1.6,False,0,stable prefix is read from cache
stable-system-50-calls,stable-system-50-calls-terra-baseline,baseline,terra,7,7,model_roundtrip,0,50000,0,50000,500,272000,short,2.0,0.2,2.5,12.0,0.0,0.01,0.0,0.006,0.016,1.6,False,0,stable prefix is read from cache
stable-system-50-calls,stable-system-50-calls-terra-baseline,baseline,terra,8,8,model_roundtrip,0,50000,0,50000,500,272000,short,2.0,0.2,2.5,12.0,0.0,0.01,0.0,0.006,0.016,1.6,False,0,stable prefix is read from cache
stable-system-50-calls,stable-system-50-calls-terra-baseline,baseline,terra,9,9,model_roundtrip,0,50000,0,50000,500,272000,short,2.0,0.2,2.5,12.0,0.0,0.01,0.0,0.006,0.016,1.6,False,0,stable prefix is read from cache
stable-system-50-calls,stable-system-50-calls-terra-baseline,baseline,terra,10,10,model_roundtrip,0,50000,0,50000,500,272000,short,2.0,0.2,2.5,12.0,0.0,0.01,0.0,0.006,0.016,1.6,False,0,stable prefix is read from cache
stable-system-50-calls,stable-system-50-calls-terra-baseline,baseline,terra,11,11,model_roundtrip,0,50000,0,50000,500,272000,short,2.0,0.2,2.5,12.0,0.0,0.01,0.0,0.006,0.016,1.6,False,0,stable prefix is read from cache
stable-system-50-calls,stable-system-50-calls-terra-baseline,baseline,terra,12,12,model_roundtrip,0,50000,0,50000,500,272000,short,2.0,0.2,2.5,12.0,0.0,0.01,0.0,0.006,0.016,1.6,False,0,stable prefix is read from cache
stable-system-50-calls,stable-system-50-calls-terra-baseline,baseline,terra,13,13,model_roundtrip,0,50000,0,50000,500,272000,short,2.0,0.2,2.5,12.0,0.0,0.01,0.0,0.006,0.016,1.6,False,0,stable prefix is read from cache
stable-system-50-calls,stable-system-50-calls-terra-baseline,baseline,terra,14,14,model_roundtrip,0,50000,0,50000,500,272000,short,2.0,0.2,2.5,12.0,0.0,0.01,0.0,0.006,0.016,1.6,False,0,stable prefix is read from cache
stable-system-50-calls,stable-system-50-calls-terra-baseline,baseline,terra,15,15,model_roundtrip,0,50000,0,50000,500,272000,short,2.0,0.2,2.5,12.0,0.0,0.01,0.0,0.006,0.016,1.6,False,0,stable prefix is read from cache
stable-system-50-calls,stable-system-50-calls-terra-baseline,baseline,terra,16,16,model_roundtrip,0,50000,0,50000,500,272000,short,2.0,0.2,2.5,12.0,0.0,0.01,0.0,0.006,0.016,1.6,False,0,stable prefix is read from cache
stable-system-50-calls,stable-system-50-calls-terra-baseline,baseline,terra,17,17,model_roundtrip,0,50000,0,50000,500,272000,short,2.0,0.2,2.5,12.0,0.0,0.01,0.0,0.006,0.016,1.6,False,0,stable prefix is read from cache
stable-system-50-calls,stable-system-50-calls-terra-baseline,baseline,terra,18,18,model_roundtrip,0,50000,0,50000,500,272000,short,2.0,0.2,2.5,12.0,0.0,0.01,0.0,0.006,0.016,1.6,False,0,stable prefix is read from cache
stable-system-50-calls,stable-system-50-calls-terra-baseline,baseline,terra,19,19,model_roundtrip,0,50000,0,50000,500,272000,short,2.0,0.2,2.5,12.0,0.0,0.01,0.0,0.006,0.016,1.6,False,0,stable prefix is read from cache
stable-system-50-calls,stable-system-50-calls-terra-baseline,baseline,terra,20,20,model_roundtrip,0,50000,0,50000,500,272000,short,2.0,0.2,2.5,12.0,0.0,0.01,0.0,0.006,0.016,1.6,False,0,stable prefix is read from cache
stable-system-50-calls,stable-system-50-calls-terra-baseline,baseline,terra,21,21,model_roundtrip,0,50000,0,50000,500,272000,short,2.0,0.2,2.5,12.0,0.0,0.01,0.0,0.006,0.016,1.6,False,0,stable prefix is read from cache
stable-system-50-calls,stable-system-50-calls-terra-baseline,baseline,terra,22,22,model_roundtrip,0,50000,0,50000,500,272000,short,2.0,0.2,2.5,12.0,0.0,0.01,0.0,0.006,0.016,1.6,False,0,stable prefix is read from cache
stable-system-50-calls,stable-system-50-calls-terra-baseline,baseline,terra,23,23,model_roundtrip,0,50000,0,50000,500,272000,short,2.0,0.2,2.5,12.0,0.0,0.01,0.0,0.006,0.016,1.6,False,0,stable prefix is read from cache
stable-system-50-calls,stable-system-50-calls-terra-baseline,baseline,terra,24,24,model_roundtrip,0,50000,0,50000,500,272000,short,2.0,0.2,2.5,12.0,0.0,0.01,0.0,0.006,0.016,1.6,False,0,stable prefix is read from cache
stable-system-50-calls,stable-system-50-calls-terra-baseline,baseline,terra,25,25,model_roundtrip,0,50000,0,50000,500,272000,short,2.0,0.2,2.5,12.0,0.0,0.01,0.0,0.006,0.016,1.6,False,0,stable prefix is read from cache
stable-system-50-calls,stable-system-50-calls-terra-baseline,baseline,terra,26,26,model_roundtrip,0,50000,0,50000,500,272000,short,2.0,0.2,2.5,12.0,0.0,0.01,0.0,0.006,0.016,1.6,False,0,stable prefix is read from cache
stable-system-50-calls,stable-system-50-calls-terra-baseline,baseline,terra,27,27,model_roundtrip,0,50000,0,50000,500,272000,short,2.0,0.2,2.5,12.0,0.0,0.01,0.0,0.006,0.016,1.6,False,0,stable prefix is read from cache
stable-system-50-calls,stable-system-50-calls-terra-baseline,baseline,terra,28,28,model_roundtrip,0,50000,0,50000,500,272000,short,2.0,0.2,2.5,12.0,0.0,0.01,0.0,0.006,0.016,1.6,False,0,stable prefix is read from cache
stable-system-50-calls,stable-system-50-calls-terra-baseline,baseline,terra,29,29,model_roundtrip,0,50000,0,50000,500,272000,short,2.0,0.2,2.5,12.0,0.0,0.01,0.0,0.006,0.016,1.6,False,0,stable prefix is read from cache
stable-system-50-calls,stable-system-50-calls-terra-baseline,baseline,terra,30,30,model_roundtrip,0,50000,0,50000,500,272000,short,2.0,0.2,2.5,12.0,0.0,0.01,0.0,0.006,0.016,1.6,False,0,stable prefix is read from cache
stable-system-50-calls,stable-system-50-calls-terra-baseline,baseline,terra,31,31,model_roundtrip,0,50000,0,50000,500,272000,short,2.0,0.2,2.5,12.0,0.0,0.01,0.0,0.006,0.016,1.6,False,0,stable prefix is read from cache
stable-system-50-calls,stable-system-50-calls-terra-baseline,baseline,terra,32,32,model_roundtrip,0,50000,0,50000,500,272000,short,2.0,0.2,2.5,12.0,0.0,0.01,0.0,0.006,0.016,1.6,False,0,stable prefix is read from cache
stable-system-50-calls,stable-system-50-calls-terra-baseline,baseline,terra,33,33,model_roundtrip,0,50000,0,50000,500,272000,short,2.0,0.2,2.5,12.0,0.0,0.01,0.0,0.006,0.016,1.6,False,0,stable prefix is read from cache
stable-system-50-calls,stable-system-50-calls-terra-baseline,baseline,terra,34,34,model_roundtrip,0,50000,0,50000,500,272000,short,2.0,0.2,2.5,12.0,0.0,0.01,0.0,0.006,0.016,1.6,False,0,stable prefix is read from cache
stable-system-50-calls,stable-system-50-calls-terra-baseline,baseline,terra,35,35,model_roundtrip,0,50000,0,50000,500,272000,short,2.0,0.2,2.5,12.0,0.0,0.01,0.0,0.006,0.016,1.6,False,0,stable prefix is read from cache
stable-system-50-calls,stable-system-50-calls-terra-baseline,baseline,terra,36,36,model_roundtrip,0,50000,0,50000,500,272000,short,2.0,0.2,2.5,12.0,0.0,0.01,0.0,0.006,0.016,1.6,False,0,stable prefix is read from cache
stable-system-50-calls,stable-system-50-calls-terra-baseline,baseline,terra,37,37,model_roundtrip,0,50000,0,50000,500,272000,short,2.0,0.2,2.5,12.0,0.0,0.01,0.0,0.006,0.016,1.6,False,0,stable prefix is read from cache
stable-system-50-calls,stable-system-50-calls-terra-baseline,baseline,terra,38,38,model_roundtrip,0,50000,0,50000,500,272000,short,2.0,0.2,2.5,12.0,0.0,0.01,0.0,0.006,0.016,1.6,False,0,stable prefix is read from cache
stable-system-50-calls,stable-system-50-calls-terra-baseline,baseline,terra,39,39,model_roundtrip,0,50000,0,50000,500,272000,short,2.0,0.2,2.5,12.0,0.0,0.01,0.0,0.006,0.016,1.6,False,0,stable prefix is read from cache
stable-system-50-calls,stable-system-50-calls-terra-baseline,baseline,terra,40,40,model_roundtrip,0,50000,0,50000,500,272000,short,2.0,0.2,2.5,12.0,0.0,0.01,0.0,0.006,0.016,1.6,False,0,stable prefix is read from cache
stable-system-50-calls,stable-system-50-calls-terra-baseline,baseline,terra,41,41,model_roundtrip,0,50000,0,50000,500,272000,short,2.0,0.2,2.5,12.0,0.0,0.01,0.0,0.006,0.016,1.6,False,0,stable prefix is read from cache
stable-system-50-calls,stable-system-50-calls-terra-baseline,baseline,terra,42,42,model_roundtrip,0,50000,0,50000,500,272000,short,2.0,0.2,2.5,12.0,0.0,0.01,0.0,0.006,0.016,1.6,False,0,stable prefix is read from cache
stable-system-50-calls,stable-system-50-calls-terra-baseline,baseline,terra,43,43,model_roundtrip,0,50000,0,50000,500,272000,short,2.0,0.2,2.5,12.0,0.0,0.01,0.0,0.006,0.016,1.6,False,0,stable prefix is read from cache
stable-system-50-calls,stable-system-50-calls-terra-baseline,baseline,terra,44,44,model_roundtrip,0,50000,0,50000,500,272000,short,2.0,0.2,2.5,12.0,0.0,0.01,0.0,0.006,0.016,1.6,False,0,stable prefix is read from cache
stable-system-50-calls,stable-system-50-calls-terra-baseline,baseline,terra,45,45,model_roundtrip,0,50000,0,50000,500,272000,short,2.0,0.2,2.5,12.0,0.0,0.01,0.0,0.006,0.016,1.6,False,0,stable prefix is read from cache
stable-system-50-calls,stable-system-50-calls-terra-baseline,baseline,terra,46,46,model_roundtrip,0,50000,0,50000,500,272000,short,2.0,0.2,2.5,12.0,0.0,0.01,0.0,0.006,0.016,1.6,False,0,stable prefix is read from cache
stable-system-50-calls,stable-system-50-calls-terra-baseline,baseline,terra,47,47,model_roundtrip,0,50000,0,50000,500,272000,short,2.0,0.2,2.5,12.0,0.0,0.01,0.0,0.006,0.016,1.6,False,0,stable prefix is read from cache
stable-system-50-calls,stable-system-50-calls-terra-baseline,baseline,terra,48,48,model_roundtrip,0,50000,0,50000,500,272000,short,2.0,0.2,2.5,12.0,0.0,0.01,0.0,0.006,0.016,1.6,False,0,stable prefix is read from cache
stable-system-50-calls,stable-system-50-calls-terra-baseline,baseline,terra,49,49,model_roundtrip,0,50000,0,50000,500,272000,short,2.0,0.2,2.5,12.0,0.0,0.01,0.0,0.006,0.016,1.6,False,0,stable prefix is read from cache
stable-system-50-calls,stable-system-50-calls-terra-baseline,baseline,terra,50,50,model_roundtrip,0,50000,0,50000,500,272000,short,2.0,0.2,2.5,12.0,0.0,0.01,0.0,0.006,0.016,1.6,False,0,stable prefix is read from cache
stable-system-50-calls,stable-system-50-calls-terra-comparison,comparison,terra,1,1,model_roundtrip,0,0,51000,51000,500,272000,short,2.0,0.2,2.5,12.0,0.0,0.0,0.1275,0.006,0.1335,13.35,False,0,first stable prefix is written to cache
stable-system-50-calls,stable-system-50-calls-terra-comparison,comparison,terra,2,2,model_roundtrip,0,51000,0,51000,500,272000,short,2.0,0.2,2.5,12.0,0.0,0.0102,0.0,0.006,0.0162,1.62,False,0,stable prefix is read from cache
stable-system-50-calls,stable-system-50-calls-terra-comparison,comparison,terra,3,3,model_roundtrip,0,51000,0,51000,500,272000,short,2.0,0.2,2.5,12.0,0.0,0.0102,0.0,0.006,0.0162,1.62,False,0,stable prefix is read from cache
stable-system-50-calls,stable-system-50-calls-terra-comparison,comparison,terra,4,4,model_roundtrip,0,51000,0,51000,500,272000,short,2.0,0.2,2.5,12.0,0.0,0.0102,0.0,0.006,0.0162,1.62,False,0,stable prefix is read from cache
stable-system-50-calls,stable-system-50-calls-terra-comparison,comparison,terra,5,5,model_roundtrip,0,51000,0,51000,500,272000,short,2.0,0.2,2.5,12.0,0.0,0.0102,0.0,0.006,0.0162,1.62,False,0,stable prefix is read from cache
stable-system-50-calls,stable-system-50-calls-terra-comparison,comparison,terra,6,6,model_roundtrip,0,51000,0,51000,500,272000,short,2.0,0.2,2.5,12.0,0.0,0.0102,0.0,0.006,0.0162,1.62,False,0,stable prefix is read from cache
stable-system-50-calls,stable-system-50-calls-terra-comparison,comparison,terra,7,7,model_roundtrip,0,51000,0,51000,500,272000,short,2.0,0.2,2.5,12.0,0.0,0.0102,0.0,0.006,0.0162,1.62,False,0,stable prefix is read from cache
stable-system-50-calls,stable-system-50-calls-terra-comparison,comparison,terra,8,8,model_roundtrip,0,51000,0,51000,500,272000,short,2.0,0.2,2.5,12.0,0.0,0.0102,0.0,0.006,0.0162,1.62,False,0,stable prefix is read from cache
stable-system-50-calls,stable-system-50-calls-terra-comparison,comparison,terra,9,9,model_roundtrip,0,51000,0,51000,500,272000,short,2.0,0.2,2.5,12.0,0.0,0.0102,0.0,0.006,0.0162,1.62,False,0,stable prefix is read from cache
stable-system-50-calls,stable-system-50-calls-terra-comparison,comparison,terra,10,10,model_roundtrip,0,51000,0,51000,500,272000,short,2.0,0.2,2.5,12.0,0.0,0.0102,0.0,0.006,0.0162,1.62,False,0,stable prefix is read from cache
stable-system-50-calls,stable-system-50-calls-terra-comparison,comparison,terra,11,11,model_roundtrip,0,51000,0,51000,500,272000,short,2.0,0.2,2.5,12.0,0.0,0.0102,0.0,0.006,0.0162,1.62,False,0,stable prefix is read from cache
stable-system-50-calls,stable-system-50-calls-terra-comparison,comparison,terra,12,12,model_roundtrip,0,51000,0,51000,500,272000,short,2.0,0.2,2.5,12.0,0.0,0.0102,0.0,0.006,0.0162,1.62,False,0,stable prefix is read from cache
stable-system-50-calls,stable-system-50-calls-terra-comparison,comparison,terra,13,13,model_roundtrip,0,51000,0,51000,500,272000,short,2.0,0.2,2.5,12.0,0.0,0.0102,0.0,0.006,0.0162,1.62,False,0,stable prefix is read from cache
stable-system-50-calls,stable-system-50-calls-terra-comparison,comparison,terra,14,14,model_roundtrip,0,51000,0,51000,500,272000,short,2.0,0.2,2.5,12.0,0.0,0.0102,0.0,0.006,0.0162,1.62,False,0,stable prefix is read from cache
stable-system-50-calls,stable-system-50-calls-terra-comparison,comparison,terra,15,15,model_roundtrip,0,51000,0,51000,500,272000,short,2.0,0.2,2.5,12.0,0.0,0.0102,0.0,0.006,0.0162,1.62,False,0,stable prefix is read from cache
stable-system-50-calls,stable-system-50-calls-terra-comparison,comparison,terra,16,16,model_roundtrip,0,51000,0,51000,500,272000,short,2.0,0.2,2.5,12.0,0.0,0.0102,0.0,0.006,0.0162,1.62,False,0,stable prefix is read from cache
stable-system-50-calls,stable-system-50-calls-terra-comparison,comparison,terra,17,17,model_roundtrip,0,51000,0,51000,500,272000,short,2.0,0.2,2.5,12.0,0.0,0.0102,0.0,0.006,0.0162,1.62,False,0,stable prefix is read from cache
stable-system-50-calls,stable-system-50-calls-terra-comparison,comparison,terra,18,18,model_roundtrip,0,51000,0,51000,500,272000,short,2.0,0.2,2.5,12.0,0.0,0.0102,0.0,0.006,0.0162,1.62,False,0,stable prefix is read from cache
stable-system-50-calls,stable-system-50-calls-terra-comparison,comparison,terra,19,19,model_roundtrip,0,51000,0,51000,500,272000,short,2.0,0.2,2.5,12.0,0.0,0.0102,0.0,0.006,0.0162,1.62,False,0,stable prefix is read from cache
stable-system-50-calls,stable-system-50-calls-terra-comparison,comparison,terra,20,20,model_roundtrip,0,51000,0,51000,500,272000,short,2.0,0.2,2.5,12.0,0.0,0.0102,0.0,0.006,0.0162,1.62,False,0,stable prefix is read from cache
stable-system-50-calls,stable-system-50-calls-terra-comparison,comparison,terra,21,21,model_roundtrip,0,51000,0,51000,500,272000,short,2.0,0.2,2.5,12.0,0.0,0.0102,0.0,0.006,0.0162,1.62,False,0,stable prefix is read from cache
stable-system-50-calls,stable-system-50-calls-terra-comparison,comparison,terra,22,22,model_roundtrip,0,51000,0,51000,500,272000,short,2.0,0.2,2.5,12.0,0.0,0.0102,0.0,0.006,0.0162,1.62,False,0,stable prefix is read from cache
stable-system-50-calls,stable-system-50-calls-terra-comparison,comparison,terra,23,23,model_roundtrip,0,51000,0,51000,500,272000,short,2.0,0.2,2.5,12.0,0.0,0.0102,0.0,0.006,0.0162,1.62,False,0,stable prefix is read from cache
stable-system-50-calls,stable-system-50-calls-terra-comparison,comparison,terra,24,24,model_roundtrip,0,51000,0,51000,500,272000,short,2.0,0.2,2.5,12.0,0.0,0.0102,0.0,0.006,0.0162,1.62,False,0,stable prefix is read from cache
stable-system-50-calls,stable-system-50-calls-terra-comparison,comparison,terra,25,25,model_roundtrip,0,51000,0,51000,500,272000,short,2.0,0.2,2.5,12.0,0.0,0.0102,0.0,0.006,0.0162,1.62,False,0,stable prefix is read from cache
stable-system-50-calls,stable-system-50-calls-terra-comparison,comparison,terra,26,26,model_roundtrip,0,51000,0,51000,500,272000,short,2.0,0.2,2.5,12.0,0.0,0.0102,0.0,0.006,0.0162,1.62,False,0,stable prefix is read from cache
stable-system-50-calls,stable-system-50-calls-terra-comparison,comparison,terra,27,27,model_roundtrip,0,51000,0,51000,500,272000,short,2.0,0.2,2.5,12.0,0.0,0.0102,0.0,0.006,0.0162,1.62,False,0,stable prefix is read from cache
stable-system-50-calls,stable-system-50-calls-terra-comparison,comparison,terra,28,28,model_roundtrip,0,51000,0,51000,500,272000,short,2.0,0.2,2.5,12.0,0.0,0.0102,0.0,0.006,0.0162,1.62,False,0,stable prefix is read from cache
stable-system-50-calls,stable-system-50-calls-terra-comparison,comparison,terra,29,29,model_roundtrip,0,51000,0,51000,500,272000,short,2.0,0.2,2.5,12.0,0.0,0.0102,0.0,0.006,0.0162,1.62,False,0,stable prefix is read from cache
stable-system-50-calls,stable-system-50-calls-terra-comparison,comparison,terra,30,30,model_roundtrip,0,51000,0,51000,500,272000,short,2.0,0.2,2.5,12.0,0.0,0.0102,0.0,0.006,0.0162,1.62,False,0,stable prefix is read from cache
stable-system-50-calls,stable-system-50-calls-terra-comparison,comparison,terra,31,31,model_roundtrip,0,51000,0,51000,500,272000,short,2.0,0.2,2.5,12.0,0.0,0.0102,0.0,0.006,0.0162,1.62,False,0,stable prefix is read from cache
stable-system-50-calls,stable-system-50-calls-terra-comparison,comparison,terra,32,32,model_roundtrip,0,51000,0,51000,500,272000,short,2.0,0.2,2.5,12.0,0.0,0.0102,0.0,0.006,0.0162,1.62,False,0,stable prefix is read from cache
stable-system-50-calls,stable-system-50-calls-terra-comparison,comparison,terra,33,33,model_roundtrip,0,51000,0,51000,500,272000,short,2.0,0.2,2.5,12.0,0.0,0.0102,0.0,0.006,0.0162,1.62,False,0,stable prefix is read from cache
stable-system-50-calls,stable-system-50-calls-terra-comparison,comparison,terra,34,34,model_roundtrip,0,51000,0,51000,500,272000,short,2.0,0.2,2.5,12.0,0.0,0.0102,0.0,0.006,0.0162,1.62,False,0,stable prefix is read from cache
stable-system-50-calls,stable-system-50-calls-terra-comparison,comparison,terra,35,35,model_roundtrip,0,51000,0,51000,500,272000,short,2.0,0.2,2.5,12.0,0.0,0.0102,0.0,0.006,0.0162,1.62,False,0,stable prefix is read from cache
stable-system-50-calls,stable-system-50-calls-terra-comparison,comparison,terra,36,36,model_roundtrip,0,51000,0,51000,500,272000,short,2.0,0.2,2.5,12.0,0.0,0.0102,0.0,0.006,0.0162,1.62,False,0,stable prefix is read from cache
stable-system-50-calls,stable-system-50-calls-terra-comparison,comparison,terra,37,37,model_roundtrip,0,51000,0,51000,500,272000,short,2.0,0.2,2.5,12.0,0.0,0.0102,0.0,0.006,0.0162,1.62,False,0,stable prefix is read from cache
stable-system-50-calls,stable-system-50-calls-terra-comparison,comparison,terra,38,38,model_roundtrip,0,51000,0,51000,500,272000,short,2.0,0.2,2.5,12.0,0.0,0.0102,0.0,0.006,0.0162,1.62,False,0,stable prefix is read from cache
stable-system-50-calls,stable-system-50-calls-terra-comparison,comparison,terra,39,39,model_roundtrip,0,51000,0,51000,500,272000,short,2.0,0.2,2.5,12.0,0.0,0.0102,0.0,0.006,0.0162,1.62,False,0,stable prefix is read from cache
stable-system-50-calls,stable-system-50-calls-terra-comparison,comparison,terra,40,40,model_roundtrip,0,51000,0,51000,500,272000,short,2.0,0.2,2.5,12.0,0.0,0.0102,0.0,0.006,0.0162,1.62,False,0,stable prefix is read from cache
stable-system-50-calls,stable-system-50-calls-terra-comparison,comparison,terra,41,41,model_roundtrip,0,51000,0,51000,500,272000,short,2.0,0.2,2.5,12.0,0.0,0.0102,0.0,0.006,0.0162,1.62,False,0,stable prefix is read from cache
stable-system-50-calls,stable-system-50-calls-terra-comparison,comparison,terra,42,42,model_roundtrip,0,51000,0,51000,500,272000,short,2.0,0.2,2.5,12.0,0.0,0.0102,0.0,0.006,0.0162,1.62,False,0,stable prefix is read from cache
stable-system-50-calls,stable-system-50-calls-terra-comparison,comparison,terra,43,43,model_roundtrip,0,51000,0,51000,500,272000,short,2.0,0.2,2.5,12.0,0.0,0.0102,0.0,0.006,0.0162,1.62,False,0,stable prefix is read from cache
stable-system-50-calls,stable-system-50-calls-terra-comparison,comparison,terra,44,44,model_roundtrip,0,51000,0,51000,500,272000,short,2.0,0.2,2.5,12.0,0.0,0.0102,0.0,0.006,0.0162,1.62,False,0,stable prefix is read from cache
stable-system-50-calls,stable-system-50-calls-terra-comparison,comparison,terra,45,45,model_roundtrip,0,51000,0,51000,500,272000,short,2.0,0.2,2.5,12.0,0.0,0.0102,0.0,0.006,0.0162,1.62,False,0,stable prefix is read from cache
stable-system-50-calls,stable-system-50-calls-terra-comparison,comparison,terra,46,46,model_roundtrip,0,51000,0,51000,500,272000,short,2.0,0.2,2.5,12.0,0.0,0.0102,0.0,0.006,0.0162,1.62,False,0,stable prefix is read from cache
stable-system-50-calls,stable-system-50-calls-terra-comparison,comparison,terra,47,47,model_roundtrip,0,51000,0,51000,500,272000,short,2.0,0.2,2.5,12.0,0.0,0.0102,0.0,0.006,0.0162,1.62,False,0,stable prefix is read from cache
stable-system-50-calls,stable-system-50-calls-terra-comparison,comparison,terra,48,48,model_roundtrip,0,51000,0,51000,500,272000,short,2.0,0.2,2.5,12.0,0.0,0.0102,0.0,0.006,0.0162,1.62,False,0,stable prefix is read from cache
stable-system-50-calls,stable-system-50-calls-terra-comparison,comparison,terra,49,49,model_roundtrip,0,51000,0,51000,500,272000,short,2.0,0.2,2.5,12.0,0.0,0.0102,0.0,0.006,0.0162,1.62,False,0,stable prefix is read from cache
stable-system-50-calls,stable-system-50-calls-terra-comparison,comparison,terra,50,50,model_roundtrip,0,51000,0,51000,500,272000,short,2.0,0.2,2.5,12.0,0.0,0.0102,0.0,0.006,0.0162,1.62,False,0,stable prefix is read from cache
stable-system-50-calls,stable-system-50-calls-sol-baseline,baseline,sol,1,1,model_roundtrip,0,0,50000,50000,500,272000,short,4.0,0.4,5.0,20.0,0.0,0.0,0.25,0.01,0.26,26.0,False,0,first stable prefix is written to cache
stable-system-50-calls,stable-system-50-calls-sol-baseline,baseline,sol,2,2,model_roundtrip,0,50000,0,50000,500,272000,short,4.0,0.4,5.0,20.0,0.0,0.02,0.0,0.01,0.03,3.0,False,0,stable prefix is read from cache
stable-system-50-calls,stable-system-50-calls-sol-baseline,baseline,sol,3,3,model_roundtrip,0,50000,0,50000,500,272000,short,4.0,0.4,5.0,20.0,0.0,0.02,0.0,0.01,0.03,3.0,False,0,stable prefix is read from cache
stable-system-50-calls,stable-system-50-calls-sol-baseline,baseline,sol,4,4,model_roundtrip,0,50000,0,50000,500,272000,short,4.0,0.4,5.0,20.0,0.0,0.02,0.0,0.01,0.03,3.0,False,0,stable prefix is read from cache
stable-system-50-calls,stable-system-50-calls-sol-baseline,baseline,sol,5,5,model_roundtrip,0,50000,0,50000,500,272000,short,4.0,0.4,5.0,20.0,0.0,0.02,0.0,0.01,0.03,3.0,False,0,stable prefix is read from cache
stable-system-50-calls,stable-system-50-calls-sol-baseline,baseline,sol,6,6,model_roundtrip,0,50000,0,50000,500,272000,short,4.0,0.4,5.0,20.0,0.0,0.02,0.0,0.01,0.03,3.0,False,0,stable prefix is read from cache
stable-system-50-calls,stable-system-50-calls-sol-baseline,baseline,sol,7,7,model_roundtrip,0,50000,0,50000,500,272000,short,4.0,0.4,5.0,20.0,0.0,0.02,0.0,0.01,0.03,3.0,False,0,stable prefix is read from cache
stable-system-50-calls,stable-system-50-calls-sol-baseline,baseline,sol,8,8,model_roundtrip,0,50000,0,50000,500,272000,short,4.0,0.4,5.0,20.0,0.0,0.02,0.0,0.01,0.03,3.0,False,0,stable prefix is read from cache
stable-system-50-calls,stable-system-50-calls-sol-baseline,baseline,sol,9,9,model_roundtrip,0,50000,0,50000,500,272000,short,4.0,0.4,5.0,20.0,0.0,0.02,0.0,0.01,0.03,3.0,False,0,stable prefix is read from cache
stable-system-50-calls,stable-system-50-calls-sol-baseline,baseline,sol,10,10,model_roundtrip,0,50000,0,50000,500,272000,short,4.0,0.4,5.0,20.0,0.0,0.02,0.0,0.01,0.03,3.0,False,0,stable prefix is read from cache
stable-system-50-calls,stable-system-50-calls-sol-baseline,baseline,sol,11,11,model_roundtrip,0,50000,0,50000,500,272000,short,4.0,0.4,5.0,20.0,0.0,0.02,0.0,0.01,0.03,3.0,False,0,stable prefix is read from cache
stable-system-50-calls,stable-system-50-calls-sol-baseline,baseline,sol,12,12,model_roundtrip,0,50000,0,50000,500,272000,short,4.0,0.4,5.0,20.0,0.0,0.02,0.0,0.01,0.03,3.0,False,0,stable prefix is read from cache
stable-system-50-calls,stable-system-50-calls-sol-baseline,baseline,sol,13,13,model_roundtrip,0,50000,0,50000,500,272000,short,4.0,0.4,5.0,20.0,0.0,0.02,0.0,0.01,0.03,3.0,False,0,stable prefix is read from cache
stable-system-50-calls,stable-system-50-calls-sol-baseline,baseline,sol,14,14,model_roundtrip,0,50000,0,50000,500,272000,short,4.0,0.4,5.0,20.0,0.0,0.02,0.0,0.01,0.03,3.0,False,0,stable prefix is read from cache
stable-system-50-calls,stable-system-50-calls-sol-baseline,baseline,sol,15,15,model_roundtrip,0,50000,0,50000,500,272000,short,4.0,0.4,5.0,20.0,0.0,0.02,0.0,0.01,0.03,3.0,False,0,stable prefix is read from cache
stable-system-50-calls,stable-system-50-calls-sol-baseline,baseline,sol,16,16,model_roundtrip,0,50000,0,50000,500,272000,short,4.0,0.4,5.0,20.0,0.0,0.02,0.0,0.01,0.03,3.0,False,0,stable prefix is read from cache
stable-system-50-calls,stable-system-50-calls-sol-baseline,baseline,sol,17,17,model_roundtrip,0,50000,0,50000,500,272000,short,4.0,0.4,5.0,20.0,0.0,0.02,0.0,0.01,0.03,3.0,False,0,stable prefix is read from cache
stable-system-50-calls,stable-system-50-calls-sol-baseline,baseline,sol,18,18,model_roundtrip,0,50000,0,50000,500,272000,short,4.0,0.4,5.0,20.0,0.0,0.02,0.0,0.01,0.03,3.0,False,0,stable prefix is read from cache
stable-system-50-calls,stable-system-50-calls-sol-baseline,baseline,sol,19,19,model_roundtrip,0,50000,0,50000,500,272000,short,4.0,0.4,5.0,20.0,0.0,0.02,0.0,0.01,0.03,3.0,False,0,stable prefix is read from cache
stable-system-50-calls,stable-system-50-calls-sol-baseline,baseline,sol,20,20,model_roundtrip,0,50000,0,50000,500,272000,short,4.0,0.4,5.0,20.0,0.0,0.02,0.0,0.01,0.03,3.0,False,0,stable prefix is read from cache
stable-system-50-calls,stable-system-50-calls-sol-baseline,baseline,sol,21,21,model_roundtrip,0,50000,0,50000,500,272000,short,4.0,0.4,5.0,20.0,0.0,0.02,0.0,0.01,0.03,3.0,False,0,stable prefix is read from cache
stable-system-50-calls,stable-system-50-calls-sol-baseline,baseline,sol,22,22,model_roundtrip,0,50000,0,50000,500,272000,short,4.0,0.4,5.0,20.0,0.0,0.02,0.0,0.01,0.03,3.0,False,0,stable prefix is read from cache
stable-system-50-calls,stable-system-50-calls-sol-baseline,baseline,sol,23,23,model_roundtrip,0,50000,0,50000,500,272000,short,4.0,0.4,5.0,20.0,0.0,0.02,0.0,0.01,0.03,3.0,False,0,stable prefix is read from cache
stable-system-50-calls,stable-system-50-calls-sol-baseline,baseline,sol,24,24,model_roundtrip,0,50000,0,50000,500,272000,short,4.0,0.4,5.0,20.0,0.0,0.02,0.0,0.01,0.03,3.0,False,0,stable prefix is read from cache
stable-system-50-calls,stable-system-50-calls-sol-baseline,baseline,sol,25,25,model_roundtrip,0,50000,0,50000,500,272000,short,4.0,0.4,5.0,20.0,0.0,0.02,0.0,0.01,0.03,3.0,False,0,stable prefix is read from cache
stable-system-50-calls,stable-system-50-calls-sol-baseline,baseline,sol,26,26,model_roundtrip,0,50000,0,50000,500,272000,short,4.0,0.4,5.0,20.0,0.0,0.02,0.0,0.01,0.03,3.0,False,0,stable prefix is read from cache
stable-system-50-calls,stable-system-50-calls-sol-baseline,baseline,sol,27,27,model_roundtrip,0,50000,0,50000,500,272000,short,4.0,0.4,5.0,20.0,0.0,0.02,0.0,0.01,0.03,3.0,False,0,stable prefix is read from cache
stable-system-50-calls,stable-system-50-calls-sol-baseline,baseline,sol,28,28,model_roundtrip,0,50000,0,50000,500,272000,short,4.0,0.4,5.0,20.0,0.0,0.02,0.0,0.01,0.03,3.0,False,0,stable prefix is read from cache
stable-system-50-calls,stable-system-50-calls-sol-baseline,baseline,sol,29,29,model_roundtrip,0,50000,0,50000,500,272000,short,4.0,0.4,5.0,20.0,0.0,0.02,0.0,0.01,0.03,3.0,False,0,stable prefix is read from cache
stable-system-50-calls,stable-system-50-calls-sol-baseline,baseline,sol,30,30,model_roundtrip,0,50000,0,50000,500,272000,short,4.0,0.4,5.0,20.0,0.0,0.02,0.0,0.01,0.03,3.0,False,0,stable prefix is read from cache
stable-system-50-calls,stable-system-50-calls-sol-baseline,baseline,sol,31,31,model_roundtrip,0,50000,0,50000,500,272000,short,4.0,0.4,5.0,20.0,0.0,0.02,0.0,0.01,0.03,3.0,False,0,stable prefix is read from cache
stable-system-50-calls,stable-system-50-calls-sol-baseline,baseline,sol,32,32,model_roundtrip,0,50000,0,50000,500,272000,short,4.0,0.4,5.0,20.0,0.0,0.02,0.0,0.01,0.03,3.0,False,0,stable prefix is read from cache
stable-system-50-calls,stable-system-50-calls-sol-baseline,baseline,sol,33,33,model_roundtrip,0,50000,0,50000,500,272000,short,4.0,0.4,5.0,20.0,0.0,0.02,0.0,0.01,0.03,3.0,False,0,stable prefix is read from cache
stable-system-50-calls,stable-system-50-calls-sol-baseline,baseline,sol,34,34,model_roundtrip,0,50000,0,50000,500,272000,short,4.0,0.4,5.0,20.0,0.0,0.02,0.0,0.01,0.03,3.0,False,0,stable prefix is read from cache
stable-system-50-calls,stable-system-50-calls-sol-baseline,baseline,sol,35,35,model_roundtrip,0,50000,0,50000,500,272000,short,4.0,0.4,5.0,20.0,0.0,0.02,0.0,0.01,0.03,3.0,False,0,stable prefix is read from cache
stable-system-50-calls,stable-system-50-calls-sol-baseline,baseline,sol,36,36,model_roundtrip,0,50000,0,50000,500,272000,short,4.0,0.4,5.0,20.0,0.0,0.02,0.0,0.01,0.03,3.0,False,0,stable prefix is read from cache
stable-system-50-calls,stable-system-50-calls-sol-baseline,baseline,sol,37,37,model_roundtrip,0,50000,0,50000,500,272000,short,4.0,0.4,5.0,20.0,0.0,0.02,0.0,0.01,0.03,3.0,False,0,stable prefix is read from cache
stable-system-50-calls,stable-system-50-calls-sol-baseline,baseline,sol,38,38,model_roundtrip,0,50000,0,50000,500,272000,short,4.0,0.4,5.0,20.0,0.0,0.02,0.0,0.01,0.03,3.0,False,0,stable prefix is read from cache
stable-system-50-calls,stable-system-50-calls-sol-baseline,baseline,sol,39,39,model_roundtrip,0,50000,0,50000,500,272000,short,4.0,0.4,5.0,20.0,0.0,0.02,0.0,0.01,0.03,3.0,False,0,stable prefix is read from cache
stable-system-50-calls,stable-system-50-calls-sol-baseline,baseline,sol,40,40,model_roundtrip,0,50000,0,50000,500,272000,short,4.0,0.4,5.0,20.0,0.0,0.02,0.0,0.01,0.03,3.0,False,0,stable prefix is read from cache
stable-system-50-calls,stable-system-50-calls-sol-baseline,baseline,sol,41,41,model_roundtrip,0,50000,0,50000,500,272000,short,4.0,0.4,5.0,20.0,0.0,0.02,0.0,0.01,0.03,3.0,False,0,stable prefix is read from cache
stable-system-50-calls,stable-system-50-calls-sol-baseline,baseline,sol,42,42,model_roundtrip,0,50000,0,50000,500,272000,short,4.0,0.4,5.0,20.0,0.0,0.02,0.0,0.01,0.03,3.0,False,0,stable prefix is read from cache
stable-system-50-calls,stable-system-50-calls-sol-baseline,baseline,sol,43,43,model_roundtrip,0,50000,0,50000,500,272000,short,4.0,0.4,5.0,20.0,0.0,0.02,0.0,0.01,0.03,3.0,False,0,stable prefix is read from cache
stable-system-50-calls,stable-system-50-calls-sol-baseline,baseline,sol,44,44,model_roundtrip,0,50000,0,50000,500,272000,short,4.0,0.4,5.0,20.0,0.0,0.02,0.0,0.01,0.03,3.0,False,0,stable prefix is read from cache
stable-system-50-calls,stable-system-50-calls-sol-baseline,baseline,sol,45,45,model_roundtrip,0,50000,0,50000,500,272000,short,4.0,0.4,5.0,20.0,0.0,0.02,0.0,0.01,0.03,3.0,False,0,stable prefix is read from cache
stable-system-50-calls,stable-system-50-calls-sol-baseline,baseline,sol,46,46,model_roundtrip,0,50000,0,50000,500,272000,short,4.0,0.4,5.0,20.0,0.0,0.02,0.0,0.01,0.03,3.0,False,0,stable prefix is read from cache
stable-system-50-calls,stable-system-50-calls-sol-baseline,baseline,sol,47,47,model_roundtrip,0,50000,0,50000,500,272000,short,4.0,0.4,5.0,20.0,0.0,0.02,0.0,0.01,0.03,3.0,False,0,stable prefix is read from cache
stable-system-50-calls,stable-system-50-calls-sol-baseline,baseline,sol,48,48,model_roundtrip,0,50000,0,50000,500,272000,short,4.0,0.4,5.0,20.0,0.0,0.02,0.0,0.01,0.03,3.0,False,0,stable prefix is read from cache
stable-system-50-calls,stable-system-50-calls-sol-baseline,baseline,sol,49,49,model_roundtrip,0,50000,0,50000,500,272000,short,4.0,0.4,5.0,20.0,0.0,0.02,0.0,0.01,0.03,3.0,False,0,stable prefix is read from cache
stable-system-50-calls,stable-system-50-calls-sol-baseline,baseline,sol,50,50,model_roundtrip,0,50000,0,50000,500,272000,short,4.0,0.4,5.0,20.0,0.0,0.02,0.0,0.01,0.03,3.0,False,0,stable prefix is read from cache
stable-system-50-calls,stable-system-50-calls-sol-comparison,comparison,sol,1,1,model_roundtrip,0,0,51000,51000,500,272000,short,4.0,0.4,5.0,20.0,0.0,0.0,0.255,0.01,0.265,26.5,False,0,first stable prefix is written to cache
stable-system-50-calls,stable-system-50-calls-sol-comparison,comparison,sol,2,2,model_roundtrip,0,51000,0,51000,500,272000,short,4.0,0.4,5.0,20.0,0.0,0.0204,0.0,0.01,0.0304,3.04,False,0,stable prefix is read from cache
stable-system-50-calls,stable-system-50-calls-sol-comparison,comparison,sol,3,3,model_roundtrip,0,51000,0,51000,500,272000,short,4.0,0.4,5.0,20.0,0.0,0.0204,0.0,0.01,0.0304,3.04,False,0,stable prefix is read from cache
stable-system-50-calls,stable-system-50-calls-sol-comparison,comparison,sol,4,4,model_roundtrip,0,51000,0,51000,500,272000,short,4.0,0.4,5.0,20.0,0.0,0.0204,0.0,0.01,0.0304,3.04,False,0,stable prefix is read from cache
stable-system-50-calls,stable-system-50-calls-sol-comparison,comparison,sol,5,5,model_roundtrip,0,51000,0,51000,500,272000,short,4.0,0.4,5.0,20.0,0.0,0.0204,0.0,0.01,0.0304,3.04,False,0,stable prefix is read from cache
stable-system-50-calls,stable-system-50-calls-sol-comparison,comparison,sol,6,6,model_roundtrip,0,51000,0,51000,500,272000,short,4.0,0.4,5.0,20.0,0.0,0.0204,0.0,0.01,0.0304,3.04,False,0,stable prefix is read from cache
stable-system-50-calls,stable-system-50-calls-sol-comparison,comparison,sol,7,7,model_roundtrip,0,51000,0,51000,500,272000,short,4.0,0.4,5.0,20.0,0.0,0.0204,0.0,0.01,0.0304,3.04,False,0,stable prefix is read from cache
stable-system-50-calls,stable-system-50-calls-sol-comparison,comparison,sol,8,8,model_roundtrip,0,51000,0,51000,500,272000,short,4.0,0.4,5.0,20.0,0.0,0.0204,0.0,0.01,0.0304,3.04,False,0,stable prefix is read from cache
stable-system-50-calls,stable-system-50-calls-sol-comparison,comparison,sol,9,9,model_roundtrip,0,51000,0,51000,500,272000,short,4.0,0.4,5.0,20.0,0.0,0.0204,0.0,0.01,0.0304,3.04,False,0,stable prefix is read from cache
stable-system-50-calls,stable-system-50-calls-sol-comparison,comparison,sol,10,10,model_roundtrip,0,51000,0,51000,500,272000,short,4.0,0.4,5.0,20.0,0.0,0.0204,0.0,0.01,0.0304,3.04,False,0,stable prefix is read from cache
stable-system-50-calls,stable-system-50-calls-sol-comparison,comparison,sol,11,11,model_roundtrip,0,51000,0,51000,500,272000,short,4.0,0.4,5.0,20.0,0.0,0.0204,0.0,0.01,0.0304,3.04,False,0,stable prefix is read from cache
stable-system-50-calls,stable-system-50-calls-sol-comparison,comparison,sol,12,12,model_roundtrip,0,51000,0,51000,500,272000,short,4.0,0.4,5.0,20.0,0.0,0.0204,0.0,0.01,0.0304,3.04,False,0,stable prefix is read from cache
stable-system-50-calls,stable-system-50-calls-sol-comparison,comparison,sol,13,13,model_roundtrip,0,51000,0,51000,500,272000,short,4.0,0.4,5.0,20.0,0.0,0.0204,0.0,0.01,0.0304,3.04,False,0,stable prefix is read from cache
stable-system-50-calls,stable-system-50-calls-sol-comparison,comparison,sol,14,14,model_roundtrip,0,51000,0,51000,500,272000,short,4.0,0.4,5.0,20.0,0.0,0.0204,0.0,0.01,0.0304,3.04,False,0,stable prefix is read from cache
stable-system-50-calls,stable-system-50-calls-sol-comparison,comparison,sol,15,15,model_roundtrip,0,51000,0,51000,500,272000,short,4.0,0.4,5.0,20.0,0.0,0.0204,0.0,0.01,0.0304,3.04,False,0,stable prefix is read from cache
stable-system-50-calls,stable-system-50-calls-sol-comparison,comparison,sol,16,16,model_roundtrip,0,51000,0,51000,500,272000,short,4.0,0.4,5.0,20.0,0.0,0.0204,0.0,0.01,0.0304,3.04,False,0,stable prefix is read from cache
stable-system-50-calls,stable-system-50-calls-sol-comparison,comparison,sol,17,17,model_roundtrip,0,51000,0,51000,500,272000,short,4.0,0.4,5.0,20.0,0.0,0.0204,0.0,0.01,0.0304,3.04,False,0,stable prefix is read from cache
stable-system-50-calls,stable-system-50-calls-sol-comparison,comparison,sol,18,18,model_roundtrip,0,51000,0,51000,500,272000,short,4.0,0.4,5.0,20.0,0.0,0.0204,0.0,0.01,0.0304,3.04,False,0,stable prefix is read from cache
stable-system-50-calls,stable-system-50-calls-sol-comparison,comparison,sol,19,19,model_roundtrip,0,51000,0,51000,500,272000,short,4.0,0.4,5.0,20.0,0.0,0.0204,0.0,0.01,0.0304,3.04,False,0,stable prefix is read from cache
stable-system-50-calls,stable-system-50-calls-sol-comparison,comparison,sol,20,20,model_roundtrip,0,51000,0,51000,500,272000,short,4.0,0.4,5.0,20.0,0.0,0.0204,0.0,0.01,0.0304,3.04,False,0,stable prefix is read from cache
stable-system-50-calls,stable-system-50-calls-sol-comparison,comparison,sol,21,21,model_roundtrip,0,51000,0,51000,500,272000,short,4.0,0.4,5.0,20.0,0.0,0.0204,0.0,0.01,0.0304,3.04,False,0,stable prefix is read from cache
stable-system-50-calls,stable-system-50-calls-sol-comparison,comparison,sol,22,22,model_roundtrip,0,51000,0,51000,500,272000,short,4.0,0.4,5.0,20.0,0.0,0.0204,0.0,0.01,0.0304,3.04,False,0,stable prefix is read from cache
stable-system-50-calls,stable-system-50-calls-sol-comparison,comparison,sol,23,23,model_roundtrip,0,51000,0,51000,500,272000,short,4.0,0.4,5.0,20.0,0.0,0.0204,0.0,0.01,0.0304,3.04,False,0,stable prefix is read from cache
stable-system-50-calls,stable-system-50-calls-sol-comparison,comparison,sol,24,24,model_roundtrip,0,51000,0,51000,500,272000,short,4.0,0.4,5.0,20.0,0.0,0.0204,0.0,0.01,0.0304,3.04,False,0,stable prefix is read from cache
stable-system-50-calls,stable-system-50-calls-sol-comparison,comparison,sol,25,25,model_roundtrip,0,51000,0,51000,500,272000,short,4.0,0.4,5.0,20.0,0.0,0.0204,0.0,0.01,0.0304,3.04,False,0,stable prefix is read from cache
stable-system-50-calls,stable-system-50-calls-sol-comparison,comparison,sol,26,26,model_roundtrip,0,51000,0,51000,500,272000,short,4.0,0.4,5.0,20.0,0.0,0.0204,0.0,0.01,0.0304,3.04,False,0,stable prefix is read from cache
stable-system-50-calls,stable-system-50-calls-sol-comparison,comparison,sol,27,27,model_roundtrip,0,51000,0,51000,500,272000,short,4.0,0.4,5.0,20.0,0.0,0.0204,0.0,0.01,0.0304,3.04,False,0,stable prefix is read from cache
stable-system-50-calls,stable-system-50-calls-sol-comparison,comparison,sol,28,28,model_roundtrip,0,51000,0,51000,500,272000,short,4.0,0.4,5.0,20.0,0.0,0.0204,0.0,0.01,0.0304,3.04,False,0,stable prefix is read from cache
stable-system-50-calls,stable-system-50-calls-sol-comparison,comparison,sol,29,29,model_roundtrip,0,51000,0,51000,500,272000,short,4.0,0.4,5.0,20.0,0.0,0.0204,0.0,0.01,0.0304,3.04,False,0,stable prefix is read from cache
stable-system-50-calls,stable-system-50-calls-sol-comparison,comparison,sol,30,30,model_roundtrip,0,51000,0,51000,500,272000,short,4.0,0.4,5.0,20.0,0.0,0.0204,0.0,0.01,0.0304,3.04,False,0,stable prefix is read from cache
stable-system-50-calls,stable-system-50-calls-sol-comparison,comparison,sol,31,31,model_roundtrip,0,51000,0,51000,500,272000,short,4.0,0.4,5.0,20.0,0.0,0.0204,0.0,0.01,0.0304,3.04,False,0,stable prefix is read from cache
stable-system-50-calls,stable-system-50-calls-sol-comparison,comparison,sol,32,32,model_roundtrip,0,51000,0,51000,500,272000,short,4.0,0.4,5.0,20.0,0.0,0.0204,0.0,0.01,0.0304,3.04,False,0,stable prefix is read from cache
stable-system-50-calls,stable-system-50-calls-sol-comparison,comparison,sol,33,33,model_roundtrip,0,51000,0,51000,500,272000,short,4.0,0.4,5.0,20.0,0.0,0.0204,0.0,0.01,0.0304,3.04,False,0,stable prefix is read from cache
stable-system-50-calls,stable-system-50-calls-sol-comparison,comparison,sol,34,34,model_roundtrip,0,51000,0,51000,500,272000,short,4.0,0.4,5.0,20.0,0.0,0.0204,0.0,0.01,0.0304,3.04,False,0,stable prefix is read from cache
stable-system-50-calls,stable-system-50-calls-sol-comparison,comparison,sol,35,35,model_roundtrip,0,51000,0,51000,500,272000,short,4.0,0.4,5.0,20.0,0.0,0.0204,0.0,0.01,0.0304,3.04,False,0,stable prefix is read from cache
stable-system-50-calls,stable-system-50-calls-sol-comparison,comparison,sol,36,36,model_roundtrip,0,51000,0,51000,500,272000,short,4.0,0.4,5.0,20.0,0.0,0.0204,0.0,0.01,0.0304,3.04,False,0,stable prefix is read from cache
stable-system-50-calls,stable-system-50-calls-sol-comparison,comparison,sol,37,37,model_roundtrip,0,51000,0,51000,500,272000,short,4.0,0.4,5.0,20.0,0.0,0.0204,0.0,0.01,0.0304,3.04,False,0,stable prefix is read from cache
stable-system-50-calls,stable-system-50-calls-sol-comparison,comparison,sol,38,38,model_roundtrip,0,51000,0,51000,500,272000,short,4.0,0.4,5.0,20.0,0.0,0.0204,0.0,0.01,0.0304,3.04,False,0,stable prefix is read from cache
stable-system-50-calls,stable-system-50-calls-sol-comparison,comparison,sol,39,39,model_roundtrip,0,51000,0,51000,500,272000,short,4.0,0.4,5.0,20.0,0.0,0.0204,0.0,0.01,0.0304,3.04,False,0,stable prefix is read from cache
stable-system-50-calls,stable-system-50-calls-sol-comparison,comparison,sol,40,40,model_roundtrip,0,51000,0,51000,500,272000,short,4.0,0.4,5.0,20.0,0.0,0.0204,0.0,0.01,0.0304,3.04,False,0,stable prefix is read from cache
stable-system-50-calls,stable-system-50-calls-sol-comparison,comparison,sol,41,41,model_roundtrip,0,51000,0,51000,500,272000,short,4.0,0.4,5.0,20.0,0.0,0.0204,0.0,0.01,0.0304,3.04,False,0,stable prefix is read from cache
stable-system-50-calls,stable-system-50-calls-sol-comparison,comparison,sol,42,42,model_roundtrip,0,51000,0,51000,500,272000,short,4.0,0.4,5.0,20.0,0.0,0.0204,0.0,0.01,0.0304,3.04,False,0,stable prefix is read from cache
stable-system-50-calls,stable-system-50-calls-sol-comparison,comparison,sol,43,43,model_roundtrip,0,51000,0,51000,500,272000,short,4.0,0.4,5.0,20.0,0.0,0.0204,0.0,0.01,0.0304,3.04,False,0,stable prefix is read from cache
stable-system-50-calls,stable-system-50-calls-sol-comparison,comparison,sol,44,44,model_roundtrip,0,51000,0,51000,500,272000,short,4.0,0.4,5.0,20.0,0.0,0.0204,0.0,0.01,0.0304,3.04,False,0,stable prefix is read from cache
stable-system-50-calls,stable-system-50-calls-sol-comparison,comparison,sol,45,45,model_roundtrip,0,51000,0,51000,500,272000,short,4.0,0.4,5.0,20.0,0.0,0.0204,0.0,0.01,0.0304,3.04,False,0,stable prefix is read from cache
stable-system-50-calls,stable-system-50-calls-sol-comparison,comparison,sol,46,46,model_roundtrip,0,51000,0,51000,500,272000,short,4.0,0.4,5.0,20.0,0.0,0.0204,0.0,0.01,0.0304,3.04,False,0,stable prefix is read from cache
stable-system-50-calls,stable-system-50-calls-sol-comparison,comparison,sol,47,47,model_roundtrip,0,51000,0,51000,500,272000,short,4.0,0.4,5.0,20.0,0.0,0.0204,0.0,0.01,0.0304,3.04,False,0,stable prefix is read from cache
stable-system-50-calls,stable-system-50-calls-sol-comparison,comparison,sol,48,48,model_roundtrip,0,51000,0,51000,500,272000,short,4.0,0.4,5.0,20.0,0.0,0.0204,0.0,0.01,0.0304,3.04,False,0,stable prefix is read from cache
stable-system-50-calls,stable-system-50-calls-sol-comparison,comparison,sol,49,49,model_roundtrip,0,51000,0,51000,500,272000,short,4.0,0.4,5.0,20.0,0.0,0.0204,0.0,0.01,0.0304,3.04,False,0,stable prefix is read from cache
stable-system-50-calls,stable-system-50-calls-sol-comparison,comparison,sol,50,50,model_roundtrip,0,51000,0,51000,500,272000,short,4.0,0.4,5.0,20.0,0.0,0.0204,0.0,0.01,0.0304,3.04,False,0,stable prefix is read from cache
dynamic-system-10-calls,dynamic-system-10-calls-luna-baseline,baseline,luna,1,1,model_roundtrip,4000,0,46000,50000,500,200000,short,0.2,0.02,0.25,1.2,0.0008,0.0,0.0115,0.0006,0.0129,1.29,False,0,first stable prefix is written to cache
dynamic-system-10-calls,dynamic-system-10-calls-luna-baseline,baseline,luna,2,2,model_roundtrip,4000,46000,0,50000,500,200000,short,0.2,0.02,0.25,1.2,0.0008,0.00092,0.0,0.0006,0.00232,0.232,False,0,stable prefix is read from cache
dynamic-system-10-calls,dynamic-system-10-calls-luna-baseline,baseline,luna,3,3,model_roundtrip,4000,46000,0,50000,500,200000,short,0.2,0.02,0.25,1.2,0.0008,0.00092,0.0,0.0006,0.00232,0.232,False,0,stable prefix is read from cache
dynamic-system-10-calls,dynamic-system-10-calls-luna-baseline,baseline,luna,4,4,model_roundtrip,4000,46000,0,50000,500,200000,short,0.2,0.02,0.25,1.2,0.0008,0.00092,0.0,0.0006,0.00232,0.232,False,0,stable prefix is read from cache
dynamic-system-10-calls,dynamic-system-10-calls-luna-baseline,baseline,luna,5,5,model_roundtrip,4000,46000,0,50000,500,200000,short,0.2,0.02,0.25,1.2,0.0008,0.00092,0.0,0.0006,0.00232,0.232,False,0,stable prefix is read from cache
dynamic-system-10-calls,dynamic-system-10-calls-luna-baseline,baseline,luna,6,6,model_roundtrip,4000,46000,0,50000,500,200000,short,0.2,0.02,0.25,1.2,0.0008,0.00092,0.0,0.0006,0.00232,0.232,False,0,stable prefix is read from cache
dynamic-system-10-calls,dynamic-system-10-calls-luna-baseline,baseline,luna,7,7,model_roundtrip,4000,46000,0,50000,500,200000,short,0.2,0.02,0.25,1.2,0.0008,0.00092,0.0,0.0006,0.00232,0.232,False,0,stable prefix is read from cache
dynamic-system-10-calls,dynamic-system-10-calls-luna-baseline,baseline,luna,8,8,model_roundtrip,4000,46000,0,50000,500,200000,short,0.2,0.02,0.25,1.2,0.0008,0.00092,0.0,0.0006,0.00232,0.232,False,0,stable prefix is read from cache
dynamic-system-10-calls,dynamic-system-10-calls-luna-baseline,baseline,luna,9,9,model_roundtrip,4000,46000,0,50000,500,200000,short,0.2,0.02,0.25,1.2,0.0008,0.00092,0.0,0.0006,0.00232,0.232,False,0,stable prefix is read from cache
dynamic-system-10-calls,dynamic-system-10-calls-luna-baseline,baseline,luna,10,10,model_roundtrip,4000,46000,0,50000,500,200000,short,0.2,0.02,0.25,1.2,0.0008,0.00092,0.0,0.0006,0.00232,0.232,False,0,stable prefix is read from cache
dynamic-system-10-calls,dynamic-system-10-calls-luna-comparison,comparison,luna,1,1,model_roundtrip,5000,0,46000,51000,500,200000,short,0.2,0.02,0.25,1.2,0.001,0.0,0.0115,0.0006,0.0131,1.31,False,0,first stable prefix is written to cache
dynamic-system-10-calls,dynamic-system-10-calls-luna-comparison,comparison,luna,2,2,model_roundtrip,5000,46000,0,51000,500,200000,short,0.2,0.02,0.25,1.2,0.001,0.00092,0.0,0.0006,0.00252,0.252,False,0,stable prefix is read from cache
dynamic-system-10-calls,dynamic-system-10-calls-luna-comparison,comparison,luna,3,3,model_roundtrip,5000,46000,0,51000,500,200000,short,0.2,0.02,0.25,1.2,0.001,0.00092,0.0,0.0006,0.00252,0.252,False,0,stable prefix is read from cache
dynamic-system-10-calls,dynamic-system-10-calls-luna-comparison,comparison,luna,4,4,model_roundtrip,5000,46000,0,51000,500,200000,short,0.2,0.02,0.25,1.2,0.001,0.00092,0.0,0.0006,0.00252,0.252,False,0,stable prefix is read from cache
dynamic-system-10-calls,dynamic-system-10-calls-luna-comparison,comparison,luna,5,5,model_roundtrip,5000,46000,0,51000,500,200000,short,0.2,0.02,0.25,1.2,0.001,0.00092,0.0,0.0006,0.00252,0.252,False,0,stable prefix is read from cache
dynamic-system-10-calls,dynamic-system-10-calls-luna-comparison,comparison,luna,6,6,model_roundtrip,5000,46000,0,51000,500,200000,short,0.2,0.02,0.25,1.2,0.001,0.00092,0.0,0.0006,0.00252,0.252,False,0,stable prefix is read from cache
dynamic-system-10-calls,dynamic-system-10-calls-luna-comparison,comparison,luna,7,7,model_roundtrip,5000,46000,0,51000,500,200000,short,0.2,0.02,0.25,1.2,0.001,0.00092,0.0,0.0006,0.00252,0.252,False,0,stable prefix is read from cache
dynamic-system-10-calls,dynamic-system-10-calls-luna-comparison,comparison,luna,8,8,model_roundtrip,5000,46000,0,51000,500,200000,short,0.2,0.02,0.25,1.2,0.001,0.00092,0.0,0.0006,0.00252,0.252,False,0,stable prefix is read from cache
dynamic-system-10-calls,dynamic-system-10-calls-luna-comparison,comparison,luna,9,9,model_roundtrip,5000,46000,0,51000,500,200000,short,0.2,0.02,0.25,1.2,0.001,0.00092,0.0,0.0006,0.00252,0.252,False,0,stable prefix is read from cache
dynamic-system-10-calls,dynamic-system-10-calls-luna-comparison,comparison,luna,10,10,model_roundtrip,5000,46000,0,51000,500,200000,short,0.2,0.02,0.25,1.2,0.001,0.00092,0.0,0.0006,0.00252,0.252,False,0,stable prefix is read from cache
dynamic-system-10-calls,dynamic-system-10-calls-terra-baseline,baseline,terra,1,1,model_roundtrip,4000,0,46000,50000,500,272000,short,2.0,0.2,2.5,12.0,0.008,0.0,0.115,0.006,0.129,12.9,False,0,first stable prefix is written to cache
dynamic-system-10-calls,dynamic-system-10-calls-terra-baseline,baseline,terra,2,2,model_roundtrip,4000,46000,0,50000,500,272000,short,2.0,0.2,2.5,12.0,0.008,0.0092,0.0,0.006,0.0232,2.32,False,0,stable prefix is read from cache
dynamic-system-10-calls,dynamic-system-10-calls-terra-baseline,baseline,terra,3,3,model_roundtrip,4000,46000,0,50000,500,272000,short,2.0,0.2,2.5,12.0,0.008,0.0092,0.0,0.006,0.0232,2.32,False,0,stable prefix is read from cache
dynamic-system-10-calls,dynamic-system-10-calls-terra-baseline,baseline,terra,4,4,model_roundtrip,4000,46000,0,50000,500,272000,short,2.0,0.2,2.5,12.0,0.008,0.0092,0.0,0.006,0.0232,2.32,False,0,stable prefix is read from cache
dynamic-system-10-calls,dynamic-system-10-calls-terra-baseline,baseline,terra,5,5,model_roundtrip,4000,46000,0,50000,500,272000,short,2.0,0.2,2.5,12.0,0.008,0.0092,0.0,0.006,0.0232,2.32,False,0,stable prefix is read from cache
dynamic-system-10-calls,dynamic-system-10-calls-terra-baseline,baseline,terra,6,6,model_roundtrip,4000,46000,0,50000,500,272000,short,2.0,0.2,2.5,12.0,0.008,0.0092,0.0,0.006,0.0232,2.32,False,0,stable prefix is read from cache
dynamic-system-10-calls,dynamic-system-10-calls-terra-baseline,baseline,terra,7,7,model_roundtrip,4000,46000,0,50000,500,272000,short,2.0,0.2,2.5,12.0,0.008,0.0092,0.0,0.006,0.0232,2.32,False,0,stable prefix is read from cache
dynamic-system-10-calls,dynamic-system-10-calls-terra-baseline,baseline,terra,8,8,model_roundtrip,4000,46000,0,50000,500,272000,short,2.0,0.2,2.5,12.0,0.008,0.0092,0.0,0.006,0.0232,2.32,False,0,stable prefix is read from cache
dynamic-system-10-calls,dynamic-system-10-calls-terra-baseline,baseline,terra,9,9,model_roundtrip,4000,46000,0,50000,500,272000,short,2.0,0.2,2.5,12.0,0.008,0.0092,0.0,0.006,0.0232,2.32,False,0,stable prefix is read from cache
dynamic-system-10-calls,dynamic-system-10-calls-terra-baseline,baseline,terra,10,10,model_roundtrip,4000,46000,0,50000,500,272000,short,2.0,0.2,2.5,12.0,0.008,0.0092,0.0,0.006,0.0232,2.32,False,0,stable prefix is read from cache
dynamic-system-10-calls,dynamic-system-10-calls-terra-comparison,comparison,terra,1,1,model_roundtrip,5000,0,46000,51000,500,272000,short,2.0,0.2,2.5,12.0,0.01,0.0,0.115,0.006,0.131,13.1,False,0,first stable prefix is written to cache
dynamic-system-10-calls,dynamic-system-10-calls-terra-comparison,comparison,terra,2,2,model_roundtrip,5000,46000,0,51000,500,272000,short,2.0,0.2,2.5,12.0,0.01,0.0092,0.0,0.006,0.0252,2.52,False,0,stable prefix is read from cache
dynamic-system-10-calls,dynamic-system-10-calls-terra-comparison,comparison,terra,3,3,model_roundtrip,5000,46000,0,51000,500,272000,short,2.0,0.2,2.5,12.0,0.01,0.0092,0.0,0.006,0.0252,2.52,False,0,stable prefix is read from cache
dynamic-system-10-calls,dynamic-system-10-calls-terra-comparison,comparison,terra,4,4,model_roundtrip,5000,46000,0,51000,500,272000,short,2.0,0.2,2.5,12.0,0.01,0.0092,0.0,0.006,0.0252,2.52,False,0,stable prefix is read from cache
dynamic-system-10-calls,dynamic-system-10-calls-terra-comparison,comparison,terra,5,5,model_roundtrip,5000,46000,0,51000,500,272000,short,2.0,0.2,2.5,12.0,0.01,0.0092,0.0,0.006,0.0252,2.52,False,0,stable prefix is read from cache
dynamic-system-10-calls,dynamic-system-10-calls-terra-comparison,comparison,terra,6,6,model_roundtrip,5000,46000,0,51000,500,272000,short,2.0,0.2,2.5,12.0,0.01,0.0092,0.0,0.006,0.0252,2.52,False,0,stable prefix is read from cache
dynamic-system-10-calls,dynamic-system-10-calls-terra-comparison,comparison,terra,7,7,model_roundtrip,5000,46000,0,51000,500,272000,short,2.0,0.2,2.5,12.0,0.01,0.0092,0.0,0.006,0.0252,2.52,False,0,stable prefix is read from cache
dynamic-system-10-calls,dynamic-system-10-calls-terra-comparison,comparison,terra,8,8,model_roundtrip,5000,46000,0,51000,500,272000,short,2.0,0.2,2.5,12.0,0.01,0.0092,0.0,0.006,0.0252,2.52,False,0,stable prefix is read from cache
dynamic-system-10-calls,dynamic-system-10-calls-terra-comparison,comparison,terra,9,9,model_roundtrip,5000,46000,0,51000,500,272000,short,2.0,0.2,2.5,12.0,0.01,0.0092,0.0,0.006,0.0252,2.52,False,0,stable prefix is read from cache
dynamic-system-10-calls,dynamic-system-10-calls-terra-comparison,comparison,terra,10,10,model_roundtrip,5000,46000,0,51000,500,272000,short,2.0,0.2,2.5,12.0,0.01,0.0092,0.0,0.006,0.0252,2.52,False,0,stable prefix is read from cache
dynamic-system-10-calls,dynamic-system-10-calls-sol-baseline,baseline,sol,1,1,model_roundtrip,4000,0,46000,50000,500,272000,short,4.0,0.4,5.0,20.0,0.016,0.0,0.23,0.01,0.256,25.6,False,0,first stable prefix is written to cache
dynamic-system-10-calls,dynamic-system-10-calls-sol-baseline,baseline,sol,2,2,model_roundtrip,4000,46000,0,50000,500,272000,short,4.0,0.4,5.0,20.0,0.016,0.0184,0.0,0.01,0.0444,4.44,False,0,stable prefix is read from cache
dynamic-system-10-calls,dynamic-system-10-calls-sol-baseline,baseline,sol,3,3,model_roundtrip,4000,46000,0,50000,500,272000,short,4.0,0.4,5.0,20.0,0.016,0.0184,0.0,0.01,0.0444,4.44,False,0,stable prefix is read from cache
dynamic-system-10-calls,dynamic-system-10-calls-sol-baseline,baseline,sol,4,4,model_roundtrip,4000,46000,0,50000,500,272000,short,4.0,0.4,5.0,20.0,0.016,0.0184,0.0,0.01,0.0444,4.44,False,0,stable prefix is read from cache
dynamic-system-10-calls,dynamic-system-10-calls-sol-baseline,baseline,sol,5,5,model_roundtrip,4000,46000,0,50000,500,272000,short,4.0,0.4,5.0,20.0,0.016,0.0184,0.0,0.01,0.0444,4.44,False,0,stable prefix is read from cache
dynamic-system-10-calls,dynamic-system-10-calls-sol-baseline,baseline,sol,6,6,model_roundtrip,4000,46000,0,50000,500,272000,short,4.0,0.4,5.0,20.0,0.016,0.0184,0.0,0.01,0.0444,4.44,False,0,stable prefix is read from cache
dynamic-system-10-calls,dynamic-system-10-calls-sol-baseline,baseline,sol,7,7,model_roundtrip,4000,46000,0,50000,500,272000,short,4.0,0.4,5.0,20.0,0.016,0.0184,0.0,0.01,0.0444,4.44,False,0,stable prefix is read from cache
dynamic-system-10-calls,dynamic-system-10-calls-sol-baseline,baseline,sol,8,8,model_roundtrip,4000,46000,0,50000,500,272000,short,4.0,0.4,5.0,20.0,0.016,0.0184,0.0,0.01,0.0444,4.44,False,0,stable prefix is read from cache
dynamic-system-10-calls,dynamic-system-10-calls-sol-baseline,baseline,sol,9,9,model_roundtrip,4000,46000,0,50000,500,272000,short,4.0,0.4,5.0,20.0,0.016,0.0184,0.0,0.01,0.0444,4.44,False,0,stable prefix is read from cache
dynamic-system-10-calls,dynamic-system-10-calls-sol-baseline,baseline,sol,10,10,model_roundtrip,4000,46000,0,50000,500,272000,short,4.0,0.4,5.0,20.0,0.016,0.0184,0.0,0.01,0.0444,4.44,False,0,stable prefix is read from cache
dynamic-system-10-calls,dynamic-system-10-calls-sol-comparison,comparison,sol,1,1,model_roundtrip,5000,0,46000,51000,500,272000,short,4.0,0.4,5.0,20.0,0.02,0.0,0.23,0.01,0.26,26.0,False,0,first stable prefix is written to cache
dynamic-system-10-calls,dynamic-system-10-calls-sol-comparison,comparison,sol,2,2,model_roundtrip,5000,46000,0,51000,500,272000,short,4.0,0.4,5.0,20.0,0.02,0.0184,0.0,0.01,0.0484,4.84,False,0,stable prefix is read from cache
dynamic-system-10-calls,dynamic-system-10-calls-sol-comparison,comparison,sol,3,3,model_roundtrip,5000,46000,0,51000,500,272000,short,4.0,0.4,5.0,20.0,0.02,0.0184,0.0,0.01,0.0484,4.84,False,0,stable prefix is read from cache
dynamic-system-10-calls,dynamic-system-10-calls-sol-comparison,comparison,sol,4,4,model_roundtrip,5000,46000,0,51000,500,272000,short,4.0,0.4,5.0,20.0,0.02,0.0184,0.0,0.01,0.0484,4.84,False,0,stable prefix is read from cache
dynamic-system-10-calls,dynamic-system-10-calls-sol-comparison,comparison,sol,5,5,model_roundtrip,5000,46000,0,51000,500,272000,short,4.0,0.4,5.0,20.0,0.02,0.0184,0.0,0.01,0.0484,4.84,False,0,stable prefix is read from cache
dynamic-system-10-calls,dynamic-system-10-calls-sol-comparison,comparison,sol,6,6,model_roundtrip,5000,46000,0,51000,500,272000,short,4.0,0.4,5.0,20.0,0.02,0.0184,0.0,0.01,0.0484,4.84,False,0,stable prefix is read from cache
dynamic-system-10-calls,dynamic-system-10-calls-sol-comparison,comparison,sol,7,7,model_roundtrip,5000,46000,0,51000,500,272000,short,4.0,0.4,5.0,20.0,0.02,0.0184,0.0,0.01,0.0484,4.84,False,0,stable prefix is read from cache
dynamic-system-10-calls,dynamic-system-10-calls-sol-comparison,comparison,sol,8,8,model_roundtrip,5000,46000,0,51000,500,272000,short,4.0,0.4,5.0,20.0,0.02,0.0184,0.0,0.01,0.0484,4.84,False,0,stable prefix is read from cache
dynamic-system-10-calls,dynamic-system-10-calls-sol-comparison,comparison,sol,9,9,model_roundtrip,5000,46000,0,51000,500,272000,short,4.0,0.4,5.0,20.0,0.02,0.0184,0.0,0.01,0.0484,4.84,False,0,stable prefix is read from cache
dynamic-system-10-calls,dynamic-system-10-calls-sol-comparison,comparison,sol,10,10,model_roundtrip,5000,46000,0,51000,500,272000,short,4.0,0.4,5.0,20.0,0.02,0.0184,0.0,0.01,0.0484,4.84,False,0,stable prefix is read from cache
system-threshold-cold,system-threshold-cold-luna-baseline,baseline,luna,1,1,model_roundtrip,0,0,199500,199500,1000,200000,short,0.2,0.02,0.25,1.2,0.0,0.0,0.049875,0.0012,0.051075,5.1075,False,0,first stable prefix is written to cache
system-threshold-cold,system-threshold-cold-luna-comparison,comparison,luna,1,1,model_roundtrip,0,0,200500,200500,1000,200000,long,0.4,0.04,0.5,1.8,0.0,0.0,0.10025,0.0018,0.10205,10.205,False,0,first stable prefix is written to cache
system-threshold-cold,system-threshold-cold-terra-baseline,baseline,terra,1,1,model_roundtrip,0,0,271500,271500,1000,272000,short,2.0,0.2,2.5,12.0,0.0,0.0,0.67875,0.012,0.69075,69.075,False,0,first stable prefix is written to cache
system-threshold-cold,system-threshold-cold-terra-comparison,comparison,terra,1,1,model_roundtrip,0,0,272500,272500,1000,272000,long,4.0,0.4,5.0,18.0,0.0,0.0,1.3625,0.018,1.3805,138.05,False,0,first stable prefix is written to cache
system-threshold-cold,system-threshold-cold-sol-baseline,baseline,sol,1,1,model_roundtrip,0,0,271500,271500,1000,272000,short,4.0,0.4,5.0,20.0,0.0,0.0,1.3575,0.02,1.3775,137.75,False,0,first stable prefix is written to cache
system-threshold-cold,system-threshold-cold-sol-comparison,comparison,sol,1,1,model_roundtrip,0,0,272500,272500,1000,272000,long,8.0,0.8,10.0,30.0,0.0,0.0,2.725,0.03,2.755,275.5,False,0,first stable prefix is written to cache
system-threshold-warm,system-threshold-warm-luna-baseline,baseline,luna,1,1,model_roundtrip,0,199500,0,199500,1000,200000,short,0.2,0.02,0.25,1.2,0.0,0.00399,0.0,0.0012,0.00519,0.519,False,0,stable prefix is read from cache
system-threshold-warm,system-threshold-warm-luna-comparison,comparison,luna,1,1,model_roundtrip,0,200500,0,200500,1000,200000,long,0.4,0.04,0.5,1.8,0.0,0.00802,0.0,0.0018,0.00982,0.982,False,0,stable prefix is read from cache
system-threshold-warm,system-threshold-warm-terra-baseline,baseline,terra,1,1,model_roundtrip,0,271500,0,271500,1000,272000,short,2.0,0.2,2.5,12.0,0.0,0.0543,0.0,0.012,0.0663,6.63,False,0,stable prefix is read from cache
system-threshold-warm,system-threshold-warm-terra-comparison,comparison,terra,1,1,model_roundtrip,0,272500,0,272500,1000,272000,long,4.0,0.4,5.0,18.0,0.0,0.109,0.0,0.018,0.127,12.7,False,0,stable prefix is read from cache
system-threshold-warm,system-threshold-warm-sol-baseline,baseline,sol,1,1,model_roundtrip,0,271500,0,271500,1000,272000,short,4.0,0.4,5.0,20.0,0.0,0.1086,0.0,0.02,0.1286,12.86,False,0,stable prefix is read from cache
system-threshold-warm,system-threshold-warm-sol-comparison,comparison,sol,1,1,model_roundtrip,0,272500,0,272500,1000,272000,long,8.0,0.8,10.0,30.0,0.0,0.218,0.0,0.03,0.248,24.8,False,0,stable prefix is read from cache
sequential-tools-4-to-5,sequential-tools-4-to-5-luna-baseline,baseline,luna,1,1,tool_request,0,0,50000,50000,100,200000,short,0.2,0.02,0.25,1.2,0.0,0.0,0.0125,0.00012,0.01262,1.262,False,0,cold initial prompt before first tool
sequential-tools-4-to-5,sequential-tools-4-to-5-luna-baseline,baseline,luna,2,2,tool_request,0,50000,2100,52100,100,200000,short,0.2,0.02,0.25,1.2,0.0,0.001,0.000525,0.00012,0.001645,0.1645,False,0,prior tool exchange appended before next tool
sequential-tools-4-to-5,sequential-tools-4-to-5-luna-baseline,baseline,luna,3,3,tool_request,0,52100,2100,54200,100,200000,short,0.2,0.02,0.25,1.2,0.0,0.001042,0.000525,0.00012,0.001687,0.1687,False,0,prior tool exchange appended before next tool
sequential-tools-4-to-5,sequential-tools-4-to-5-luna-baseline,baseline,luna,4,4,tool_request,0,54200,2100,56300,100,200000,short,0.2,0.02,0.25,1.2,0.0,0.001084,0.000525,0.00012,0.001729,0.1729,False,0,prior tool exchange appended before next tool
sequential-tools-4-to-5,sequential-tools-4-to-5-luna-baseline,baseline,luna,5,5,final_response,0,56300,2100,58400,500,200000,short,0.2,0.02,0.25,1.2,0.0,0.001126,0.000525,0.0006,0.002251,0.2251,False,0,last tool exchange appended before final response
sequential-tools-4-to-5,sequential-tools-4-to-5-luna-comparison,comparison,luna,1,1,tool_request,0,0,50000,50000,100,200000,short,0.2,0.02,0.25,1.2,0.0,0.0,0.0125,0.00012,0.01262,1.262,False,0,cold initial prompt before first tool
sequential-tools-4-to-5,sequential-tools-4-to-5-luna-comparison,comparison,luna,2,2,tool_request,0,50000,2100,52100,100,200000,short,0.2,0.02,0.25,1.2,0.0,0.001,0.000525,0.00012,0.001645,0.1645,False,0,prior tool exchange appended before next tool
sequential-tools-4-to-5,sequential-tools-4-to-5-luna-comparison,comparison,luna,3,3,tool_request,0,52100,2100,54200,100,200000,short,0.2,0.02,0.25,1.2,0.0,0.001042,0.000525,0.00012,0.001687,0.1687,False,0,prior tool exchange appended before next tool
sequential-tools-4-to-5,sequential-tools-4-to-5-luna-comparison,comparison,luna,4,4,tool_request,0,54200,2100,56300,100,200000,short,0.2,0.02,0.25,1.2,0.0,0.001084,0.000525,0.00012,0.001729,0.1729,False,0,prior tool exchange appended before next tool
sequential-tools-4-to-5,sequential-tools-4-to-5-luna-comparison,comparison,luna,5,5,tool_request,0,56300,2100,58400,100,200000,short,0.2,0.02,0.25,1.2,0.0,0.001126,0.000525,0.00012,0.001771,0.1771,False,0,prior tool exchange appended before next tool
sequential-tools-4-to-5,sequential-tools-4-to-5-luna-comparison,comparison,luna,6,6,final_response,0,58400,2100,60500,500,200000,short,0.2,0.02,0.25,1.2,0.0,0.001168,0.000525,0.0006,0.002293,0.2293,False,0,last tool exchange appended before final response
sequential-tools-4-to-5,sequential-tools-4-to-5-terra-baseline,baseline,terra,1,1,tool_request,0,0,50000,50000,100,272000,short,2.0,0.2,2.5,12.0,0.0,0.0,0.125,0.0012,0.1262,12.62,False,0,cold initial prompt before first tool
sequential-tools-4-to-5,sequential-tools-4-to-5-terra-baseline,baseline,terra,2,2,tool_request,0,50000,2100,52100,100,272000,short,2.0,0.2,2.5,12.0,0.0,0.01,0.00525,0.0012,0.01645,1.645,False,0,prior tool exchange appended before next tool
sequential-tools-4-to-5,sequential-tools-4-to-5-terra-baseline,baseline,terra,3,3,tool_request,0,52100,2100,54200,100,272000,short,2.0,0.2,2.5,12.0,0.0,0.01042,0.00525,0.0012,0.01687,1.687,False,0,prior tool exchange appended before next tool
sequential-tools-4-to-5,sequential-tools-4-to-5-terra-baseline,baseline,terra,4,4,tool_request,0,54200,2100,56300,100,272000,short,2.0,0.2,2.5,12.0,0.0,0.01084,0.00525,0.0012,0.01729,1.729,False,0,prior tool exchange appended before next tool
sequential-tools-4-to-5,sequential-tools-4-to-5-terra-baseline,baseline,terra,5,5,final_response,0,56300,2100,58400,500,272000,short,2.0,0.2,2.5,12.0,0.0,0.01126,0.00525,0.006,0.02251,2.251,False,0,last tool exchange appended before final response
sequential-tools-4-to-5,sequential-tools-4-to-5-terra-comparison,comparison,terra,1,1,tool_request,0,0,50000,50000,100,272000,short,2.0,0.2,2.5,12.0,0.0,0.0,0.125,0.0012,0.1262,12.62,False,0,cold initial prompt before first tool
sequential-tools-4-to-5,sequential-tools-4-to-5-terra-comparison,comparison,terra,2,2,tool_request,0,50000,2100,52100,100,272000,short,2.0,0.2,2.5,12.0,0.0,0.01,0.00525,0.0012,0.01645,1.645,False,0,prior tool exchange appended before next tool
sequential-tools-4-to-5,sequential-tools-4-to-5-terra-comparison,comparison,terra,3,3,tool_request,0,52100,2100,54200,100,272000,short,2.0,0.2,2.5,12.0,0.0,0.01042,0.00525,0.0012,0.01687,1.687,False,0,prior tool exchange appended before next tool
sequential-tools-4-to-5,sequential-tools-4-to-5-terra-comparison,comparison,terra,4,4,tool_request,0,54200,2100,56300,100,272000,short,2.0,0.2,2.5,12.0,0.0,0.01084,0.00525,0.0012,0.01729,1.729,False,0,prior tool exchange appended before next tool
sequential-tools-4-to-5,sequential-tools-4-to-5-terra-comparison,comparison,terra,5,5,tool_request,0,56300,2100,58400,100,272000,short,2.0,0.2,2.5,12.0,0.0,0.01126,0.00525,0.0012,0.01771,1.771,False,0,prior tool exchange appended before next tool
sequential-tools-4-to-5,sequential-tools-4-to-5-terra-comparison,comparison,terra,6,6,final_response,0,58400,2100,60500,500,272000,short,2.0,0.2,2.5,12.0,0.0,0.01168,0.00525,0.006,0.02293,2.293,False,0,last tool exchange appended before final response
sequential-tools-4-to-5,sequential-tools-4-to-5-sol-baseline,baseline,sol,1,1,tool_request,0,0,50000,50000,100,272000,short,4.0,0.4,5.0,20.0,0.0,0.0,0.25,0.002,0.252,25.2,False,0,cold initial prompt before first tool
sequential-tools-4-to-5,sequential-tools-4-to-5-sol-baseline,baseline,sol,2,2,tool_request,0,50000,2100,52100,100,272000,short,4.0,0.4,5.0,20.0,0.0,0.02,0.0105,0.002,0.0325,3.25,False,0,prior tool exchange appended before next tool
sequential-tools-4-to-5,sequential-tools-4-to-5-sol-baseline,baseline,sol,3,3,tool_request,0,52100,2100,54200,100,272000,short,4.0,0.4,5.0,20.0,0.0,0.02084,0.0105,0.002,0.03334,3.334,False,0,prior tool exchange appended before next tool
sequential-tools-4-to-5,sequential-tools-4-to-5-sol-baseline,baseline,sol,4,4,tool_request,0,54200,2100,56300,100,272000,short,4.0,0.4,5.0,20.0,0.0,0.02168,0.0105,0.002,0.03418,3.418,False,0,prior tool exchange appended before next tool
sequential-tools-4-to-5,sequential-tools-4-to-5-sol-baseline,baseline,sol,5,5,final_response,0,56300,2100,58400,500,272000,short,4.0,0.4,5.0,20.0,0.0,0.02252,0.0105,0.01,0.04302,4.302,False,0,last tool exchange appended before final response
sequential-tools-4-to-5,sequential-tools-4-to-5-sol-comparison,comparison,sol,1,1,tool_request,0,0,50000,50000,100,272000,short,4.0,0.4,5.0,20.0,0.0,0.0,0.25,0.002,0.252,25.2,False,0,cold initial prompt before first tool
sequential-tools-4-to-5,sequential-tools-4-to-5-sol-comparison,comparison,sol,2,2,tool_request,0,50000,2100,52100,100,272000,short,4.0,0.4,5.0,20.0,0.0,0.02,0.0105,0.002,0.0325,3.25,False,0,prior tool exchange appended before next tool
sequential-tools-4-to-5,sequential-tools-4-to-5-sol-comparison,comparison,sol,3,3,tool_request,0,52100,2100,54200,100,272000,short,4.0,0.4,5.0,20.0,0.0,0.02084,0.0105,0.002,0.03334,3.334,False,0,prior tool exchange appended before next tool
sequential-tools-4-to-5,sequential-tools-4-to-5-sol-comparison,comparison,sol,4,4,tool_request,0,54200,2100,56300,100,272000,short,4.0,0.4,5.0,20.0,0.0,0.02168,0.0105,0.002,0.03418,3.418,False,0,prior tool exchange appended before next tool
sequential-tools-4-to-5,sequential-tools-4-to-5-sol-comparison,comparison,sol,5,5,tool_request,0,56300,2100,58400,100,272000,short,4.0,0.4,5.0,20.0,0.0,0.02252,0.0105,0.002,0.03502,3.502,False,0,prior tool exchange appended before next tool
sequential-tools-4-to-5,sequential-tools-4-to-5-sol-comparison,comparison,sol,6,6,final_response,0,58400,2100,60500,500,272000,short,4.0,0.4,5.0,20.0,0.0,0.02336,0.0105,0.01,0.04386,4.386,False,0,last tool exchange appended before final response
batched-tools-4-to-5,batched-tools-4-to-5-luna-baseline,baseline,luna,1,1,parallel_tool_request,0,0,50000,50000,400,200000,short,0.2,0.02,0.25,1.2,0.0,0.0,0.0125,0.00048,0.01298,1.298,False,0,all tool arguments emitted in one model roundtrip
batched-tools-4-to-5,batched-tools-4-to-5-luna-baseline,baseline,luna,2,2,final_response,0,50000,8400,58400,500,200000,short,0.2,0.02,0.25,1.2,0.0,0.001,0.0021,0.0006,0.0037,0.37,False,0,parallel tool arguments and retained results appended once
batched-tools-4-to-5,batched-tools-4-to-5-luna-comparison,comparison,luna,1,1,parallel_tool_request,0,0,50000,50000,500,200000,short,0.2,0.02,0.25,1.2,0.0,0.0,0.0125,0.0006,0.0131,1.31,False,0,all tool arguments emitted in one model roundtrip
batched-tools-4-to-5,batched-tools-4-to-5-luna-comparison,comparison,luna,2,2,final_response,0,50000,10500,60500,500,200000,short,0.2,0.02,0.25,1.2,0.0,0.001,0.002625,0.0006,0.004225,0.4225,False,0,parallel tool arguments and retained results appended once
batched-tools-4-to-5,batched-tools-4-to-5-terra-baseline,baseline,terra,1,1,parallel_tool_request,0,0,50000,50000,400,272000,short,2.0,0.2,2.5,12.0,0.0,0.0,0.125,0.0048,0.1298,12.98,False,0,all tool arguments emitted in one model roundtrip
batched-tools-4-to-5,batched-tools-4-to-5-terra-baseline,baseline,terra,2,2,final_response,0,50000,8400,58400,500,272000,short,2.0,0.2,2.5,12.0,0.0,0.01,0.021,0.006,0.037,3.7,False,0,parallel tool arguments and retained results appended once
batched-tools-4-to-5,batched-tools-4-to-5-terra-comparison,comparison,terra,1,1,parallel_tool_request,0,0,50000,50000,500,272000,short,2.0,0.2,2.5,12.0,0.0,0.0,0.125,0.006,0.131,13.1,False,0,all tool arguments emitted in one model roundtrip
batched-tools-4-to-5,batched-tools-4-to-5-terra-comparison,comparison,terra,2,2,final_response,0,50000,10500,60500,500,272000,short,2.0,0.2,2.5,12.0,0.0,0.01,0.02625,0.006,0.04225,4.225,False,0,parallel tool arguments and retained results appended once
batched-tools-4-to-5,batched-tools-4-to-5-sol-baseline,baseline,sol,1,1,parallel_tool_request,0,0,50000,50000,400,272000,short,4.0,0.4,5.0,20.0,0.0,0.0,0.25,0.008,0.258,25.8,False,0,all tool arguments emitted in one model roundtrip
batched-tools-4-to-5,batched-tools-4-to-5-sol-baseline,baseline,sol,2,2,final_response,0,50000,8400,58400,500,272000,short,4.0,0.4,5.0,20.0,0.0,0.02,0.042,0.01,0.072,7.2,False,0,parallel tool arguments and retained results appended once
batched-tools-4-to-5,batched-tools-4-to-5-sol-comparison,comparison,sol,1,1,parallel_tool_request,0,0,50000,50000,500,272000,short,4.0,0.4,5.0,20.0,0.0,0.0,0.25,0.01,0.26,26.0,False,0,all tool arguments emitted in one model roundtrip
batched-tools-4-to-5,batched-tools-4-to-5-sol-comparison,comparison,sol,2,2,final_response,0,50000,10500,60500,500,272000,short,4.0,0.4,5.0,20.0,0.0,0.02,0.0525,0.01,0.0825,8.25,False,0,parallel tool arguments and retained results appended once
tool-count-4-vs-5-sequential-800k,tool-count-4-vs-5-sequential-800k-luna-baseline,baseline,luna,1,1,tool_request,0,0,800000,800000,100,200000,long,0.4,0.04,0.5,1.8,0.0,0.0,0.4,0.00018,0.40018,40.018,False,0,cold initial prompt before first tool
tool-count-4-vs-5-sequential-800k,tool-count-4-vs-5-sequential-800k-luna-baseline,baseline,luna,2,2,tool_request,0,800000,2100,802100,100,200000,long,0.4,0.04,0.5,1.8,0.0,0.032,0.00105,0.00018,0.03323,3.323,False,0,prior tool exchange appended before next tool
tool-count-4-vs-5-sequential-800k,tool-count-4-vs-5-sequential-800k-luna-baseline,baseline,luna,3,3,tool_request,0,802100,2100,804200,100,200000,long,0.4,0.04,0.5,1.8,0.0,0.032084,0.00105,0.00018,0.033314,3.3314,False,0,prior tool exchange appended before next tool
tool-count-4-vs-5-sequential-800k,tool-count-4-vs-5-sequential-800k-luna-baseline,baseline,luna,4,4,tool_request,0,804200,2100,806300,100,200000,long,0.4,0.04,0.5,1.8,0.0,0.032168,0.00105,0.00018,0.033398,3.3398,False,0,prior tool exchange appended before next tool
tool-count-4-vs-5-sequential-800k,tool-count-4-vs-5-sequential-800k-luna-baseline,baseline,luna,5,5,final_response,0,806300,2100,808400,500,200000,long,0.4,0.04,0.5,1.8,0.0,0.032252,0.00105,0.0009,0.034202,3.4202,False,0,last tool exchange appended before final response
tool-count-4-vs-5-sequential-800k,tool-count-4-vs-5-sequential-800k-luna-comparison,comparison,luna,1,1,tool_request,0,0,800000,800000,100,200000,long,0.4,0.04,0.5,1.8,0.0,0.0,0.4,0.00018,0.40018,40.018,False,0,cold initial prompt before first tool
tool-count-4-vs-5-sequential-800k,tool-count-4-vs-5-sequential-800k-luna-comparison,comparison,luna,2,2,tool_request,0,800000,2100,802100,100,200000,long,0.4,0.04,0.5,1.8,0.0,0.032,0.00105,0.00018,0.03323,3.323,False,0,prior tool exchange appended before next tool
tool-count-4-vs-5-sequential-800k,tool-count-4-vs-5-sequential-800k-luna-comparison,comparison,luna,3,3,tool_request,0,802100,2100,804200,100,200000,long,0.4,0.04,0.5,1.8,0.0,0.032084,0.00105,0.00018,0.033314,3.3314,False,0,prior tool exchange appended before next tool
tool-count-4-vs-5-sequential-800k,tool-count-4-vs-5-sequential-800k-luna-comparison,comparison,luna,4,4,tool_request,0,804200,2100,806300,100,200000,long,0.4,0.04,0.5,1.8,0.0,0.032168,0.00105,0.00018,0.033398,3.3398,False,0,prior tool exchange appended before next tool
tool-count-4-vs-5-sequential-800k,tool-count-4-vs-5-sequential-800k-luna-comparison,comparison,luna,5,5,tool_request,0,806300,2100,808400,100,200000,long,0.4,0.04,0.5,1.8,0.0,0.032252,0.00105,0.00018,0.033482,3.3482,False,0,prior tool exchange appended before next tool
tool-count-4-vs-5-sequential-800k,tool-count-4-vs-5-sequential-800k-luna-comparison,comparison,luna,6,6,final_response,0,808400,2100,810500,500,200000,long,0.4,0.04,0.5,1.8,0.0,0.032336,0.00105,0.0009,0.034286,3.4286,False,0,last tool exchange appended before final response
tool-count-4-vs-5-sequential-800k,tool-count-4-vs-5-sequential-800k-terra-baseline,baseline,terra,1,1,tool_request,0,0,800000,800000,100,272000,long,4.0,0.4,5.0,18.0,0.0,0.0,4.0,0.0018,4.0018,400.18,False,0,cold initial prompt before first tool
tool-count-4-vs-5-sequential-800k,tool-count-4-vs-5-sequential-800k-terra-baseline,baseline,terra,2,2,tool_request,0,800000,2100,802100,100,272000,long,4.0,0.4,5.0,18.0,0.0,0.32,0.0105,0.0018,0.3323,33.23,False,0,prior tool exchange appended before next tool
tool-count-4-vs-5-sequential-800k,tool-count-4-vs-5-sequential-800k-terra-baseline,baseline,terra,3,3,tool_request,0,802100,2100,804200,100,272000,long,4.0,0.4,5.0,18.0,0.0,0.32084,0.0105,0.0018,0.33314,33.314,False,0,prior tool exchange appended before next tool
tool-count-4-vs-5-sequential-800k,tool-count-4-vs-5-sequential-800k-terra-baseline,baseline,terra,4,4,tool_request,0,804200,2100,806300,100,272000,long,4.0,0.4,5.0,18.0,0.0,0.32168,0.0105,0.0018,0.33398,33.398,False,0,prior tool exchange appended before next tool
tool-count-4-vs-5-sequential-800k,tool-count-4-vs-5-sequential-800k-terra-baseline,baseline,terra,5,5,final_response,0,806300,2100,808400,500,272000,long,4.0,0.4,5.0,18.0,0.0,0.32252,0.0105,0.009,0.34202,34.202,False,0,last tool exchange appended before final response
tool-count-4-vs-5-sequential-800k,tool-count-4-vs-5-sequential-800k-terra-comparison,comparison,terra,1,1,tool_request,0,0,800000,800000,100,272000,long,4.0,0.4,5.0,18.0,0.0,0.0,4.0,0.0018,4.0018,400.18,False,0,cold initial prompt before first tool
tool-count-4-vs-5-sequential-800k,tool-count-4-vs-5-sequential-800k-terra-comparison,comparison,terra,2,2,tool_request,0,800000,2100,802100,100,272000,long,4.0,0.4,5.0,18.0,0.0,0.32,0.0105,0.0018,0.3323,33.23,False,0,prior tool exchange appended before next tool
tool-count-4-vs-5-sequential-800k,tool-count-4-vs-5-sequential-800k-terra-comparison,comparison,terra,3,3,tool_request,0,802100,2100,804200,100,272000,long,4.0,0.4,5.0,18.0,0.0,0.32084,0.0105,0.0018,0.33314,33.314,False,0,prior tool exchange appended before next tool
tool-count-4-vs-5-sequential-800k,tool-count-4-vs-5-sequential-800k-terra-comparison,comparison,terra,4,4,tool_request,0,804200,2100,806300,100,272000,long,4.0,0.4,5.0,18.0,0.0,0.32168,0.0105,0.0018,0.33398,33.398,False,0,prior tool exchange appended before next tool
tool-count-4-vs-5-sequential-800k,tool-count-4-vs-5-sequential-800k-terra-comparison,comparison,terra,5,5,tool_request,0,806300,2100,808400,100,272000,long,4.0,0.4,5.0,18.0,0.0,0.32252,0.0105,0.0018,0.33482,33.482,False,0,prior tool exchange appended before next tool
tool-count-4-vs-5-sequential-800k,tool-count-4-vs-5-sequential-800k-terra-comparison,comparison,terra,6,6,final_response,0,808400,2100,810500,500,272000,long,4.0,0.4,5.0,18.0,0.0,0.32336,0.0105,0.009,0.34286,34.286,False,0,last tool exchange appended before final response
tool-count-4-vs-5-sequential-800k,tool-count-4-vs-5-sequential-800k-sol-baseline,baseline,sol,1,1,tool_request,0,0,800000,800000,100,272000,long,8.0,0.8,10.0,30.0,0.0,0.0,8.0,0.003,8.003,800.3,False,0,cold initial prompt before first tool
tool-count-4-vs-5-sequential-800k,tool-count-4-vs-5-sequential-800k-sol-baseline,baseline,sol,2,2,tool_request,0,800000,2100,802100,100,272000,long,8.0,0.8,10.0,30.0,0.0,0.64,0.021,0.003,0.664,66.4,False,0,prior tool exchange appended before next tool
tool-count-4-vs-5-sequential-800k,tool-count-4-vs-5-sequential-800k-sol-baseline,baseline,sol,3,3,tool_request,0,802100,2100,804200,100,272000,long,8.0,0.8,10.0,30.0,0.0,0.64168,0.021,0.003,0.66568,66.568,False,0,prior tool exchange appended before next tool
tool-count-4-vs-5-sequential-800k,tool-count-4-vs-5-sequential-800k-sol-baseline,baseline,sol,4,4,tool_request,0,804200,2100,806300,100,272000,long,8.0,0.8,10.0,30.0,0.0,0.64336,0.021,0.003,0.66736,66.736,False,0,prior tool exchange appended before next tool
tool-count-4-vs-5-sequential-800k,tool-count-4-vs-5-sequential-800k-sol-baseline,baseline,sol,5,5,final_response,0,806300,2100,808400,500,272000,long,8.0,0.8,10.0,30.0,0.0,0.64504,0.021,0.015,0.68104,68.104,False,0,last tool exchange appended before final response
tool-count-4-vs-5-sequential-800k,tool-count-4-vs-5-sequential-800k-sol-comparison,comparison,sol,1,1,tool_request,0,0,800000,800000,100,272000,long,8.0,0.8,10.0,30.0,0.0,0.0,8.0,0.003,8.003,800.3,False,0,cold initial prompt before first tool
tool-count-4-vs-5-sequential-800k,tool-count-4-vs-5-sequential-800k-sol-comparison,comparison,sol,2,2,tool_request,0,800000,2100,802100,100,272000,long,8.0,0.8,10.0,30.0,0.0,0.64,0.021,0.003,0.664,66.4,False,0,prior tool exchange appended before next tool
tool-count-4-vs-5-sequential-800k,tool-count-4-vs-5-sequential-800k-sol-comparison,comparison,sol,3,3,tool_request,0,802100,2100,804200,100,272000,long,8.0,0.8,10.0,30.0,0.0,0.64168,0.021,0.003,0.66568,66.568,False,0,prior tool exchange appended before next tool
tool-count-4-vs-5-sequential-800k,tool-count-4-vs-5-sequential-800k-sol-comparison,comparison,sol,4,4,tool_request,0,804200,2100,806300,100,272000,long,8.0,0.8,10.0,30.0,0.0,0.64336,0.021,0.003,0.66736,66.736,False,0,prior tool exchange appended before next tool
tool-count-4-vs-5-sequential-800k,tool-count-4-vs-5-sequential-800k-sol-comparison,comparison,sol,5,5,tool_request,0,806300,2100,808400,100,272000,long,8.0,0.8,10.0,30.0,0.0,0.64504,0.021,0.003,0.66904,66.904,False,0,prior tool exchange appended before next tool
tool-count-4-vs-5-sequential-800k,tool-count-4-vs-5-sequential-800k-sol-comparison,comparison,sol,6,6,final_response,0,808400,2100,810500,500,272000,long,8.0,0.8,10.0,30.0,0.0,0.64672,0.021,0.015,0.68272,68.272,False,0,last tool exchange appended before final response
stable-tool-schema-10-calls,stable-tool-schema-10-calls-luna-baseline,baseline,luna,1,1,model_roundtrip,0,0,50000,50000,500,200000,short,0.2,0.02,0.25,1.2,0.0,0.0,0.0125,0.0006,0.0131,1.31,False,0,first stable prefix is written to cache
stable-tool-schema-10-calls,stable-tool-schema-10-calls-luna-baseline,baseline,luna,2,2,model_roundtrip,0,50000,0,50000,500,200000,short,0.2,0.02,0.25,1.2,0.0,0.001,0.0,0.0006,0.0016,0.16,False,0,stable prefix is read from cache
stable-tool-schema-10-calls,stable-tool-schema-10-calls-luna-baseline,baseline,luna,3,3,model_roundtrip,0,50000,0,50000,500,200000,short,0.2,0.02,0.25,1.2,0.0,0.001,0.0,0.0006,0.0016,0.16,False,0,stable prefix is read from cache
stable-tool-schema-10-calls,stable-tool-schema-10-calls-luna-baseline,baseline,luna,4,4,model_roundtrip,0,50000,0,50000,500,200000,short,0.2,0.02,0.25,1.2,0.0,0.001,0.0,0.0006,0.0016,0.16,False,0,stable prefix is read from cache
stable-tool-schema-10-calls,stable-tool-schema-10-calls-luna-baseline,baseline,luna,5,5,model_roundtrip,0,50000,0,50000,500,200000,short,0.2,0.02,0.25,1.2,0.0,0.001,0.0,0.0006,0.0016,0.16,False,0,stable prefix is read from cache
stable-tool-schema-10-calls,stable-tool-schema-10-calls-luna-baseline,baseline,luna,6,6,model_roundtrip,0,50000,0,50000,500,200000,short,0.2,0.02,0.25,1.2,0.0,0.001,0.0,0.0006,0.0016,0.16,False,0,stable prefix is read from cache
stable-tool-schema-10-calls,stable-tool-schema-10-calls-luna-baseline,baseline,luna,7,7,model_roundtrip,0,50000,0,50000,500,200000,short,0.2,0.02,0.25,1.2,0.0,0.001,0.0,0.0006,0.0016,0.16,False,0,stable prefix is read from cache
stable-tool-schema-10-calls,stable-tool-schema-10-calls-luna-baseline,baseline,luna,8,8,model_roundtrip,0,50000,0,50000,500,200000,short,0.2,0.02,0.25,1.2,0.0,0.001,0.0,0.0006,0.0016,0.16,False,0,stable prefix is read from cache
stable-tool-schema-10-calls,stable-tool-schema-10-calls-luna-baseline,baseline,luna,9,9,model_roundtrip,0,50000,0,50000,500,200000,short,0.2,0.02,0.25,1.2,0.0,0.001,0.0,0.0006,0.0016,0.16,False,0,stable prefix is read from cache
stable-tool-schema-10-calls,stable-tool-schema-10-calls-luna-baseline,baseline,luna,10,10,model_roundtrip,0,50000,0,50000,500,200000,short,0.2,0.02,0.25,1.2,0.0,0.001,0.0,0.0006,0.0016,0.16,False,0,stable prefix is read from cache
stable-tool-schema-10-calls,stable-tool-schema-10-calls-luna-comparison,comparison,luna,1,1,model_roundtrip,0,0,51000,51000,500,200000,short,0.2,0.02,0.25,1.2,0.0,0.0,0.01275,0.0006,0.01335,1.335,False,0,first stable prefix is written to cache
stable-tool-schema-10-calls,stable-tool-schema-10-calls-luna-comparison,comparison,luna,2,2,model_roundtrip,0,51000,0,51000,500,200000,short,0.2,0.02,0.25,1.2,0.0,0.00102,0.0,0.0006,0.00162,0.162,False,0,stable prefix is read from cache
stable-tool-schema-10-calls,stable-tool-schema-10-calls-luna-comparison,comparison,luna,3,3,model_roundtrip,0,51000,0,51000,500,200000,short,0.2,0.02,0.25,1.2,0.0,0.00102,0.0,0.0006,0.00162,0.162,False,0,stable prefix is read from cache
stable-tool-schema-10-calls,stable-tool-schema-10-calls-luna-comparison,comparison,luna,4,4,model_roundtrip,0,51000,0,51000,500,200000,short,0.2,0.02,0.25,1.2,0.0,0.00102,0.0,0.0006,0.00162,0.162,False,0,stable prefix is read from cache
stable-tool-schema-10-calls,stable-tool-schema-10-calls-luna-comparison,comparison,luna,5,5,model_roundtrip,0,51000,0,51000,500,200000,short,0.2,0.02,0.25,1.2,0.0,0.00102,0.0,0.0006,0.00162,0.162,False,0,stable prefix is read from cache
stable-tool-schema-10-calls,stable-tool-schema-10-calls-luna-comparison,comparison,luna,6,6,model_roundtrip,0,51000,0,51000,500,200000,short,0.2,0.02,0.25,1.2,0.0,0.00102,0.0,0.0006,0.00162,0.162,False,0,stable prefix is read from cache
stable-tool-schema-10-calls,stable-tool-schema-10-calls-luna-comparison,comparison,luna,7,7,model_roundtrip,0,51000,0,51000,500,200000,short,0.2,0.02,0.25,1.2,0.0,0.00102,0.0,0.0006,0.00162,0.162,False,0,stable prefix is read from cache
stable-tool-schema-10-calls,stable-tool-schema-10-calls-luna-comparison,comparison,luna,8,8,model_roundtrip,0,51000,0,51000,500,200000,short,0.2,0.02,0.25,1.2,0.0,0.00102,0.0,0.0006,0.00162,0.162,False,0,stable prefix is read from cache
stable-tool-schema-10-calls,stable-tool-schema-10-calls-luna-comparison,comparison,luna,9,9,model_roundtrip,0,51000,0,51000,500,200000,short,0.2,0.02,0.25,1.2,0.0,0.00102,0.0,0.0006,0.00162,0.162,False,0,stable prefix is read from cache
stable-tool-schema-10-calls,stable-tool-schema-10-calls-luna-comparison,comparison,luna,10,10,model_roundtrip,0,51000,0,51000,500,200000,short,0.2,0.02,0.25,1.2,0.0,0.00102,0.0,0.0006,0.00162,0.162,False,0,stable prefix is read from cache
stable-tool-schema-10-calls,stable-tool-schema-10-calls-terra-baseline,baseline,terra,1,1,model_roundtrip,0,0,50000,50000,500,272000,short,2.0,0.2,2.5,12.0,0.0,0.0,0.125,0.006,0.131,13.1,False,0,first stable prefix is written to cache
stable-tool-schema-10-calls,stable-tool-schema-10-calls-terra-baseline,baseline,terra,2,2,model_roundtrip,0,50000,0,50000,500,272000,short,2.0,0.2,2.5,12.0,0.0,0.01,0.0,0.006,0.016,1.6,False,0,stable prefix is read from cache
stable-tool-schema-10-calls,stable-tool-schema-10-calls-terra-baseline,baseline,terra,3,3,model_roundtrip,0,50000,0,50000,500,272000,short,2.0,0.2,2.5,12.0,0.0,0.01,0.0,0.006,0.016,1.6,False,0,stable prefix is read from cache
stable-tool-schema-10-calls,stable-tool-schema-10-calls-terra-baseline,baseline,terra,4,4,model_roundtrip,0,50000,0,50000,500,272000,short,2.0,0.2,2.5,12.0,0.0,0.01,0.0,0.006,0.016,1.6,False,0,stable prefix is read from cache
stable-tool-schema-10-calls,stable-tool-schema-10-calls-terra-baseline,baseline,terra,5,5,model_roundtrip,0,50000,0,50000,500,272000,short,2.0,0.2,2.5,12.0,0.0,0.01,0.0,0.006,0.016,1.6,False,0,stable prefix is read from cache
stable-tool-schema-10-calls,stable-tool-schema-10-calls-terra-baseline,baseline,terra,6,6,model_roundtrip,0,50000,0,50000,500,272000,short,2.0,0.2,2.5,12.0,0.0,0.01,0.0,0.006,0.016,1.6,False,0,stable prefix is read from cache
stable-tool-schema-10-calls,stable-tool-schema-10-calls-terra-baseline,baseline,terra,7,7,model_roundtrip,0,50000,0,50000,500,272000,short,2.0,0.2,2.5,12.0,0.0,0.01,0.0,0.006,0.016,1.6,False,0,stable prefix is read from cache
stable-tool-schema-10-calls,stable-tool-schema-10-calls-terra-baseline,baseline,terra,8,8,model_roundtrip,0,50000,0,50000,500,272000,short,2.0,0.2,2.5,12.0,0.0,0.01,0.0,0.006,0.016,1.6,False,0,stable prefix is read from cache
stable-tool-schema-10-calls,stable-tool-schema-10-calls-terra-baseline,baseline,terra,9,9,model_roundtrip,0,50000,0,50000,500,272000,short,2.0,0.2,2.5,12.0,0.0,0.01,0.0,0.006,0.016,1.6,False,0,stable prefix is read from cache
stable-tool-schema-10-calls,stable-tool-schema-10-calls-terra-baseline,baseline,terra,10,10,model_roundtrip,0,50000,0,50000,500,272000,short,2.0,0.2,2.5,12.0,0.0,0.01,0.0,0.006,0.016,1.6,False,0,stable prefix is read from cache
stable-tool-schema-10-calls,stable-tool-schema-10-calls-terra-comparison,comparison,terra,1,1,model_roundtrip,0,0,51000,51000,500,272000,short,2.0,0.2,2.5,12.0,0.0,0.0,0.1275,0.006,0.1335,13.35,False,0,first stable prefix is written to cache
stable-tool-schema-10-calls,stable-tool-schema-10-calls-terra-comparison,comparison,terra,2,2,model_roundtrip,0,51000,0,51000,500,272000,short,2.0,0.2,2.5,12.0,0.0,0.0102,0.0,0.006,0.0162,1.62,False,0,stable prefix is read from cache
stable-tool-schema-10-calls,stable-tool-schema-10-calls-terra-comparison,comparison,terra,3,3,model_roundtrip,0,51000,0,51000,500,272000,short,2.0,0.2,2.5,12.0,0.0,0.0102,0.0,0.006,0.0162,1.62,False,0,stable prefix is read from cache
stable-tool-schema-10-calls,stable-tool-schema-10-calls-terra-comparison,comparison,terra,4,4,model_roundtrip,0,51000,0,51000,500,272000,short,2.0,0.2,2.5,12.0,0.0,0.0102,0.0,0.006,0.0162,1.62,False,0,stable prefix is read from cache
stable-tool-schema-10-calls,stable-tool-schema-10-calls-terra-comparison,comparison,terra,5,5,model_roundtrip,0,51000,0,51000,500,272000,short,2.0,0.2,2.5,12.0,0.0,0.0102,0.0,0.006,0.0162,1.62,False,0,stable prefix is read from cache
stable-tool-schema-10-calls,stable-tool-schema-10-calls-terra-comparison,comparison,terra,6,6,model_roundtrip,0,51000,0,51000,500,272000,short,2.0,0.2,2.5,12.0,0.0,0.0102,0.0,0.006,0.0162,1.62,False,0,stable prefix is read from cache
stable-tool-schema-10-calls,stable-tool-schema-10-calls-terra-comparison,comparison,terra,7,7,model_roundtrip,0,51000,0,51000,500,272000,short,2.0,0.2,2.5,12.0,0.0,0.0102,0.0,0.006,0.0162,1.62,False,0,stable prefix is read from cache
stable-tool-schema-10-calls,stable-tool-schema-10-calls-terra-comparison,comparison,terra,8,8,model_roundtrip,0,51000,0,51000,500,272000,short,2.0,0.2,2.5,12.0,0.0,0.0102,0.0,0.006,0.0162,1.62,False,0,stable prefix is read from cache
stable-tool-schema-10-calls,stable-tool-schema-10-calls-terra-comparison,comparison,terra,9,9,model_roundtrip,0,51000,0,51000,500,272000,short,2.0,0.2,2.5,12.0,0.0,0.0102,0.0,0.006,0.0162,1.62,False,0,stable prefix is read from cache
stable-tool-schema-10-calls,stable-tool-schema-10-calls-terra-comparison,comparison,terra,10,10,model_roundtrip,0,51000,0,51000,500,272000,short,2.0,0.2,2.5,12.0,0.0,0.0102,0.0,0.006,0.0162,1.62,False,0,stable prefix is read from cache
stable-tool-schema-10-calls,stable-tool-schema-10-calls-sol-baseline,baseline,sol,1,1,model_roundtrip,0,0,50000,50000,500,272000,short,4.0,0.4,5.0,20.0,0.0,0.0,0.25,0.01,0.26,26.0,False,0,first stable prefix is written to cache
stable-tool-schema-10-calls,stable-tool-schema-10-calls-sol-baseline,baseline,sol,2,2,model_roundtrip,0,50000,0,50000,500,272000,short,4.0,0.4,5.0,20.0,0.0,0.02,0.0,0.01,0.03,3.0,False,0,stable prefix is read from cache
stable-tool-schema-10-calls,stable-tool-schema-10-calls-sol-baseline,baseline,sol,3,3,model_roundtrip,0,50000,0,50000,500,272000,short,4.0,0.4,5.0,20.0,0.0,0.02,0.0,0.01,0.03,3.0,False,0,stable prefix is read from cache
stable-tool-schema-10-calls,stable-tool-schema-10-calls-sol-baseline,baseline,sol,4,4,model_roundtrip,0,50000,0,50000,500,272000,short,4.0,0.4,5.0,20.0,0.0,0.02,0.0,0.01,0.03,3.0,False,0,stable prefix is read from cache
stable-tool-schema-10-calls,stable-tool-schema-10-calls-sol-baseline,baseline,sol,5,5,model_roundtrip,0,50000,0,50000,500,272000,short,4.0,0.4,5.0,20.0,0.0,0.02,0.0,0.01,0.03,3.0,False,0,stable prefix is read from cache
stable-tool-schema-10-calls,stable-tool-schema-10-calls-sol-baseline,baseline,sol,6,6,model_roundtrip,0,50000,0,50000,500,272000,short,4.0,0.4,5.0,20.0,0.0,0.02,0.0,0.01,0.03,3.0,False,0,stable prefix is read from cache
stable-tool-schema-10-calls,stable-tool-schema-10-calls-sol-baseline,baseline,sol,7,7,model_roundtrip,0,50000,0,50000,500,272000,short,4.0,0.4,5.0,20.0,0.0,0.02,0.0,0.01,0.03,3.0,False,0,stable prefix is read from cache
stable-tool-schema-10-calls,stable-tool-schema-10-calls-sol-baseline,baseline,sol,8,8,model_roundtrip,0,50000,0,50000,500,272000,short,4.0,0.4,5.0,20.0,0.0,0.02,0.0,0.01,0.03,3.0,False,0,stable prefix is read from cache
stable-tool-schema-10-calls,stable-tool-schema-10-calls-sol-baseline,baseline,sol,9,9,model_roundtrip,0,50000,0,50000,500,272000,short,4.0,0.4,5.0,20.0,0.0,0.02,0.0,0.01,0.03,3.0,False,0,stable prefix is read from cache
stable-tool-schema-10-calls,stable-tool-schema-10-calls-sol-baseline,baseline,sol,10,10,model_roundtrip,0,50000,0,50000,500,272000,short,4.0,0.4,5.0,20.0,0.0,0.02,0.0,0.01,0.03,3.0,False,0,stable prefix is read from cache
stable-tool-schema-10-calls,stable-tool-schema-10-calls-sol-comparison,comparison,sol,1,1,model_roundtrip,0,0,51000,51000,500,272000,short,4.0,0.4,5.0,20.0,0.0,0.0,0.255,0.01,0.265,26.5,False,0,first stable prefix is written to cache
stable-tool-schema-10-calls,stable-tool-schema-10-calls-sol-comparison,comparison,sol,2,2,model_roundtrip,0,51000,0,51000,500,272000,short,4.0,0.4,5.0,20.0,0.0,0.0204,0.0,0.01,0.0304,3.04,False,0,stable prefix is read from cache
stable-tool-schema-10-calls,stable-tool-schema-10-calls-sol-comparison,comparison,sol,3,3,model_roundtrip,0,51000,0,51000,500,272000,short,4.0,0.4,5.0,20.0,0.0,0.0204,0.0,0.01,0.0304,3.04,False,0,stable prefix is read from cache
stable-tool-schema-10-calls,stable-tool-schema-10-calls-sol-comparison,comparison,sol,4,4,model_roundtrip,0,51000,0,51000,500,272000,short,4.0,0.4,5.0,20.0,0.0,0.0204,0.0,0.01,0.0304,3.04,False,0,stable prefix is read from cache
stable-tool-schema-10-calls,stable-tool-schema-10-calls-sol-comparison,comparison,sol,5,5,model_roundtrip,0,51000,0,51000,500,272000,short,4.0,0.4,5.0,20.0,0.0,0.0204,0.0,0.01,0.0304,3.04,False,0,stable prefix is read from cache
stable-tool-schema-10-calls,stable-tool-schema-10-calls-sol-comparison,comparison,sol,6,6,model_roundtrip,0,51000,0,51000,500,272000,short,4.0,0.4,5.0,20.0,0.0,0.0204,0.0,0.01,0.0304,3.04,False,0,stable prefix is read from cache
stable-tool-schema-10-calls,stable-tool-schema-10-calls-sol-comparison,comparison,sol,7,7,model_roundtrip,0,51000,0,51000,500,272000,short,4.0,0.4,5.0,20.0,0.0,0.0204,0.0,0.01,0.0304,3.04,False,0,stable prefix is read from cache
stable-tool-schema-10-calls,stable-tool-schema-10-calls-sol-comparison,comparison,sol,8,8,model_roundtrip,0,51000,0,51000,500,272000,short,4.0,0.4,5.0,20.0,0.0,0.0204,0.0,0.01,0.0304,3.04,False,0,stable prefix is read from cache
stable-tool-schema-10-calls,stable-tool-schema-10-calls-sol-comparison,comparison,sol,9,9,model_roundtrip,0,51000,0,51000,500,272000,short,4.0,0.4,5.0,20.0,0.0,0.0204,0.0,0.01,0.0304,3.04,False,0,stable prefix is read from cache
stable-tool-schema-10-calls,stable-tool-schema-10-calls-sol-comparison,comparison,sol,10,10,model_roundtrip,0,51000,0,51000,500,272000,short,4.0,0.4,5.0,20.0,0.0,0.0204,0.0,0.01,0.0304,3.04,False,0,stable prefix is read from cache
output-1k-one-call,output-1k-one-call-luna-baseline,baseline,luna,1,1,model_roundtrip,0,0,50000,50000,500,200000,short,0.2,0.02,0.25,1.2,0.0,0.0,0.0125,0.0006,0.0131,1.31,False,0,first stable prefix is written to cache
output-1k-one-call,output-1k-one-call-luna-comparison,comparison,luna,1,1,model_roundtrip,0,0,50000,50000,1500,200000,short,0.2,0.02,0.25,1.2,0.0,0.0,0.0125,0.0018,0.0143,1.43,False,0,first stable prefix is written to cache
output-1k-one-call,output-1k-one-call-terra-baseline,baseline,terra,1,1,model_roundtrip,0,0,50000,50000,500,272000,short,2.0,0.2,2.5,12.0,0.0,0.0,0.125,0.006,0.131,13.1,False,0,first stable prefix is written to cache
output-1k-one-call,output-1k-one-call-terra-comparison,comparison,terra,1,1,model_roundtrip,0,0,50000,50000,1500,272000,short,2.0,0.2,2.5,12.0,0.0,0.0,0.125,0.018,0.143,14.3,False,0,first stable prefix is written to cache
output-1k-one-call,output-1k-one-call-sol-baseline,baseline,sol,1,1,model_roundtrip,0,0,50000,50000,500,272000,short,4.0,0.4,5.0,20.0,0.0,0.0,0.25,0.01,0.26,26.0,False,0,first stable prefix is written to cache
output-1k-one-call,output-1k-one-call-sol-comparison,comparison,sol,1,1,model_roundtrip,0,0,50000,50000,1500,272000,short,4.0,0.4,5.0,20.0,0.0,0.0,0.25,0.03,0.28,28.0,False,0,first stable prefix is written to cache
retain-tool-results-4-tools,retain-tool-results-4-tools-luna-baseline,baseline,luna,1,1,tool_request,0,0,50000,50000,100,200000,short,0.2,0.02,0.25,1.2,0.0,0.0,0.0125,0.00012,0.01262,1.262,False,0,cold initial prompt before first tool
retain-tool-results-4-tools,retain-tool-results-4-tools-luna-baseline,baseline,luna,2,2,tool_request,0,50000,100,50100,100,200000,short,0.2,0.02,0.25,1.2,0.0,0.001,2.5e-05,0.00012,0.001145,0.1145,False,0,prior tool exchange appended before next tool
retain-tool-results-4-tools,retain-tool-results-4-tools-luna-baseline,baseline,luna,3,3,tool_request,0,50100,100,50200,100,200000,short,0.2,0.02,0.25,1.2,0.0,0.001002,2.5e-05,0.00012,0.001147,0.1147,False,0,prior tool exchange appended before next tool
retain-tool-results-4-tools,retain-tool-results-4-tools-luna-baseline,baseline,luna,4,4,tool_request,0,50200,100,50300,100,200000,short,0.2,0.02,0.25,1.2,0.0,0.001004,2.5e-05,0.00012,0.001149,0.1149,False,0,prior tool exchange appended before next tool
retain-tool-results-4-tools,retain-tool-results-4-tools-luna-baseline,baseline,luna,5,5,final_response,0,50300,100,50400,500,200000,short,0.2,0.02,0.25,1.2,0.0,0.001006,2.5e-05,0.0006,0.001631,0.1631,False,0,last tool exchange appended before final response
retain-tool-results-4-tools,retain-tool-results-4-tools-luna-comparison,comparison,luna,1,1,tool_request,0,0,50000,50000,100,200000,short,0.2,0.02,0.25,1.2,0.0,0.0,0.0125,0.00012,0.01262,1.262,False,0,cold initial prompt before first tool
retain-tool-results-4-tools,retain-tool-results-4-tools-luna-comparison,comparison,luna,2,2,tool_request,0,50000,2100,52100,100,200000,short,0.2,0.02,0.25,1.2,0.0,0.001,0.000525,0.00012,0.001645,0.1645,False,0,prior tool exchange appended before next tool
retain-tool-results-4-tools,retain-tool-results-4-tools-luna-comparison,comparison,luna,3,3,tool_request,0,52100,2100,54200,100,200000,short,0.2,0.02,0.25,1.2,0.0,0.001042,0.000525,0.00012,0.001687,0.1687,False,0,prior tool exchange appended before next tool
retain-tool-results-4-tools,retain-tool-results-4-tools-luna-comparison,comparison,luna,4,4,tool_request,0,54200,2100,56300,100,200000,short,0.2,0.02,0.25,1.2,0.0,0.001084,0.000525,0.00012,0.001729,0.1729,False,0,prior tool exchange appended before next tool
retain-tool-results-4-tools,retain-tool-results-4-tools-luna-comparison,comparison,luna,5,5,final_response,0,56300,2100,58400,500,200000,short,0.2,0.02,0.25,1.2,0.0,0.001126,0.000525,0.0006,0.002251,0.2251,False,0,last tool exchange appended before final response
retain-tool-results-4-tools,retain-tool-results-4-tools-terra-baseline,baseline,terra,1,1,tool_request,0,0,50000,50000,100,272000,short,2.0,0.2,2.5,12.0,0.0,0.0,0.125,0.0012,0.1262,12.62,False,0,cold initial prompt before first tool
retain-tool-results-4-tools,retain-tool-results-4-tools-terra-baseline,baseline,terra,2,2,tool_request,0,50000,100,50100,100,272000,short,2.0,0.2,2.5,12.0,0.0,0.01,0.00025,0.0012,0.01145,1.145,False,0,prior tool exchange appended before next tool
retain-tool-results-4-tools,retain-tool-results-4-tools-terra-baseline,baseline,terra,3,3,tool_request,0,50100,100,50200,100,272000,short,2.0,0.2,2.5,12.0,0.0,0.01002,0.00025,0.0012,0.01147,1.147,False,0,prior tool exchange appended before next tool
retain-tool-results-4-tools,retain-tool-results-4-tools-terra-baseline,baseline,terra,4,4,tool_request,0,50200,100,50300,100,272000,short,2.0,0.2,2.5,12.0,0.0,0.01004,0.00025,0.0012,0.01149,1.149,False,0,prior tool exchange appended before next tool
retain-tool-results-4-tools,retain-tool-results-4-tools-terra-baseline,baseline,terra,5,5,final_response,0,50300,100,50400,500,272000,short,2.0,0.2,2.5,12.0,0.0,0.01006,0.00025,0.006,0.01631,1.631,False,0,last tool exchange appended before final response
retain-tool-results-4-tools,retain-tool-results-4-tools-terra-comparison,comparison,terra,1,1,tool_request,0,0,50000,50000,100,272000,short,2.0,0.2,2.5,12.0,0.0,0.0,0.125,0.0012,0.1262,12.62,False,0,cold initial prompt before first tool
retain-tool-results-4-tools,retain-tool-results-4-tools-terra-comparison,comparison,terra,2,2,tool_request,0,50000,2100,52100,100,272000,short,2.0,0.2,2.5,12.0,0.0,0.01,0.00525,0.0012,0.01645,1.645,False,0,prior tool exchange appended before next tool
retain-tool-results-4-tools,retain-tool-results-4-tools-terra-comparison,comparison,terra,3,3,tool_request,0,52100,2100,54200,100,272000,short,2.0,0.2,2.5,12.0,0.0,0.01042,0.00525,0.0012,0.01687,1.687,False,0,prior tool exchange appended before next tool
retain-tool-results-4-tools,retain-tool-results-4-tools-terra-comparison,comparison,terra,4,4,tool_request,0,54200,2100,56300,100,272000,short,2.0,0.2,2.5,12.0,0.0,0.01084,0.00525,0.0012,0.01729,1.729,False,0,prior tool exchange appended before next tool
retain-tool-results-4-tools,retain-tool-results-4-tools-terra-comparison,comparison,terra,5,5,final_response,0,56300,2100,58400,500,272000,short,2.0,0.2,2.5,12.0,0.0,0.01126,0.00525,0.006,0.02251,2.251,False,0,last tool exchange appended before final response
retain-tool-results-4-tools,retain-tool-results-4-tools-sol-baseline,baseline,sol,1,1,tool_request,0,0,50000,50000,100,272000,short,4.0,0.4,5.0,20.0,0.0,0.0,0.25,0.002,0.252,25.2,False,0,cold initial prompt before first tool
retain-tool-results-4-tools,retain-tool-results-4-tools-sol-baseline,baseline,sol,2,2,tool_request,0,50000,100,50100,100,272000,short,4.0,0.4,5.0,20.0,0.0,0.02,0.0005,0.002,0.0225,2.25,False,0,prior tool exchange appended before next tool
retain-tool-results-4-tools,retain-tool-results-4-tools-sol-baseline,baseline,sol,3,3,tool_request,0,50100,100,50200,100,272000,short,4.0,0.4,5.0,20.0,0.0,0.02004,0.0005,0.002,0.02254,2.254,False,0,prior tool exchange appended before next tool
retain-tool-results-4-tools,retain-tool-results-4-tools-sol-baseline,baseline,sol,4,4,tool_request,0,50200,100,50300,100,272000,short,4.0,0.4,5.0,20.0,0.0,0.02008,0.0005,0.002,0.02258,2.258,False,0,prior tool exchange appended before next tool
retain-tool-results-4-tools,retain-tool-results-4-tools-sol-baseline,baseline,sol,5,5,final_response,0,50300,100,50400,500,272000,short,4.0,0.4,5.0,20.0,0.0,0.02012,0.0005,0.01,0.03062,3.062,False,0,last tool exchange appended before final response
retain-tool-results-4-tools,retain-tool-results-4-tools-sol-comparison,comparison,sol,1,1,tool_request,0,0,50000,50000,100,272000,short,4.0,0.4,5.0,20.0,0.0,0.0,0.25,0.002,0.252,25.2,False,0,cold initial prompt before first tool
retain-tool-results-4-tools,retain-tool-results-4-tools-sol-comparison,comparison,sol,2,2,tool_request,0,50000,2100,52100,100,272000,short,4.0,0.4,5.0,20.0,0.0,0.02,0.0105,0.002,0.0325,3.25,False,0,prior tool exchange appended before next tool
retain-tool-results-4-tools,retain-tool-results-4-tools-sol-comparison,comparison,sol,3,3,tool_request,0,52100,2100,54200,100,272000,short,4.0,0.4,5.0,20.0,0.0,0.02084,0.0105,0.002,0.03334,3.334,False,0,prior tool exchange appended before next tool
retain-tool-results-4-tools,retain-tool-results-4-tools-sol-comparison,comparison,sol,4,4,tool_request,0,54200,2100,56300,100,272000,short,4.0,0.4,5.0,20.0,0.0,0.02168,0.0105,0.002,0.03418,3.418,False,0,prior tool exchange appended before next tool
retain-tool-results-4-tools,retain-tool-results-4-tools-sol-comparison,comparison,sol,5,5,final_response,0,56300,2100,58400,500,272000,short,4.0,0.4,5.0,20.0,0.0,0.02252,0.0105,0.01,0.04302,4.302,False,0,last tool exchange appended before final response
tool-result-size-plus-1k,tool-result-size-plus-1k-luna-baseline,baseline,luna,1,1,tool_request,0,0,50000,50000,100,200000,short,0.2,0.02,0.25,1.2,0.0,0.0,0.0125,0.00012,0.01262,1.262,False,0,cold initial prompt before first tool
tool-result-size-plus-1k,tool-result-size-plus-1k-luna-baseline,baseline,luna,2,2,tool_request,0,50000,2100,52100,100,200000,short,0.2,0.02,0.25,1.2,0.0,0.001,0.000525,0.00012,0.001645,0.1645,False,0,prior tool exchange appended before next tool
tool-result-size-plus-1k,tool-result-size-plus-1k-luna-baseline,baseline,luna,3,3,tool_request,0,52100,2100,54200,100,200000,short,0.2,0.02,0.25,1.2,0.0,0.001042,0.000525,0.00012,0.001687,0.1687,False,0,prior tool exchange appended before next tool
tool-result-size-plus-1k,tool-result-size-plus-1k-luna-baseline,baseline,luna,4,4,tool_request,0,54200,2100,56300,100,200000,short,0.2,0.02,0.25,1.2,0.0,0.001084,0.000525,0.00012,0.001729,0.1729,False,0,prior tool exchange appended before next tool
tool-result-size-plus-1k,tool-result-size-plus-1k-luna-baseline,baseline,luna,5,5,final_response,0,56300,2100,58400,500,200000,short,0.2,0.02,0.25,1.2,0.0,0.001126,0.000525,0.0006,0.002251,0.2251,False,0,last tool exchange appended before final response
tool-result-size-plus-1k,tool-result-size-plus-1k-luna-comparison,comparison,luna,1,1,tool_request,0,0,50000,50000,100,200000,short,0.2,0.02,0.25,1.2,0.0,0.0,0.0125,0.00012,0.01262,1.262,False,0,cold initial prompt before first tool
tool-result-size-plus-1k,tool-result-size-plus-1k-luna-comparison,comparison,luna,2,2,tool_request,0,50000,3100,53100,100,200000,short,0.2,0.02,0.25,1.2,0.0,0.001,0.000775,0.00012,0.001895,0.1895,False,0,prior tool exchange appended before next tool
tool-result-size-plus-1k,tool-result-size-plus-1k-luna-comparison,comparison,luna,3,3,tool_request,0,53100,3100,56200,100,200000,short,0.2,0.02,0.25,1.2,0.0,0.001062,0.000775,0.00012,0.001957,0.1957,False,0,prior tool exchange appended before next tool
tool-result-size-plus-1k,tool-result-size-plus-1k-luna-comparison,comparison,luna,4,4,tool_request,0,56200,3100,59300,100,200000,short,0.2,0.02,0.25,1.2,0.0,0.001124,0.000775,0.00012,0.002019,0.2019,False,0,prior tool exchange appended before next tool
tool-result-size-plus-1k,tool-result-size-plus-1k-luna-comparison,comparison,luna,5,5,final_response,0,59300,3100,62400,500,200000,short,0.2,0.02,0.25,1.2,0.0,0.001186,0.000775,0.0006,0.002561,0.2561,False,0,last tool exchange appended before final response
tool-result-size-plus-1k,tool-result-size-plus-1k-terra-baseline,baseline,terra,1,1,tool_request,0,0,50000,50000,100,272000,short,2.0,0.2,2.5,12.0,0.0,0.0,0.125,0.0012,0.1262,12.62,False,0,cold initial prompt before first tool
tool-result-size-plus-1k,tool-result-size-plus-1k-terra-baseline,baseline,terra,2,2,tool_request,0,50000,2100,52100,100,272000,short,2.0,0.2,2.5,12.0,0.0,0.01,0.00525,0.0012,0.01645,1.645,False,0,prior tool exchange appended before next tool
tool-result-size-plus-1k,tool-result-size-plus-1k-terra-baseline,baseline,terra,3,3,tool_request,0,52100,2100,54200,100,272000,short,2.0,0.2,2.5,12.0,0.0,0.01042,0.00525,0.0012,0.01687,1.687,False,0,prior tool exchange appended before next tool
tool-result-size-plus-1k,tool-result-size-plus-1k-terra-baseline,baseline,terra,4,4,tool_request,0,54200,2100,56300,100,272000,short,2.0,0.2,2.5,12.0,0.0,0.01084,0.00525,0.0012,0.01729,1.729,False,0,prior tool exchange appended before next tool
tool-result-size-plus-1k,tool-result-size-plus-1k-terra-baseline,baseline,terra,5,5,final_response,0,56300,2100,58400,500,272000,short,2.0,0.2,2.5,12.0,0.0,0.01126,0.00525,0.006,0.02251,2.251,False,0,last tool exchange appended before final response
tool-result-size-plus-1k,tool-result-size-plus-1k-terra-comparison,comparison,terra,1,1,tool_request,0,0,50000,50000,100,272000,short,2.0,0.2,2.5,12.0,0.0,0.0,0.125,0.0012,0.1262,12.62,False,0,cold initial prompt before first tool
tool-result-size-plus-1k,tool-result-size-plus-1k-terra-comparison,comparison,terra,2,2,tool_request,0,50000,3100,53100,100,272000,short,2.0,0.2,2.5,12.0,0.0,0.01,0.00775,0.0012,0.01895,1.895,False,0,prior tool exchange appended before next tool
tool-result-size-plus-1k,tool-result-size-plus-1k-terra-comparison,comparison,terra,3,3,tool_request,0,53100,3100,56200,100,272000,short,2.0,0.2,2.5,12.0,0.0,0.01062,0.00775,0.0012,0.01957,1.957,False,0,prior tool exchange appended before next tool
tool-result-size-plus-1k,tool-result-size-plus-1k-terra-comparison,comparison,terra,4,4,tool_request,0,56200,3100,59300,100,272000,short,2.0,0.2,2.5,12.0,0.0,0.01124,0.00775,0.0012,0.02019,2.019,False,0,prior tool exchange appended before next tool
tool-result-size-plus-1k,tool-result-size-plus-1k-terra-comparison,comparison,terra,5,5,final_response,0,59300,3100,62400,500,272000,short,2.0,0.2,2.5,12.0,0.0,0.01186,0.00775,0.006,0.02561,2.561,False,0,last tool exchange appended before final response
tool-result-size-plus-1k,tool-result-size-plus-1k-sol-baseline,baseline,sol,1,1,tool_request,0,0,50000,50000,100,272000,short,4.0,0.4,5.0,20.0,0.0,0.0,0.25,0.002,0.252,25.2,False,0,cold initial prompt before first tool
tool-result-size-plus-1k,tool-result-size-plus-1k-sol-baseline,baseline,sol,2,2,tool_request,0,50000,2100,52100,100,272000,short,4.0,0.4,5.0,20.0,0.0,0.02,0.0105,0.002,0.0325,3.25,False,0,prior tool exchange appended before next tool
tool-result-size-plus-1k,tool-result-size-plus-1k-sol-baseline,baseline,sol,3,3,tool_request,0,52100,2100,54200,100,272000,short,4.0,0.4,5.0,20.0,0.0,0.02084,0.0105,0.002,0.03334,3.334,False,0,prior tool exchange appended before next tool
tool-result-size-plus-1k,tool-result-size-plus-1k-sol-baseline,baseline,sol,4,4,tool_request,0,54200,2100,56300,100,272000,short,4.0,0.4,5.0,20.0,0.0,0.02168,0.0105,0.002,0.03418,3.418,False,0,prior tool exchange appended before next tool
tool-result-size-plus-1k,tool-result-size-plus-1k-sol-baseline,baseline,sol,5,5,final_response,0,56300,2100,58400,500,272000,short,4.0,0.4,5.0,20.0,0.0,0.02252,0.0105,0.01,0.04302,4.302,False,0,last tool exchange appended before final response
tool-result-size-plus-1k,tool-result-size-plus-1k-sol-comparison,comparison,sol,1,1,tool_request,0,0,50000,50000,100,272000,short,4.0,0.4,5.0,20.0,0.0,0.0,0.25,0.002,0.252,25.2,False,0,cold initial prompt before first tool
tool-result-size-plus-1k,tool-result-size-plus-1k-sol-comparison,comparison,sol,2,2,tool_request,0,50000,3100,53100,100,272000,short,4.0,0.4,5.0,20.0,0.0,0.02,0.0155,0.002,0.0375,3.75,False,0,prior tool exchange appended before next tool
tool-result-size-plus-1k,tool-result-size-plus-1k-sol-comparison,comparison,sol,3,3,tool_request,0,53100,3100,56200,100,272000,short,4.0,0.4,5.0,20.0,0.0,0.02124,0.0155,0.002,0.03874,3.874,False,0,prior tool exchange appended before next tool
tool-result-size-plus-1k,tool-result-size-plus-1k-sol-comparison,comparison,sol,4,4,tool_request,0,56200,3100,59300,100,272000,short,4.0,0.4,5.0,20.0,0.0,0.02248,0.0155,0.002,0.03998,3.998,False,0,prior tool exchange appended before next tool
tool-result-size-plus-1k,tool-result-size-plus-1k-sol-comparison,comparison,sol,5,5,final_response,0,59300,3100,62400,500,272000,short,4.0,0.4,5.0,20.0,0.0,0.02372,0.0155,0.01,0.04922,4.922,False,0,last tool exchange appended before final response
tool-result-2k-vs-10k-sequential-4,tool-result-2k-vs-10k-sequential-4-luna-baseline,baseline,luna,1,1,tool_request,0,0,50000,50000,100,200000,short,0.2,0.02,0.25,1.2,0.0,0.0,0.0125,0.00012,0.01262,1.262,False,0,cold initial prompt before first tool
tool-result-2k-vs-10k-sequential-4,tool-result-2k-vs-10k-sequential-4-luna-baseline,baseline,luna,2,2,tool_request,0,50000,2100,52100,100,200000,short,0.2,0.02,0.25,1.2,0.0,0.001,0.000525,0.00012,0.001645,0.1645,False,0,prior tool exchange appended before next tool
tool-result-2k-vs-10k-sequential-4,tool-result-2k-vs-10k-sequential-4-luna-baseline,baseline,luna,3,3,tool_request,0,52100,2100,54200,100,200000,short,0.2,0.02,0.25,1.2,0.0,0.001042,0.000525,0.00012,0.001687,0.1687,False,0,prior tool exchange appended before next tool
tool-result-2k-vs-10k-sequential-4,tool-result-2k-vs-10k-sequential-4-luna-baseline,baseline,luna,4,4,tool_request,0,54200,2100,56300,100,200000,short,0.2,0.02,0.25,1.2,0.0,0.001084,0.000525,0.00012,0.001729,0.1729,False,0,prior tool exchange appended before next tool
tool-result-2k-vs-10k-sequential-4,tool-result-2k-vs-10k-sequential-4-luna-baseline,baseline,luna,5,5,final_response,0,56300,2100,58400,500,200000,short,0.2,0.02,0.25,1.2,0.0,0.001126,0.000525,0.0006,0.002251,0.2251,False,0,last tool exchange appended before final response
tool-result-2k-vs-10k-sequential-4,tool-result-2k-vs-10k-sequential-4-luna-comparison,comparison,luna,1,1,tool_request,0,0,50000,50000,100,200000,short,0.2,0.02,0.25,1.2,0.0,0.0,0.0125,0.00012,0.01262,1.262,False,0,cold initial prompt before first tool
tool-result-2k-vs-10k-sequential-4,tool-result-2k-vs-10k-sequential-4-luna-comparison,comparison,luna,2,2,tool_request,0,50000,10100,60100,100,200000,short,0.2,0.02,0.25,1.2,0.0,0.001,0.002525,0.00012,0.003645,0.3645,False,0,prior tool exchange appended before next tool
tool-result-2k-vs-10k-sequential-4,tool-result-2k-vs-10k-sequential-4-luna-comparison,comparison,luna,3,3,tool_request,0,60100,10100,70200,100,200000,short,0.2,0.02,0.25,1.2,0.0,0.001202,0.002525,0.00012,0.003847,0.3847,False,0,prior tool exchange appended before next tool
tool-result-2k-vs-10k-sequential-4,tool-result-2k-vs-10k-sequential-4-luna-comparison,comparison,luna,4,4,tool_request,0,70200,10100,80300,100,200000,short,0.2,0.02,0.25,1.2,0.0,0.001404,0.002525,0.00012,0.004049,0.4049,False,0,prior tool exchange appended before next tool
tool-result-2k-vs-10k-sequential-4,tool-result-2k-vs-10k-sequential-4-luna-comparison,comparison,luna,5,5,final_response,0,80300,10100,90400,500,200000,short,0.2,0.02,0.25,1.2,0.0,0.001606,0.002525,0.0006,0.004731,0.4731,False,0,last tool exchange appended before final response
tool-result-2k-vs-10k-sequential-4,tool-result-2k-vs-10k-sequential-4-terra-baseline,baseline,terra,1,1,tool_request,0,0,50000,50000,100,272000,short,2.0,0.2,2.5,12.0,0.0,0.0,0.125,0.0012,0.1262,12.62,False,0,cold initial prompt before first tool
tool-result-2k-vs-10k-sequential-4,tool-result-2k-vs-10k-sequential-4-terra-baseline,baseline,terra,2,2,tool_request,0,50000,2100,52100,100,272000,short,2.0,0.2,2.5,12.0,0.0,0.01,0.00525,0.0012,0.01645,1.645,False,0,prior tool exchange appended before next tool
tool-result-2k-vs-10k-sequential-4,tool-result-2k-vs-10k-sequential-4-terra-baseline,baseline,terra,3,3,tool_request,0,52100,2100,54200,100,272000,short,2.0,0.2,2.5,12.0,0.0,0.01042,0.00525,0.0012,0.01687,1.687,False,0,prior tool exchange appended before next tool
tool-result-2k-vs-10k-sequential-4,tool-result-2k-vs-10k-sequential-4-terra-baseline,baseline,terra,4,4,tool_request,0,54200,2100,56300,100,272000,short,2.0,0.2,2.5,12.0,0.0,0.01084,0.00525,0.0012,0.01729,1.729,False,0,prior tool exchange appended before next tool
tool-result-2k-vs-10k-sequential-4,tool-result-2k-vs-10k-sequential-4-terra-baseline,baseline,terra,5,5,final_response,0,56300,2100,58400,500,272000,short,2.0,0.2,2.5,12.0,0.0,0.01126,0.00525,0.006,0.02251,2.251,False,0,last tool exchange appended before final response
tool-result-2k-vs-10k-sequential-4,tool-result-2k-vs-10k-sequential-4-terra-comparison,comparison,terra,1,1,tool_request,0,0,50000,50000,100,272000,short,2.0,0.2,2.5,12.0,0.0,0.0,0.125,0.0012,0.1262,12.62,False,0,cold initial prompt before first tool
tool-result-2k-vs-10k-sequential-4,tool-result-2k-vs-10k-sequential-4-terra-comparison,comparison,terra,2,2,tool_request,0,50000,10100,60100,100,272000,short,2.0,0.2,2.5,12.0,0.0,0.01,0.02525,0.0012,0.03645,3.645,False,0,prior tool exchange appended before next tool
tool-result-2k-vs-10k-sequential-4,tool-result-2k-vs-10k-sequential-4-terra-comparison,comparison,terra,3,3,tool_request,0,60100,10100,70200,100,272000,short,2.0,0.2,2.5,12.0,0.0,0.01202,0.02525,0.0012,0.03847,3.847,False,0,prior tool exchange appended before next tool
tool-result-2k-vs-10k-sequential-4,tool-result-2k-vs-10k-sequential-4-terra-comparison,comparison,terra,4,4,tool_request,0,70200,10100,80300,100,272000,short,2.0,0.2,2.5,12.0,0.0,0.01404,0.02525,0.0012,0.04049,4.049,False,0,prior tool exchange appended before next tool
tool-result-2k-vs-10k-sequential-4,tool-result-2k-vs-10k-sequential-4-terra-comparison,comparison,terra,5,5,final_response,0,80300,10100,90400,500,272000,short,2.0,0.2,2.5,12.0,0.0,0.01606,0.02525,0.006,0.04731,4.731,False,0,last tool exchange appended before final response
tool-result-2k-vs-10k-sequential-4,tool-result-2k-vs-10k-sequential-4-sol-baseline,baseline,sol,1,1,tool_request,0,0,50000,50000,100,272000,short,4.0,0.4,5.0,20.0,0.0,0.0,0.25,0.002,0.252,25.2,False,0,cold initial prompt before first tool
tool-result-2k-vs-10k-sequential-4,tool-result-2k-vs-10k-sequential-4-sol-baseline,baseline,sol,2,2,tool_request,0,50000,2100,52100,100,272000,short,4.0,0.4,5.0,20.0,0.0,0.02,0.0105,0.002,0.0325,3.25,False,0,prior tool exchange appended before next tool
tool-result-2k-vs-10k-sequential-4,tool-result-2k-vs-10k-sequential-4-sol-baseline,baseline,sol,3,3,tool_request,0,52100,2100,54200,100,272000,short,4.0,0.4,5.0,20.0,0.0,0.02084,0.0105,0.002,0.03334,3.334,False,0,prior tool exchange appended before next tool
tool-result-2k-vs-10k-sequential-4,tool-result-2k-vs-10k-sequential-4-sol-baseline,baseline,sol,4,4,tool_request,0,54200,2100,56300,100,272000,short,4.0,0.4,5.0,20.0,0.0,0.02168,0.0105,0.002,0.03418,3.418,False,0,prior tool exchange appended before next tool
tool-result-2k-vs-10k-sequential-4,tool-result-2k-vs-10k-sequential-4-sol-baseline,baseline,sol,5,5,final_response,0,56300,2100,58400,500,272000,short,4.0,0.4,5.0,20.0,0.0,0.02252,0.0105,0.01,0.04302,4.302,False,0,last tool exchange appended before final response
tool-result-2k-vs-10k-sequential-4,tool-result-2k-vs-10k-sequential-4-sol-comparison,comparison,sol,1,1,tool_request,0,0,50000,50000,100,272000,short,4.0,0.4,5.0,20.0,0.0,0.0,0.25,0.002,0.252,25.2,False,0,cold initial prompt before first tool
tool-result-2k-vs-10k-sequential-4,tool-result-2k-vs-10k-sequential-4-sol-comparison,comparison,sol,2,2,tool_request,0,50000,10100,60100,100,272000,short,4.0,0.4,5.0,20.0,0.0,0.02,0.0505,0.002,0.0725,7.25,False,0,prior tool exchange appended before next tool
tool-result-2k-vs-10k-sequential-4,tool-result-2k-vs-10k-sequential-4-sol-comparison,comparison,sol,3,3,tool_request,0,60100,10100,70200,100,272000,short,4.0,0.4,5.0,20.0,0.0,0.02404,0.0505,0.002,0.07654,7.654,False,0,prior tool exchange appended before next tool
tool-result-2k-vs-10k-sequential-4,tool-result-2k-vs-10k-sequential-4-sol-comparison,comparison,sol,4,4,tool_request,0,70200,10100,80300,100,272000,short,4.0,0.4,5.0,20.0,0.0,0.02808,0.0505,0.002,0.08058,8.058,False,0,prior tool exchange appended before next tool
tool-result-2k-vs-10k-sequential-4,tool-result-2k-vs-10k-sequential-4-sol-comparison,comparison,sol,5,5,final_response,0,80300,10100,90400,500,272000,short,4.0,0.4,5.0,20.0,0.0,0.03212,0.0505,0.01,0.09262,9.262,False,0,last tool exchange appended before final response
prefix-churn-10-calls,prefix-churn-10-calls-luna-baseline,baseline,luna,1,1,model_roundtrip,0,0,50000,50000,500,200000,short,0.2,0.02,0.25,1.2,0.0,0.0,0.0125,0.0006,0.0131,1.31,False,0,first stable prefix is written to cache
prefix-churn-10-calls,prefix-churn-10-calls-luna-baseline,baseline,luna,2,2,model_roundtrip,0,50000,0,50000,500,200000,short,0.2,0.02,0.25,1.2,0.0,0.001,0.0,0.0006,0.0016,0.16,False,0,stable prefix is read from cache
prefix-churn-10-calls,prefix-churn-10-calls-luna-baseline,baseline,luna,3,3,model_roundtrip,0,50000,0,50000,500,200000,short,0.2,0.02,0.25,1.2,0.0,0.001,0.0,0.0006,0.0016,0.16,False,0,stable prefix is read from cache
prefix-churn-10-calls,prefix-churn-10-calls-luna-baseline,baseline,luna,4,4,model_roundtrip,0,50000,0,50000,500,200000,short,0.2,0.02,0.25,1.2,0.0,0.001,0.0,0.0006,0.0016,0.16,False,0,stable prefix is read from cache
prefix-churn-10-calls,prefix-churn-10-calls-luna-baseline,baseline,luna,5,5,model_roundtrip,0,50000,0,50000,500,200000,short,0.2,0.02,0.25,1.2,0.0,0.001,0.0,0.0006,0.0016,0.16,False,0,stable prefix is read from cache
prefix-churn-10-calls,prefix-churn-10-calls-luna-baseline,baseline,luna,6,6,model_roundtrip,0,50000,0,50000,500,200000,short,0.2,0.02,0.25,1.2,0.0,0.001,0.0,0.0006,0.0016,0.16,False,0,stable prefix is read from cache
prefix-churn-10-calls,prefix-churn-10-calls-luna-baseline,baseline,luna,7,7,model_roundtrip,0,50000,0,50000,500,200000,short,0.2,0.02,0.25,1.2,0.0,0.001,0.0,0.0006,0.0016,0.16,False,0,stable prefix is read from cache
prefix-churn-10-calls,prefix-churn-10-calls-luna-baseline,baseline,luna,8,8,model_roundtrip,0,50000,0,50000,500,200000,short,0.2,0.02,0.25,1.2,0.0,0.001,0.0,0.0006,0.0016,0.16,False,0,stable prefix is read from cache
prefix-churn-10-calls,prefix-churn-10-calls-luna-baseline,baseline,luna,9,9,model_roundtrip,0,50000,0,50000,500,200000,short,0.2,0.02,0.25,1.2,0.0,0.001,0.0,0.0006,0.0016,0.16,False,0,stable prefix is read from cache
prefix-churn-10-calls,prefix-churn-10-calls-luna-baseline,baseline,luna,10,10,model_roundtrip,0,50000,0,50000,500,200000,short,0.2,0.02,0.25,1.2,0.0,0.001,0.0,0.0006,0.0016,0.16,False,0,stable prefix is read from cache
prefix-churn-10-calls,prefix-churn-10-calls-luna-comparison,comparison,luna,1,1,model_roundtrip,0,0,50000,50000,500,200000,short,0.2,0.02,0.25,1.2,0.0,0.0,0.0125,0.0006,0.0131,1.31,False,0,changed prefix is rewritten
prefix-churn-10-calls,prefix-churn-10-calls-luna-comparison,comparison,luna,2,2,model_roundtrip,0,0,50000,50000,500,200000,short,0.2,0.02,0.25,1.2,0.0,0.0,0.0125,0.0006,0.0131,1.31,False,0,changed prefix is rewritten
prefix-churn-10-calls,prefix-churn-10-calls-luna-comparison,comparison,luna,3,3,model_roundtrip,0,0,50000,50000,500,200000,short,0.2,0.02,0.25,1.2,0.0,0.0,0.0125,0.0006,0.0131,1.31,False,0,changed prefix is rewritten
prefix-churn-10-calls,prefix-churn-10-calls-luna-comparison,comparison,luna,4,4,model_roundtrip,0,0,50000,50000,500,200000,short,0.2,0.02,0.25,1.2,0.0,0.0,0.0125,0.0006,0.0131,1.31,False,0,changed prefix is rewritten
prefix-churn-10-calls,prefix-churn-10-calls-luna-comparison,comparison,luna,5,5,model_roundtrip,0,0,50000,50000,500,200000,short,0.2,0.02,0.25,1.2,0.0,0.0,0.0125,0.0006,0.0131,1.31,False,0,changed prefix is rewritten
prefix-churn-10-calls,prefix-churn-10-calls-luna-comparison,comparison,luna,6,6,model_roundtrip,0,0,50000,50000,500,200000,short,0.2,0.02,0.25,1.2,0.0,0.0,0.0125,0.0006,0.0131,1.31,False,0,changed prefix is rewritten
prefix-churn-10-calls,prefix-churn-10-calls-luna-comparison,comparison,luna,7,7,model_roundtrip,0,0,50000,50000,500,200000,short,0.2,0.02,0.25,1.2,0.0,0.0,0.0125,0.0006,0.0131,1.31,False,0,changed prefix is rewritten
prefix-churn-10-calls,prefix-churn-10-calls-luna-comparison,comparison,luna,8,8,model_roundtrip,0,0,50000,50000,500,200000,short,0.2,0.02,0.25,1.2,0.0,0.0,0.0125,0.0006,0.0131,1.31,False,0,changed prefix is rewritten
prefix-churn-10-calls,prefix-churn-10-calls-luna-comparison,comparison,luna,9,9,model_roundtrip,0,0,50000,50000,500,200000,short,0.2,0.02,0.25,1.2,0.0,0.0,0.0125,0.0006,0.0131,1.31,False,0,changed prefix is rewritten
prefix-churn-10-calls,prefix-churn-10-calls-luna-comparison,comparison,luna,10,10,model_roundtrip,0,0,50000,50000,500,200000,short,0.2,0.02,0.25,1.2,0.0,0.0,0.0125,0.0006,0.0131,1.31,False,0,changed prefix is rewritten
prefix-churn-10-calls,prefix-churn-10-calls-terra-baseline,baseline,terra,1,1,model_roundtrip,0,0,50000,50000,500,272000,short,2.0,0.2,2.5,12.0,0.0,0.0,0.125,0.006,0.131,13.1,False,0,first stable prefix is written to cache
prefix-churn-10-calls,prefix-churn-10-calls-terra-baseline,baseline,terra,2,2,model_roundtrip,0,50000,0,50000,500,272000,short,2.0,0.2,2.5,12.0,0.0,0.01,0.0,0.006,0.016,1.6,False,0,stable prefix is read from cache
prefix-churn-10-calls,prefix-churn-10-calls-terra-baseline,baseline,terra,3,3,model_roundtrip,0,50000,0,50000,500,272000,short,2.0,0.2,2.5,12.0,0.0,0.01,0.0,0.006,0.016,1.6,False,0,stable prefix is read from cache
prefix-churn-10-calls,prefix-churn-10-calls-terra-baseline,baseline,terra,4,4,model_roundtrip,0,50000,0,50000,500,272000,short,2.0,0.2,2.5,12.0,0.0,0.01,0.0,0.006,0.016,1.6,False,0,stable prefix is read from cache
prefix-churn-10-calls,prefix-churn-10-calls-terra-baseline,baseline,terra,5,5,model_roundtrip,0,50000,0,50000,500,272000,short,2.0,0.2,2.5,12.0,0.0,0.01,0.0,0.006,0.016,1.6,False,0,stable prefix is read from cache
prefix-churn-10-calls,prefix-churn-10-calls-terra-baseline,baseline,terra,6,6,model_roundtrip,0,50000,0,50000,500,272000,short,2.0,0.2,2.5,12.0,0.0,0.01,0.0,0.006,0.016,1.6,False,0,stable prefix is read from cache
prefix-churn-10-calls,prefix-churn-10-calls-terra-baseline,baseline,terra,7,7,model_roundtrip,0,50000,0,50000,500,272000,short,2.0,0.2,2.5,12.0,0.0,0.01,0.0,0.006,0.016,1.6,False,0,stable prefix is read from cache
prefix-churn-10-calls,prefix-churn-10-calls-terra-baseline,baseline,terra,8,8,model_roundtrip,0,50000,0,50000,500,272000,short,2.0,0.2,2.5,12.0,0.0,0.01,0.0,0.006,0.016,1.6,False,0,stable prefix is read from cache
prefix-churn-10-calls,prefix-churn-10-calls-terra-baseline,baseline,terra,9,9,model_roundtrip,0,50000,0,50000,500,272000,short,2.0,0.2,2.5,12.0,0.0,0.01,0.0,0.006,0.016,1.6,False,0,stable prefix is read from cache
prefix-churn-10-calls,prefix-churn-10-calls-terra-baseline,baseline,terra,10,10,model_roundtrip,0,50000,0,50000,500,272000,short,2.0,0.2,2.5,12.0,0.0,0.01,0.0,0.006,0.016,1.6,False,0,stable prefix is read from cache
prefix-churn-10-calls,prefix-churn-10-calls-terra-comparison,comparison,terra,1,1,model_roundtrip,0,0,50000,50000,500,272000,short,2.0,0.2,2.5,12.0,0.0,0.0,0.125,0.006,0.131,13.1,False,0,changed prefix is rewritten
prefix-churn-10-calls,prefix-churn-10-calls-terra-comparison,comparison,terra,2,2,model_roundtrip,0,0,50000,50000,500,272000,short,2.0,0.2,2.5,12.0,0.0,0.0,0.125,0.006,0.131,13.1,False,0,changed prefix is rewritten
prefix-churn-10-calls,prefix-churn-10-calls-terra-comparison,comparison,terra,3,3,model_roundtrip,0,0,50000,50000,500,272000,short,2.0,0.2,2.5,12.0,0.0,0.0,0.125,0.006,0.131,13.1,False,0,changed prefix is rewritten
prefix-churn-10-calls,prefix-churn-10-calls-terra-comparison,comparison,terra,4,4,model_roundtrip,0,0,50000,50000,500,272000,short,2.0,0.2,2.5,12.0,0.0,0.0,0.125,0.006,0.131,13.1,False,0,changed prefix is rewritten
prefix-churn-10-calls,prefix-churn-10-calls-terra-comparison,comparison,terra,5,5,model_roundtrip,0,0,50000,50000,500,272000,short,2.0,0.2,2.5,12.0,0.0,0.0,0.125,0.006,0.131,13.1,False,0,changed prefix is rewritten
prefix-churn-10-calls,prefix-churn-10-calls-terra-comparison,comparison,terra,6,6,model_roundtrip,0,0,50000,50000,500,272000,short,2.0,0.2,2.5,12.0,0.0,0.0,0.125,0.006,0.131,13.1,False,0,changed prefix is rewritten
prefix-churn-10-calls,prefix-churn-10-calls-terra-comparison,comparison,terra,7,7,model_roundtrip,0,0,50000,50000,500,272000,short,2.0,0.2,2.5,12.0,0.0,0.0,0.125,0.006,0.131,13.1,False,0,changed prefix is rewritten
prefix-churn-10-calls,prefix-churn-10-calls-terra-comparison,comparison,terra,8,8,model_roundtrip,0,0,50000,50000,500,272000,short,2.0,0.2,2.5,12.0,0.0,0.0,0.125,0.006,0.131,13.1,False,0,changed prefix is rewritten
prefix-churn-10-calls,prefix-churn-10-calls-terra-comparison,comparison,terra,9,9,model_roundtrip,0,0,50000,50000,500,272000,short,2.0,0.2,2.5,12.0,0.0,0.0,0.125,0.006,0.131,13.1,False,0,changed prefix is rewritten
prefix-churn-10-calls,prefix-churn-10-calls-terra-comparison,comparison,terra,10,10,model_roundtrip,0,0,50000,50000,500,272000,short,2.0,0.2,2.5,12.0,0.0,0.0,0.125,0.006,0.131,13.1,False,0,changed prefix is rewritten
prefix-churn-10-calls,prefix-churn-10-calls-sol-baseline,baseline,sol,1,1,model_roundtrip,0,0,50000,50000,500,272000,short,4.0,0.4,5.0,20.0,0.0,0.0,0.25,0.01,0.26,26.0,False,0,first stable prefix is written to cache
prefix-churn-10-calls,prefix-churn-10-calls-sol-baseline,baseline,sol,2,2,model_roundtrip,0,50000,0,50000,500,272000,short,4.0,0.4,5.0,20.0,0.0,0.02,0.0,0.01,0.03,3.0,False,0,stable prefix is read from cache
prefix-churn-10-calls,prefix-churn-10-calls-sol-baseline,baseline,sol,3,3,model_roundtrip,0,50000,0,50000,500,272000,short,4.0,0.4,5.0,20.0,0.0,0.02,0.0,0.01,0.03,3.0,False,0,stable prefix is read from cache
prefix-churn-10-calls,prefix-churn-10-calls-sol-baseline,baseline,sol,4,4,model_roundtrip,0,50000,0,50000,500,272000,short,4.0,0.4,5.0,20.0,0.0,0.02,0.0,0.01,0.03,3.0,False,0,stable prefix is read from cache
prefix-churn-10-calls,prefix-churn-10-calls-sol-baseline,baseline,sol,5,5,model_roundtrip,0,50000,0,50000,500,272000,short,4.0,0.4,5.0,20.0,0.0,0.02,0.0,0.01,0.03,3.0,False,0,stable prefix is read from cache
prefix-churn-10-calls,prefix-churn-10-calls-sol-baseline,baseline,sol,6,6,model_roundtrip,0,50000,0,50000,500,272000,short,4.0,0.4,5.0,20.0,0.0,0.02,0.0,0.01,0.03,3.0,False,0,stable prefix is read from cache
prefix-churn-10-calls,prefix-churn-10-calls-sol-baseline,baseline,sol,7,7,model_roundtrip,0,50000,0,50000,500,272000,short,4.0,0.4,5.0,20.0,0.0,0.02,0.0,0.01,0.03,3.0,False,0,stable prefix is read from cache
prefix-churn-10-calls,prefix-churn-10-calls-sol-baseline,baseline,sol,8,8,model_roundtrip,0,50000,0,50000,500,272000,short,4.0,0.4,5.0,20.0,0.0,0.02,0.0,0.01,0.03,3.0,False,0,stable prefix is read from cache
prefix-churn-10-calls,prefix-churn-10-calls-sol-baseline,baseline,sol,9,9,model_roundtrip,0,50000,0,50000,500,272000,short,4.0,0.4,5.0,20.0,0.0,0.02,0.0,0.01,0.03,3.0,False,0,stable prefix is read from cache
prefix-churn-10-calls,prefix-churn-10-calls-sol-baseline,baseline,sol,10,10,model_roundtrip,0,50000,0,50000,500,272000,short,4.0,0.4,5.0,20.0,0.0,0.02,0.0,0.01,0.03,3.0,False,0,stable prefix is read from cache
prefix-churn-10-calls,prefix-churn-10-calls-sol-comparison,comparison,sol,1,1,model_roundtrip,0,0,50000,50000,500,272000,short,4.0,0.4,5.0,20.0,0.0,0.0,0.25,0.01,0.26,26.0,False,0,changed prefix is rewritten
prefix-churn-10-calls,prefix-churn-10-calls-sol-comparison,comparison,sol,2,2,model_roundtrip,0,0,50000,50000,500,272000,short,4.0,0.4,5.0,20.0,0.0,0.0,0.25,0.01,0.26,26.0,False,0,changed prefix is rewritten
prefix-churn-10-calls,prefix-churn-10-calls-sol-comparison,comparison,sol,3,3,model_roundtrip,0,0,50000,50000,500,272000,short,4.0,0.4,5.0,20.0,0.0,0.0,0.25,0.01,0.26,26.0,False,0,changed prefix is rewritten
prefix-churn-10-calls,prefix-churn-10-calls-sol-comparison,comparison,sol,4,4,model_roundtrip,0,0,50000,50000,500,272000,short,4.0,0.4,5.0,20.0,0.0,0.0,0.25,0.01,0.26,26.0,False,0,changed prefix is rewritten
prefix-churn-10-calls,prefix-churn-10-calls-sol-comparison,comparison,sol,5,5,model_roundtrip,0,0,50000,50000,500,272000,short,4.0,0.4,5.0,20.0,0.0,0.0,0.25,0.01,0.26,26.0,False,0,changed prefix is rewritten
prefix-churn-10-calls,prefix-churn-10-calls-sol-comparison,comparison,sol,6,6,model_roundtrip,0,0,50000,50000,500,272000,short,4.0,0.4,5.0,20.0,0.0,0.0,0.25,0.01,0.26,26.0,False,0,changed prefix is rewritten
prefix-churn-10-calls,prefix-churn-10-calls-sol-comparison,comparison,sol,7,7,model_roundtrip,0,0,50000,50000,500,272000,short,4.0,0.4,5.0,20.0,0.0,0.0,0.25,0.01,0.26,26.0,False,0,changed prefix is rewritten
prefix-churn-10-calls,prefix-churn-10-calls-sol-comparison,comparison,sol,8,8,model_roundtrip,0,0,50000,50000,500,272000,short,4.0,0.4,5.0,20.0,0.0,0.0,0.25,0.01,0.26,26.0,False,0,changed prefix is rewritten
prefix-churn-10-calls,prefix-churn-10-calls-sol-comparison,comparison,sol,9,9,model_roundtrip,0,0,50000,50000,500,272000,short,4.0,0.4,5.0,20.0,0.0,0.0,0.25,0.01,0.26,26.0,False,0,changed prefix is rewritten
prefix-churn-10-calls,prefix-churn-10-calls-sol-comparison,comparison,sol,10,10,model_roundtrip,0,0,50000,50000,500,272000,short,4.0,0.4,5.0,20.0,0.0,0.0,0.25,0.01,0.26,26.0,False,0,changed prefix is rewritten
extra-roundtrip-10-to-11,extra-roundtrip-10-to-11-luna-baseline,baseline,luna,1,1,model_roundtrip,0,0,50000,50000,500,200000,short,0.2,0.02,0.25,1.2,0.0,0.0,0.0125,0.0006,0.0131,1.31,False,0,first stable prefix is written to cache
extra-roundtrip-10-to-11,extra-roundtrip-10-to-11-luna-baseline,baseline,luna,2,2,model_roundtrip,0,50000,0,50000,500,200000,short,0.2,0.02,0.25,1.2,0.0,0.001,0.0,0.0006,0.0016,0.16,False,0,stable prefix is read from cache
extra-roundtrip-10-to-11,extra-roundtrip-10-to-11-luna-baseline,baseline,luna,3,3,model_roundtrip,0,50000,0,50000,500,200000,short,0.2,0.02,0.25,1.2,0.0,0.001,0.0,0.0006,0.0016,0.16,False,0,stable prefix is read from cache
extra-roundtrip-10-to-11,extra-roundtrip-10-to-11-luna-baseline,baseline,luna,4,4,model_roundtrip,0,50000,0,50000,500,200000,short,0.2,0.02,0.25,1.2,0.0,0.001,0.0,0.0006,0.0016,0.16,False,0,stable prefix is read from cache
extra-roundtrip-10-to-11,extra-roundtrip-10-to-11-luna-baseline,baseline,luna,5,5,model_roundtrip,0,50000,0,50000,500,200000,short,0.2,0.02,0.25,1.2,0.0,0.001,0.0,0.0006,0.0016,0.16,False,0,stable prefix is read from cache
extra-roundtrip-10-to-11,extra-roundtrip-10-to-11-luna-baseline,baseline,luna,6,6,model_roundtrip,0,50000,0,50000,500,200000,short,0.2,0.02,0.25,1.2,0.0,0.001,0.0,0.0006,0.0016,0.16,False,0,stable prefix is read from cache
extra-roundtrip-10-to-11,extra-roundtrip-10-to-11-luna-baseline,baseline,luna,7,7,model_roundtrip,0,50000,0,50000,500,200000,short,0.2,0.02,0.25,1.2,0.0,0.001,0.0,0.0006,0.0016,0.16,False,0,stable prefix is read from cache
extra-roundtrip-10-to-11,extra-roundtrip-10-to-11-luna-baseline,baseline,luna,8,8,model_roundtrip,0,50000,0,50000,500,200000,short,0.2,0.02,0.25,1.2,0.0,0.001,0.0,0.0006,0.0016,0.16,False,0,stable prefix is read from cache
extra-roundtrip-10-to-11,extra-roundtrip-10-to-11-luna-baseline,baseline,luna,9,9,model_roundtrip,0,50000,0,50000,500,200000,short,0.2,0.02,0.25,1.2,0.0,0.001,0.0,0.0006,0.0016,0.16,False,0,stable prefix is read from cache
extra-roundtrip-10-to-11,extra-roundtrip-10-to-11-luna-baseline,baseline,luna,10,10,model_roundtrip,0,50000,0,50000,500,200000,short,0.2,0.02,0.25,1.2,0.0,0.001,0.0,0.0006,0.0016,0.16,False,0,stable prefix is read from cache
extra-roundtrip-10-to-11,extra-roundtrip-10-to-11-luna-comparison,comparison,luna,1,1,model_roundtrip,0,0,50000,50000,500,200000,short,0.2,0.02,0.25,1.2,0.0,0.0,0.0125,0.0006,0.0131,1.31,False,0,first stable prefix is written to cache
extra-roundtrip-10-to-11,extra-roundtrip-10-to-11-luna-comparison,comparison,luna,2,2,model_roundtrip,0,50000,0,50000,500,200000,short,0.2,0.02,0.25,1.2,0.0,0.001,0.0,0.0006,0.0016,0.16,False,0,stable prefix is read from cache
extra-roundtrip-10-to-11,extra-roundtrip-10-to-11-luna-comparison,comparison,luna,3,3,model_roundtrip,0,50000,0,50000,500,200000,short,0.2,0.02,0.25,1.2,0.0,0.001,0.0,0.0006,0.0016,0.16,False,0,stable prefix is read from cache
extra-roundtrip-10-to-11,extra-roundtrip-10-to-11-luna-comparison,comparison,luna,4,4,model_roundtrip,0,50000,0,50000,500,200000,short,0.2,0.02,0.25,1.2,0.0,0.001,0.0,0.0006,0.0016,0.16,False,0,stable prefix is read from cache
extra-roundtrip-10-to-11,extra-roundtrip-10-to-11-luna-comparison,comparison,luna,5,5,model_roundtrip,0,50000,0,50000,500,200000,short,0.2,0.02,0.25,1.2,0.0,0.001,0.0,0.0006,0.0016,0.16,False,0,stable prefix is read from cache
extra-roundtrip-10-to-11,extra-roundtrip-10-to-11-luna-comparison,comparison,luna,6,6,model_roundtrip,0,50000,0,50000,500,200000,short,0.2,0.02,0.25,1.2,0.0,0.001,0.0,0.0006,0.0016,0.16,False,0,stable prefix is read from cache
extra-roundtrip-10-to-11,extra-roundtrip-10-to-11-luna-comparison,comparison,luna,7,7,model_roundtrip,0,50000,0,50000,500,200000,short,0.2,0.02,0.25,1.2,0.0,0.001,0.0,0.0006,0.0016,0.16,False,0,stable prefix is read from cache
extra-roundtrip-10-to-11,extra-roundtrip-10-to-11-luna-comparison,comparison,luna,8,8,model_roundtrip,0,50000,0,50000,500,200000,short,0.2,0.02,0.25,1.2,0.0,0.001,0.0,0.0006,0.0016,0.16,False,0,stable prefix is read from cache
extra-roundtrip-10-to-11,extra-roundtrip-10-to-11-luna-comparison,comparison,luna,9,9,model_roundtrip,0,50000,0,50000,500,200000,short,0.2,0.02,0.25,1.2,0.0,0.001,0.0,0.0006,0.0016,0.16,False,0,stable prefix is read from cache
extra-roundtrip-10-to-11,extra-roundtrip-10-to-11-luna-comparison,comparison,luna,10,10,model_roundtrip,0,50000,0,50000,500,200000,short,0.2,0.02,0.25,1.2,0.0,0.001,0.0,0.0006,0.0016,0.16,False,0,stable prefix is read from cache
extra-roundtrip-10-to-11,extra-roundtrip-10-to-11-luna-comparison,comparison,luna,11,11,model_roundtrip,0,50000,0,50000,500,200000,short,0.2,0.02,0.25,1.2,0.0,0.001,0.0,0.0006,0.0016,0.16,False,0,stable prefix is read from cache
extra-roundtrip-10-to-11,extra-roundtrip-10-to-11-terra-baseline,baseline,terra,1,1,model_roundtrip,0,0,50000,50000,500,272000,short,2.0,0.2,2.5,12.0,0.0,0.0,0.125,0.006,0.131,13.1,False,0,first stable prefix is written to cache
extra-roundtrip-10-to-11,extra-roundtrip-10-to-11-terra-baseline,baseline,terra,2,2,model_roundtrip,0,50000,0,50000,500,272000,short,2.0,0.2,2.5,12.0,0.0,0.01,0.0,0.006,0.016,1.6,False,0,stable prefix is read from cache
extra-roundtrip-10-to-11,extra-roundtrip-10-to-11-terra-baseline,baseline,terra,3,3,model_roundtrip,0,50000,0,50000,500,272000,short,2.0,0.2,2.5,12.0,0.0,0.01,0.0,0.006,0.016,1.6,False,0,stable prefix is read from cache
extra-roundtrip-10-to-11,extra-roundtrip-10-to-11-terra-baseline,baseline,terra,4,4,model_roundtrip,0,50000,0,50000,500,272000,short,2.0,0.2,2.5,12.0,0.0,0.01,0.0,0.006,0.016,1.6,False,0,stable prefix is read from cache
extra-roundtrip-10-to-11,extra-roundtrip-10-to-11-terra-baseline,baseline,terra,5,5,model_roundtrip,0,50000,0,50000,500,272000,short,2.0,0.2,2.5,12.0,0.0,0.01,0.0,0.006,0.016,1.6,False,0,stable prefix is read from cache
extra-roundtrip-10-to-11,extra-roundtrip-10-to-11-terra-baseline,baseline,terra,6,6,model_roundtrip,0,50000,0,50000,500,272000,short,2.0,0.2,2.5,12.0,0.0,0.01,0.0,0.006,0.016,1.6,False,0,stable prefix is read from cache
extra-roundtrip-10-to-11,extra-roundtrip-10-to-11-terra-baseline,baseline,terra,7,7,model_roundtrip,0,50000,0,50000,500,272000,short,2.0,0.2,2.5,12.0,0.0,0.01,0.0,0.006,0.016,1.6,False,0,stable prefix is read from cache
extra-roundtrip-10-to-11,extra-roundtrip-10-to-11-terra-baseline,baseline,terra,8,8,model_roundtrip,0,50000,0,50000,500,272000,short,2.0,0.2,2.5,12.0,0.0,0.01,0.0,0.006,0.016,1.6,False,0,stable prefix is read from cache
extra-roundtrip-10-to-11,extra-roundtrip-10-to-11-terra-baseline,baseline,terra,9,9,model_roundtrip,0,50000,0,50000,500,272000,short,2.0,0.2,2.5,12.0,0.0,0.01,0.0,0.006,0.016,1.6,False,0,stable prefix is read from cache
extra-roundtrip-10-to-11,extra-roundtrip-10-to-11-terra-baseline,baseline,terra,10,10,model_roundtrip,0,50000,0,50000,500,272000,short,2.0,0.2,2.5,12.0,0.0,0.01,0.0,0.006,0.016,1.6,False,0,stable prefix is read from cache
extra-roundtrip-10-to-11,extra-roundtrip-10-to-11-terra-comparison,comparison,terra,1,1,model_roundtrip,0,0,50000,50000,500,272000,short,2.0,0.2,2.5,12.0,0.0,0.0,0.125,0.006,0.131,13.1,False,0,first stable prefix is written to cache
extra-roundtrip-10-to-11,extra-roundtrip-10-to-11-terra-comparison,comparison,terra,2,2,model_roundtrip,0,50000,0,50000,500,272000,short,2.0,0.2,2.5,12.0,0.0,0.01,0.0,0.006,0.016,1.6,False,0,stable prefix is read from cache
extra-roundtrip-10-to-11,extra-roundtrip-10-to-11-terra-comparison,comparison,terra,3,3,model_roundtrip,0,50000,0,50000,500,272000,short,2.0,0.2,2.5,12.0,0.0,0.01,0.0,0.006,0.016,1.6,False,0,stable prefix is read from cache
extra-roundtrip-10-to-11,extra-roundtrip-10-to-11-terra-comparison,comparison,terra,4,4,model_roundtrip,0,50000,0,50000,500,272000,short,2.0,0.2,2.5,12.0,0.0,0.01,0.0,0.006,0.016,1.6,False,0,stable prefix is read from cache
extra-roundtrip-10-to-11,extra-roundtrip-10-to-11-terra-comparison,comparison,terra,5,5,model_roundtrip,0,50000,0,50000,500,272000,short,2.0,0.2,2.5,12.0,0.0,0.01,0.0,0.006,0.016,1.6,False,0,stable prefix is read from cache
extra-roundtrip-10-to-11,extra-roundtrip-10-to-11-terra-comparison,comparison,terra,6,6,model_roundtrip,0,50000,0,50000,500,272000,short,2.0,0.2,2.5,12.0,0.0,0.01,0.0,0.006,0.016,1.6,False,0,stable prefix is read from cache
extra-roundtrip-10-to-11,extra-roundtrip-10-to-11-terra-comparison,comparison,terra,7,7,model_roundtrip,0,50000,0,50000,500,272000,short,2.0,0.2,2.5,12.0,0.0,0.01,0.0,0.006,0.016,1.6,False,0,stable prefix is read from cache
extra-roundtrip-10-to-11,extra-roundtrip-10-to-11-terra-comparison,comparison,terra,8,8,model_roundtrip,0,50000,0,50000,500,272000,short,2.0,0.2,2.5,12.0,0.0,0.01,0.0,0.006,0.016,1.6,False,0,stable prefix is read from cache
extra-roundtrip-10-to-11,extra-roundtrip-10-to-11-terra-comparison,comparison,terra,9,9,model_roundtrip,0,50000,0,50000,500,272000,short,2.0,0.2,2.5,12.0,0.0,0.01,0.0,0.006,0.016,1.6,False,0,stable prefix is read from cache
extra-roundtrip-10-to-11,extra-roundtrip-10-to-11-terra-comparison,comparison,terra,10,10,model_roundtrip,0,50000,0,50000,500,272000,short,2.0,0.2,2.5,12.0,0.0,0.01,0.0,0.006,0.016,1.6,False,0,stable prefix is read from cache
extra-roundtrip-10-to-11,extra-roundtrip-10-to-11-terra-comparison,comparison,terra,11,11,model_roundtrip,0,50000,0,50000,500,272000,short,2.0,0.2,2.5,12.0,0.0,0.01,0.0,0.006,0.016,1.6,False,0,stable prefix is read from cache
extra-roundtrip-10-to-11,extra-roundtrip-10-to-11-sol-baseline,baseline,sol,1,1,model_roundtrip,0,0,50000,50000,500,272000,short,4.0,0.4,5.0,20.0,0.0,0.0,0.25,0.01,0.26,26.0,False,0,first stable prefix is written to cache
extra-roundtrip-10-to-11,extra-roundtrip-10-to-11-sol-baseline,baseline,sol,2,2,model_roundtrip,0,50000,0,50000,500,272000,short,4.0,0.4,5.0,20.0,0.0,0.02,0.0,0.01,0.03,3.0,False,0,stable prefix is read from cache
extra-roundtrip-10-to-11,extra-roundtrip-10-to-11-sol-baseline,baseline,sol,3,3,model_roundtrip,0,50000,0,50000,500,272000,short,4.0,0.4,5.0,20.0,0.0,0.02,0.0,0.01,0.03,3.0,False,0,stable prefix is read from cache
extra-roundtrip-10-to-11,extra-roundtrip-10-to-11-sol-baseline,baseline,sol,4,4,model_roundtrip,0,50000,0,50000,500,272000,short,4.0,0.4,5.0,20.0,0.0,0.02,0.0,0.01,0.03,3.0,False,0,stable prefix is read from cache
extra-roundtrip-10-to-11,extra-roundtrip-10-to-11-sol-baseline,baseline,sol,5,5,model_roundtrip,0,50000,0,50000,500,272000,short,4.0,0.4,5.0,20.0,0.0,0.02,0.0,0.01,0.03,3.0,False,0,stable prefix is read from cache
extra-roundtrip-10-to-11,extra-roundtrip-10-to-11-sol-baseline,baseline,sol,6,6,model_roundtrip,0,50000,0,50000,500,272000,short,4.0,0.4,5.0,20.0,0.0,0.02,0.0,0.01,0.03,3.0,False,0,stable prefix is read from cache
extra-roundtrip-10-to-11,extra-roundtrip-10-to-11-sol-baseline,baseline,sol,7,7,model_roundtrip,0,50000,0,50000,500,272000,short,4.0,0.4,5.0,20.0,0.0,0.02,0.0,0.01,0.03,3.0,False,0,stable prefix is read from cache
extra-roundtrip-10-to-11,extra-roundtrip-10-to-11-sol-baseline,baseline,sol,8,8,model_roundtrip,0,50000,0,50000,500,272000,short,4.0,0.4,5.0,20.0,0.0,0.02,0.0,0.01,0.03,3.0,False,0,stable prefix is read from cache
extra-roundtrip-10-to-11,extra-roundtrip-10-to-11-sol-baseline,baseline,sol,9,9,model_roundtrip,0,50000,0,50000,500,272000,short,4.0,0.4,5.0,20.0,0.0,0.02,0.0,0.01,0.03,3.0,False,0,stable prefix is read from cache
extra-roundtrip-10-to-11,extra-roundtrip-10-to-11-sol-baseline,baseline,sol,10,10,model_roundtrip,0,50000,0,50000,500,272000,short,4.0,0.4,5.0,20.0,0.0,0.02,0.0,0.01,0.03,3.0,False,0,stable prefix is read from cache
extra-roundtrip-10-to-11,extra-roundtrip-10-to-11-sol-comparison,comparison,sol,1,1,model_roundtrip,0,0,50000,50000,500,272000,short,4.0,0.4,5.0,20.0,0.0,0.0,0.25,0.01,0.26,26.0,False,0,first stable prefix is written to cache
extra-roundtrip-10-to-11,extra-roundtrip-10-to-11-sol-comparison,comparison,sol,2,2,model_roundtrip,0,50000,0,50000,500,272000,short,4.0,0.4,5.0,20.0,0.0,0.02,0.0,0.01,0.03,3.0,False,0,stable prefix is read from cache
extra-roundtrip-10-to-11,extra-roundtrip-10-to-11-sol-comparison,comparison,sol,3,3,model_roundtrip,0,50000,0,50000,500,272000,short,4.0,0.4,5.0,20.0,0.0,0.02,0.0,0.01,0.03,3.0,False,0,stable prefix is read from cache
extra-roundtrip-10-to-11,extra-roundtrip-10-to-11-sol-comparison,comparison,sol,4,4,model_roundtrip,0,50000,0,50000,500,272000,short,4.0,0.4,5.0,20.0,0.0,0.02,0.0,0.01,0.03,3.0,False,0,stable prefix is read from cache
extra-roundtrip-10-to-11,extra-roundtrip-10-to-11-sol-comparison,comparison,sol,5,5,model_roundtrip,0,50000,0,50000,500,272000,short,4.0,0.4,5.0,20.0,0.0,0.02,0.0,0.01,0.03,3.0,False,0,stable prefix is read from cache
extra-roundtrip-10-to-11,extra-roundtrip-10-to-11-sol-comparison,comparison,sol,6,6,model_roundtrip,0,50000,0,50000,500,272000,short,4.0,0.4,5.0,20.0,0.0,0.02,0.0,0.01,0.03,3.0,False,0,stable prefix is read from cache
extra-roundtrip-10-to-11,extra-roundtrip-10-to-11-sol-comparison,comparison,sol,7,7,model_roundtrip,0,50000,0,50000,500,272000,short,4.0,0.4,5.0,20.0,0.0,0.02,0.0,0.01,0.03,3.0,False,0,stable prefix is read from cache
extra-roundtrip-10-to-11,extra-roundtrip-10-to-11-sol-comparison,comparison,sol,8,8,model_roundtrip,0,50000,0,50000,500,272000,short,4.0,0.4,5.0,20.0,0.0,0.02,0.0,0.01,0.03,3.0,False,0,stable prefix is read from cache
extra-roundtrip-10-to-11,extra-roundtrip-10-to-11-sol-comparison,comparison,sol,9,9,model_roundtrip,0,50000,0,50000,500,272000,short,4.0,0.4,5.0,20.0,0.0,0.02,0.0,0.01,0.03,3.0,False,0,stable prefix is read from cache
extra-roundtrip-10-to-11,extra-roundtrip-10-to-11-sol-comparison,comparison,sol,10,10,model_roundtrip,0,50000,0,50000,500,272000,short,4.0,0.4,5.0,20.0,0.0,0.02,0.0,0.01,0.03,3.0,False,0,stable prefix is read from cache
extra-roundtrip-10-to-11,extra-roundtrip-10-to-11-sol-comparison,comparison,sol,11,11,model_roundtrip,0,50000,0,50000,500,272000,short,4.0,0.4,5.0,20.0,0.0,0.02,0.0,0.01,0.03,3.0,False,0,stable prefix is read from cache
long-cap-200k-uncached,long-cap-200k-uncached-luna-baseline,baseline,luna,1,1,main_model_call,0,0,40000,40000,1000,200000,short,0.2,0.02,0.25,1.2,0.0,0.0,0.01,0.0012,0.0112,1.12,False,0,cold prompt written after start or compaction
long-cap-200k-uncached,long-cap-200k-uncached-luna-baseline,baseline,luna,2,2,main_model_call,0,40000,20000,60000,1000,200000,short,0.2,0.02,0.25,1.2,0.0,0.0008,0.005,0.0012,0.007,0.7,False,0,prior prompt read; new turn appended
long-cap-200k-uncached,long-cap-200k-uncached-luna-baseline,baseline,luna,3,3,main_model_call,0,60000,20000,80000,1000,200000,short,0.2,0.02,0.25,1.2,0.0,0.0012,0.005,0.0012,0.0074,0.74,False,0,prior prompt read; new turn appended
long-cap-200k-uncached,long-cap-200k-uncached-luna-baseline,baseline,luna,4,4,main_model_call,0,80000,20000,100000,1000,200000,short,0.2,0.02,0.25,1.2,0.0,0.0016,0.005,0.0012,0.0078,0.78,False,0,prior prompt read; new turn appended
long-cap-200k-uncached,long-cap-200k-uncached-luna-baseline,baseline,luna,5,5,main_model_call,0,100000,20000,120000,1000,200000,short,0.2,0.02,0.25,1.2,0.0,0.002,0.005,0.0012,0.0082,0.82,False,0,prior prompt read; new turn appended
long-cap-200k-uncached,long-cap-200k-uncached-luna-baseline,baseline,luna,6,6,main_model_call,0,120000,20000,140000,1000,200000,short,0.2,0.02,0.25,1.2,0.0,0.0024,0.005,0.0012,0.0086,0.86,False,0,prior prompt read; new turn appended
long-cap-200k-uncached,long-cap-200k-uncached-luna-baseline,baseline,luna,7,7,main_model_call,0,140000,20000,160000,1000,200000,short,0.2,0.02,0.25,1.2,0.0,0.0028,0.005,0.0012,0.009,0.9,False,0,prior prompt read; new turn appended
long-cap-200k-uncached,long-cap-200k-uncached-luna-baseline,baseline,luna,8,8,main_model_call,0,160000,20000,180000,1000,200000,short,0.2,0.02,0.25,1.2,0.0,0.0032,0.005,0.0012,0.0094,0.94,False,0,prior prompt read; new turn appended
long-cap-200k-uncached,long-cap-200k-uncached-luna-baseline,baseline,luna,9,9,main_model_call,0,180000,20000,200000,1000,200000,short,0.2,0.02,0.25,1.2,0.0,0.0036,0.005,0.0012,0.0098,0.98,False,0,prior prompt read; new turn appended
long-cap-200k-uncached,long-cap-200k-uncached-luna-baseline,baseline,luna,10,10,main_model_call,0,200000,20000,220000,1000,200000,long,0.4,0.04,0.5,1.8,0.0,0.008,0.01,0.0018,0.0198,1.98,False,0,prior prompt read; new turn appended
long-cap-200k-uncached,long-cap-200k-uncached-luna-baseline,baseline,luna,11,11,main_model_call,0,220000,20000,240000,1000,200000,long,0.4,0.04,0.5,1.8,0.0,0.0088,0.01,0.0018,0.0206,2.06,False,0,prior prompt read; new turn appended
long-cap-200k-uncached,long-cap-200k-uncached-luna-baseline,baseline,luna,12,12,main_model_call,0,240000,20000,260000,1000,200000,long,0.4,0.04,0.5,1.8,0.0,0.0096,0.01,0.0018,0.0214,2.14,False,0,prior prompt read; new turn appended
long-cap-200k-uncached,long-cap-200k-uncached-luna-baseline,baseline,luna,13,13,main_model_call,0,260000,20000,280000,1000,200000,long,0.4,0.04,0.5,1.8,0.0,0.0104,0.01,0.0018,0.0222,2.22,False,0,prior prompt read; new turn appended
long-cap-200k-uncached,long-cap-200k-uncached-luna-baseline,baseline,luna,14,14,main_model_call,0,280000,20000,300000,1000,200000,long,0.4,0.04,0.5,1.8,0.0,0.0112,0.01,0.0018,0.023,2.3,False,0,prior prompt read; new turn appended
long-cap-200k-uncached,long-cap-200k-uncached-luna-baseline,baseline,luna,15,15,main_model_call,0,300000,20000,320000,1000,200000,long,0.4,0.04,0.5,1.8,0.0,0.012,0.01,0.0018,0.0238,2.38,False,0,prior prompt read; new turn appended
long-cap-200k-uncached,long-cap-200k-uncached-luna-baseline,baseline,luna,16,16,main_model_call,0,320000,20000,340000,1000,200000,long,0.4,0.04,0.5,1.8,0.0,0.0128,0.01,0.0018,0.0246,2.46,False,0,prior prompt read; new turn appended
long-cap-200k-uncached,long-cap-200k-uncached-luna-baseline,baseline,luna,17,17,main_model_call,0,340000,20000,360000,1000,200000,long,0.4,0.04,0.5,1.8,0.0,0.0136,0.01,0.0018,0.0254,2.54,False,0,prior prompt read; new turn appended
long-cap-200k-uncached,long-cap-200k-uncached-luna-baseline,baseline,luna,18,18,main_model_call,0,360000,20000,380000,1000,200000,long,0.4,0.04,0.5,1.8,0.0,0.0144,0.01,0.0018,0.0262,2.62,False,0,prior prompt read; new turn appended
long-cap-200k-uncached,long-cap-200k-uncached-luna-baseline,baseline,luna,19,19,main_model_call,0,380000,20000,400000,1000,200000,long,0.4,0.04,0.5,1.8,0.0,0.0152,0.01,0.0018,0.027,2.7,False,0,prior prompt read; new turn appended
long-cap-200k-uncached,long-cap-200k-uncached-luna-baseline,baseline,luna,20,20,main_model_call,0,400000,20000,420000,1000,200000,long,0.4,0.04,0.5,1.8,0.0,0.016,0.01,0.0018,0.0278,2.78,False,0,prior prompt read; new turn appended
long-cap-200k-uncached,long-cap-200k-uncached-luna-baseline,baseline,luna,21,21,main_model_call,0,420000,20000,440000,1000,200000,long,0.4,0.04,0.5,1.8,0.0,0.0168,0.01,0.0018,0.0286,2.86,False,0,prior prompt read; new turn appended
long-cap-200k-uncached,long-cap-200k-uncached-luna-baseline,baseline,luna,22,22,main_model_call,0,440000,20000,460000,1000,200000,long,0.4,0.04,0.5,1.8,0.0,0.0176,0.01,0.0018,0.0294,2.94,False,0,prior prompt read; new turn appended
long-cap-200k-uncached,long-cap-200k-uncached-luna-baseline,baseline,luna,23,23,main_model_call,0,460000,20000,480000,1000,200000,long,0.4,0.04,0.5,1.8,0.0,0.0184,0.01,0.0018,0.0302,3.02,False,0,prior prompt read; new turn appended
long-cap-200k-uncached,long-cap-200k-uncached-luna-baseline,baseline,luna,24,24,main_model_call,0,480000,20000,500000,1000,200000,long,0.4,0.04,0.5,1.8,0.0,0.0192,0.01,0.0018,0.031,3.1,False,0,prior prompt read; new turn appended
long-cap-200k-uncached,long-cap-200k-uncached-luna-baseline,baseline,luna,25,25,main_model_call,0,500000,20000,520000,1000,200000,long,0.4,0.04,0.5,1.8,0.0,0.02,0.01,0.0018,0.0318,3.18,False,0,prior prompt read; new turn appended
long-cap-200k-uncached,long-cap-200k-uncached-luna-baseline,baseline,luna,26,26,main_model_call,0,520000,20000,540000,1000,200000,long,0.4,0.04,0.5,1.8,0.0,0.0208,0.01,0.0018,0.0326,3.26,False,0,prior prompt read; new turn appended
long-cap-200k-uncached,long-cap-200k-uncached-luna-baseline,baseline,luna,27,27,main_model_call,0,540000,20000,560000,1000,200000,long,0.4,0.04,0.5,1.8,0.0,0.0216,0.01,0.0018,0.0334,3.34,False,0,prior prompt read; new turn appended
long-cap-200k-uncached,long-cap-200k-uncached-luna-baseline,baseline,luna,28,28,main_model_call,0,560000,20000,580000,1000,200000,long,0.4,0.04,0.5,1.8,0.0,0.0224,0.01,0.0018,0.0342,3.42,False,0,prior prompt read; new turn appended
long-cap-200k-uncached,long-cap-200k-uncached-luna-baseline,baseline,luna,29,29,main_model_call,0,580000,20000,600000,1000,200000,long,0.4,0.04,0.5,1.8,0.0,0.0232,0.01,0.0018,0.035,3.5,False,0,prior prompt read; new turn appended
long-cap-200k-uncached,long-cap-200k-uncached-luna-baseline,baseline,luna,30,30,main_model_call,0,600000,20000,620000,1000,200000,long,0.4,0.04,0.5,1.8,0.0,0.024,0.01,0.0018,0.0358,3.58,False,0,prior prompt read; new turn appended
long-cap-200k-uncached,long-cap-200k-uncached-luna-baseline,baseline,luna,31,31,main_model_call,0,620000,20000,640000,1000,200000,long,0.4,0.04,0.5,1.8,0.0,0.0248,0.01,0.0018,0.0366,3.66,False,0,prior prompt read; new turn appended
long-cap-200k-uncached,long-cap-200k-uncached-luna-baseline,baseline,luna,32,32,main_model_call,0,640000,20000,660000,1000,200000,long,0.4,0.04,0.5,1.8,0.0,0.0256,0.01,0.0018,0.0374,3.74,False,0,prior prompt read; new turn appended
long-cap-200k-uncached,long-cap-200k-uncached-luna-baseline,baseline,luna,33,33,main_model_call,0,660000,20000,680000,1000,200000,long,0.4,0.04,0.5,1.8,0.0,0.0264,0.01,0.0018,0.0382,3.82,False,0,prior prompt read; new turn appended
long-cap-200k-uncached,long-cap-200k-uncached-luna-baseline,baseline,luna,34,34,main_model_call,0,680000,20000,700000,1000,200000,long,0.4,0.04,0.5,1.8,0.0,0.0272,0.01,0.0018,0.039,3.9,False,0,prior prompt read; new turn appended
long-cap-200k-uncached,long-cap-200k-uncached-luna-baseline,baseline,luna,35,35,main_model_call,0,700000,20000,720000,1000,200000,long,0.4,0.04,0.5,1.8,0.0,0.028,0.01,0.0018,0.0398,3.98,False,0,prior prompt read; new turn appended
long-cap-200k-uncached,long-cap-200k-uncached-luna-baseline,baseline,luna,36,36,main_model_call,0,720000,20000,740000,1000,200000,long,0.4,0.04,0.5,1.8,0.0,0.0288,0.01,0.0018,0.0406,4.06,False,0,prior prompt read; new turn appended
long-cap-200k-uncached,long-cap-200k-uncached-luna-baseline,baseline,luna,37,37,main_model_call,0,740000,20000,760000,1000,200000,long,0.4,0.04,0.5,1.8,0.0,0.0296,0.01,0.0018,0.0414,4.14,False,0,prior prompt read; new turn appended
long-cap-200k-uncached,long-cap-200k-uncached-luna-baseline,baseline,luna,38,38,main_model_call,0,760000,20000,780000,1000,200000,long,0.4,0.04,0.5,1.8,0.0,0.0304,0.01,0.0018,0.0422,4.22,False,0,prior prompt read; new turn appended
long-cap-200k-uncached,long-cap-200k-uncached-luna-baseline,baseline,luna,39,39,main_model_call,0,780000,20000,800000,1000,200000,long,0.4,0.04,0.5,1.8,0.0,0.0312,0.01,0.0018,0.043,4.3,False,0,prior prompt read; new turn appended
long-cap-200k-uncached,long-cap-200k-uncached-luna-comparison,comparison,luna,1,1,main_model_call,0,0,40000,40000,1000,200000,short,0.2,0.02,0.25,1.2,0.0,0.0,0.01,0.0012,0.0112,1.12,False,0,cold prompt written after start or compaction
long-cap-200k-uncached,long-cap-200k-uncached-luna-comparison,comparison,luna,2,2,main_model_call,0,40000,20000,60000,1000,200000,short,0.2,0.02,0.25,1.2,0.0,0.0008,0.005,0.0012,0.007,0.7,False,0,prior prompt read; new turn appended
long-cap-200k-uncached,long-cap-200k-uncached-luna-comparison,comparison,luna,3,3,main_model_call,0,60000,20000,80000,1000,200000,short,0.2,0.02,0.25,1.2,0.0,0.0012,0.005,0.0012,0.0074,0.74,False,0,prior prompt read; new turn appended
long-cap-200k-uncached,long-cap-200k-uncached-luna-comparison,comparison,luna,4,4,main_model_call,0,80000,20000,100000,1000,200000,short,0.2,0.02,0.25,1.2,0.0,0.0016,0.005,0.0012,0.0078,0.78,False,0,prior prompt read; new turn appended
long-cap-200k-uncached,long-cap-200k-uncached-luna-comparison,comparison,luna,5,5,main_model_call,0,100000,20000,120000,1000,200000,short,0.2,0.02,0.25,1.2,0.0,0.002,0.005,0.0012,0.0082,0.82,False,0,prior prompt read; new turn appended
long-cap-200k-uncached,long-cap-200k-uncached-luna-comparison,comparison,luna,6,6,main_model_call,0,120000,20000,140000,1000,200000,short,0.2,0.02,0.25,1.2,0.0,0.0024,0.005,0.0012,0.0086,0.86,False,0,prior prompt read; new turn appended
long-cap-200k-uncached,long-cap-200k-uncached-luna-comparison,comparison,luna,7,7,main_model_call,0,140000,20000,160000,1000,200000,short,0.2,0.02,0.25,1.2,0.0,0.0028,0.005,0.0012,0.009,0.9,False,0,prior prompt read; new turn appended
long-cap-200k-uncached,long-cap-200k-uncached-luna-comparison,comparison,luna,8,8,main_model_call,0,160000,20000,180000,1000,200000,short,0.2,0.02,0.25,1.2,0.0,0.0032,0.005,0.0012,0.0094,0.94,False,0,prior prompt read; new turn appended
long-cap-200k-uncached,long-cap-200k-uncached-luna-comparison,comparison,luna,9,9,main_model_call,0,180000,20000,200000,1000,200000,short,0.2,0.02,0.25,1.2,0.0,0.0036,0.005,0.0012,0.0098,0.98,False,0,prior prompt read; new turn appended
long-cap-200k-uncached,long-cap-200k-uncached-luna-comparison,comparison,luna,10,9,compaction,200000,0,0,200000,20000,200000,short,0.2,0.02,0.25,1.2,0.04,0.0,0.0,0.024,0.064,6.4,True,180000,compact before main step 10; input mode=uncached
long-cap-200k-uncached,long-cap-200k-uncached-luna-comparison,comparison,luna,11,10,main_model_call,0,0,40000,40000,1000,200000,short,0.2,0.02,0.25,1.2,0.0,0.0,0.01,0.0012,0.0112,1.12,False,0,cold prompt written after start or compaction
long-cap-200k-uncached,long-cap-200k-uncached-luna-comparison,comparison,luna,12,11,main_model_call,0,40000,20000,60000,1000,200000,short,0.2,0.02,0.25,1.2,0.0,0.0008,0.005,0.0012,0.007,0.7,False,0,prior prompt read; new turn appended
long-cap-200k-uncached,long-cap-200k-uncached-luna-comparison,comparison,luna,13,12,main_model_call,0,60000,20000,80000,1000,200000,short,0.2,0.02,0.25,1.2,0.0,0.0012,0.005,0.0012,0.0074,0.74,False,0,prior prompt read; new turn appended
long-cap-200k-uncached,long-cap-200k-uncached-luna-comparison,comparison,luna,14,13,main_model_call,0,80000,20000,100000,1000,200000,short,0.2,0.02,0.25,1.2,0.0,0.0016,0.005,0.0012,0.0078,0.78,False,0,prior prompt read; new turn appended
long-cap-200k-uncached,long-cap-200k-uncached-luna-comparison,comparison,luna,15,14,main_model_call,0,100000,20000,120000,1000,200000,short,0.2,0.02,0.25,1.2,0.0,0.002,0.005,0.0012,0.0082,0.82,False,0,prior prompt read; new turn appended
long-cap-200k-uncached,long-cap-200k-uncached-luna-comparison,comparison,luna,16,15,main_model_call,0,120000,20000,140000,1000,200000,short,0.2,0.02,0.25,1.2,0.0,0.0024,0.005,0.0012,0.0086,0.86,False,0,prior prompt read; new turn appended
long-cap-200k-uncached,long-cap-200k-uncached-luna-comparison,comparison,luna,17,16,main_model_call,0,140000,20000,160000,1000,200000,short,0.2,0.02,0.25,1.2,0.0,0.0028,0.005,0.0012,0.009,0.9,False,0,prior prompt read; new turn appended
long-cap-200k-uncached,long-cap-200k-uncached-luna-comparison,comparison,luna,18,17,main_model_call,0,160000,20000,180000,1000,200000,short,0.2,0.02,0.25,1.2,0.0,0.0032,0.005,0.0012,0.0094,0.94,False,0,prior prompt read; new turn appended
long-cap-200k-uncached,long-cap-200k-uncached-luna-comparison,comparison,luna,19,18,main_model_call,0,180000,20000,200000,1000,200000,short,0.2,0.02,0.25,1.2,0.0,0.0036,0.005,0.0012,0.0098,0.98,False,0,prior prompt read; new turn appended
long-cap-200k-uncached,long-cap-200k-uncached-luna-comparison,comparison,luna,20,18,compaction,200000,0,0,200000,20000,200000,short,0.2,0.02,0.25,1.2,0.04,0.0,0.0,0.024,0.064,6.4,True,180000,compact before main step 19; input mode=uncached
long-cap-200k-uncached,long-cap-200k-uncached-luna-comparison,comparison,luna,21,19,main_model_call,0,0,40000,40000,1000,200000,short,0.2,0.02,0.25,1.2,0.0,0.0,0.01,0.0012,0.0112,1.12,False,0,cold prompt written after start or compaction
long-cap-200k-uncached,long-cap-200k-uncached-luna-comparison,comparison,luna,22,20,main_model_call,0,40000,20000,60000,1000,200000,short,0.2,0.02,0.25,1.2,0.0,0.0008,0.005,0.0012,0.007,0.7,False,0,prior prompt read; new turn appended
long-cap-200k-uncached,long-cap-200k-uncached-luna-comparison,comparison,luna,23,21,main_model_call,0,60000,20000,80000,1000,200000,short,0.2,0.02,0.25,1.2,0.0,0.0012,0.005,0.0012,0.0074,0.74,False,0,prior prompt read; new turn appended
long-cap-200k-uncached,long-cap-200k-uncached-luna-comparison,comparison,luna,24,22,main_model_call,0,80000,20000,100000,1000,200000,short,0.2,0.02,0.25,1.2,0.0,0.0016,0.005,0.0012,0.0078,0.78,False,0,prior prompt read; new turn appended
long-cap-200k-uncached,long-cap-200k-uncached-luna-comparison,comparison,luna,25,23,main_model_call,0,100000,20000,120000,1000,200000,short,0.2,0.02,0.25,1.2,0.0,0.002,0.005,0.0012,0.0082,0.82,False,0,prior prompt read; new turn appended
long-cap-200k-uncached,long-cap-200k-uncached-luna-comparison,comparison,luna,26,24,main_model_call,0,120000,20000,140000,1000,200000,short,0.2,0.02,0.25,1.2,0.0,0.0024,0.005,0.0012,0.0086,0.86,False,0,prior prompt read; new turn appended
long-cap-200k-uncached,long-cap-200k-uncached-luna-comparison,comparison,luna,27,25,main_model_call,0,140000,20000,160000,1000,200000,short,0.2,0.02,0.25,1.2,0.0,0.0028,0.005,0.0012,0.009,0.9,False,0,prior prompt read; new turn appended
long-cap-200k-uncached,long-cap-200k-uncached-luna-comparison,comparison,luna,28,26,main_model_call,0,160000,20000,180000,1000,200000,short,0.2,0.02,0.25,1.2,0.0,0.0032,0.005,0.0012,0.0094,0.94,False,0,prior prompt read; new turn appended
long-cap-200k-uncached,long-cap-200k-uncached-luna-comparison,comparison,luna,29,27,main_model_call,0,180000,20000,200000,1000,200000,short,0.2,0.02,0.25,1.2,0.0,0.0036,0.005,0.0012,0.0098,0.98,False,0,prior prompt read; new turn appended
long-cap-200k-uncached,long-cap-200k-uncached-luna-comparison,comparison,luna,30,27,compaction,200000,0,0,200000,20000,200000,short,0.2,0.02,0.25,1.2,0.04,0.0,0.0,0.024,0.064,6.4,True,180000,compact before main step 28; input mode=uncached
long-cap-200k-uncached,long-cap-200k-uncached-luna-comparison,comparison,luna,31,28,main_model_call,0,0,40000,40000,1000,200000,short,0.2,0.02,0.25,1.2,0.0,0.0,0.01,0.0012,0.0112,1.12,False,0,cold prompt written after start or compaction
long-cap-200k-uncached,long-cap-200k-uncached-luna-comparison,comparison,luna,32,29,main_model_call,0,40000,20000,60000,1000,200000,short,0.2,0.02,0.25,1.2,0.0,0.0008,0.005,0.0012,0.007,0.7,False,0,prior prompt read; new turn appended
long-cap-200k-uncached,long-cap-200k-uncached-luna-comparison,comparison,luna,33,30,main_model_call,0,60000,20000,80000,1000,200000,short,0.2,0.02,0.25,1.2,0.0,0.0012,0.005,0.0012,0.0074,0.74,False,0,prior prompt read; new turn appended
long-cap-200k-uncached,long-cap-200k-uncached-luna-comparison,comparison,luna,34,31,main_model_call,0,80000,20000,100000,1000,200000,short,0.2,0.02,0.25,1.2,0.0,0.0016,0.005,0.0012,0.0078,0.78,False,0,prior prompt read; new turn appended
long-cap-200k-uncached,long-cap-200k-uncached-luna-comparison,comparison,luna,35,32,main_model_call,0,100000,20000,120000,1000,200000,short,0.2,0.02,0.25,1.2,0.0,0.002,0.005,0.0012,0.0082,0.82,False,0,prior prompt read; new turn appended
long-cap-200k-uncached,long-cap-200k-uncached-luna-comparison,comparison,luna,36,33,main_model_call,0,120000,20000,140000,1000,200000,short,0.2,0.02,0.25,1.2,0.0,0.0024,0.005,0.0012,0.0086,0.86,False,0,prior prompt read; new turn appended
long-cap-200k-uncached,long-cap-200k-uncached-luna-comparison,comparison,luna,37,34,main_model_call,0,140000,20000,160000,1000,200000,short,0.2,0.02,0.25,1.2,0.0,0.0028,0.005,0.0012,0.009,0.9,False,0,prior prompt read; new turn appended
long-cap-200k-uncached,long-cap-200k-uncached-luna-comparison,comparison,luna,38,35,main_model_call,0,160000,20000,180000,1000,200000,short,0.2,0.02,0.25,1.2,0.0,0.0032,0.005,0.0012,0.0094,0.94,False,0,prior prompt read; new turn appended
long-cap-200k-uncached,long-cap-200k-uncached-luna-comparison,comparison,luna,39,36,main_model_call,0,180000,20000,200000,1000,200000,short,0.2,0.02,0.25,1.2,0.0,0.0036,0.005,0.0012,0.0098,0.98,False,0,prior prompt read; new turn appended
long-cap-200k-uncached,long-cap-200k-uncached-luna-comparison,comparison,luna,40,36,compaction,200000,0,0,200000,20000,200000,short,0.2,0.02,0.25,1.2,0.04,0.0,0.0,0.024,0.064,6.4,True,180000,compact before main step 37; input mode=uncached
long-cap-200k-uncached,long-cap-200k-uncached-luna-comparison,comparison,luna,41,37,main_model_call,0,0,40000,40000,1000,200000,short,0.2,0.02,0.25,1.2,0.0,0.0,0.01,0.0012,0.0112,1.12,False,0,cold prompt written after start or compaction
long-cap-200k-uncached,long-cap-200k-uncached-luna-comparison,comparison,luna,42,38,main_model_call,0,40000,20000,60000,1000,200000,short,0.2,0.02,0.25,1.2,0.0,0.0008,0.005,0.0012,0.007,0.7,False,0,prior prompt read; new turn appended
long-cap-200k-uncached,long-cap-200k-uncached-luna-comparison,comparison,luna,43,39,main_model_call,0,60000,20000,80000,1000,200000,short,0.2,0.02,0.25,1.2,0.0,0.0012,0.005,0.0012,0.0074,0.74,False,0,prior prompt read; new turn appended
long-cap-200k-uncached,long-cap-200k-uncached-terra-baseline,baseline,terra,1,1,main_model_call,0,0,40000,40000,1000,272000,short,2.0,0.2,2.5,12.0,0.0,0.0,0.1,0.012,0.112,11.2,False,0,cold prompt written after start or compaction
long-cap-200k-uncached,long-cap-200k-uncached-terra-baseline,baseline,terra,2,2,main_model_call,0,40000,20000,60000,1000,272000,short,2.0,0.2,2.5,12.0,0.0,0.008,0.05,0.012,0.07,7.0,False,0,prior prompt read; new turn appended
long-cap-200k-uncached,long-cap-200k-uncached-terra-baseline,baseline,terra,3,3,main_model_call,0,60000,20000,80000,1000,272000,short,2.0,0.2,2.5,12.0,0.0,0.012,0.05,0.012,0.074,7.4,False,0,prior prompt read; new turn appended
long-cap-200k-uncached,long-cap-200k-uncached-terra-baseline,baseline,terra,4,4,main_model_call,0,80000,20000,100000,1000,272000,short,2.0,0.2,2.5,12.0,0.0,0.016,0.05,0.012,0.078,7.8,False,0,prior prompt read; new turn appended
long-cap-200k-uncached,long-cap-200k-uncached-terra-baseline,baseline,terra,5,5,main_model_call,0,100000,20000,120000,1000,272000,short,2.0,0.2,2.5,12.0,0.0,0.02,0.05,0.012,0.082,8.2,False,0,prior prompt read; new turn appended
long-cap-200k-uncached,long-cap-200k-uncached-terra-baseline,baseline,terra,6,6,main_model_call,0,120000,20000,140000,1000,272000,short,2.0,0.2,2.5,12.0,0.0,0.024,0.05,0.012,0.086,8.6,False,0,prior prompt read; new turn appended
long-cap-200k-uncached,long-cap-200k-uncached-terra-baseline,baseline,terra,7,7,main_model_call,0,140000,20000,160000,1000,272000,short,2.0,0.2,2.5,12.0,0.0,0.028,0.05,0.012,0.09,9.0,False,0,prior prompt read; new turn appended
long-cap-200k-uncached,long-cap-200k-uncached-terra-baseline,baseline,terra,8,8,main_model_call,0,160000,20000,180000,1000,272000,short,2.0,0.2,2.5,12.0,0.0,0.032,0.05,0.012,0.094,9.4,False,0,prior prompt read; new turn appended
long-cap-200k-uncached,long-cap-200k-uncached-terra-baseline,baseline,terra,9,9,main_model_call,0,180000,20000,200000,1000,272000,short,2.0,0.2,2.5,12.0,0.0,0.036,0.05,0.012,0.098,9.8,False,0,prior prompt read; new turn appended
long-cap-200k-uncached,long-cap-200k-uncached-terra-baseline,baseline,terra,10,10,main_model_call,0,200000,20000,220000,1000,272000,short,2.0,0.2,2.5,12.0,0.0,0.04,0.05,0.012,0.102,10.2,False,0,prior prompt read; new turn appended
long-cap-200k-uncached,long-cap-200k-uncached-terra-baseline,baseline,terra,11,11,main_model_call,0,220000,20000,240000,1000,272000,short,2.0,0.2,2.5,12.0,0.0,0.044,0.05,0.012,0.106,10.6,False,0,prior prompt read; new turn appended
long-cap-200k-uncached,long-cap-200k-uncached-terra-baseline,baseline,terra,12,12,main_model_call,0,240000,20000,260000,1000,272000,short,2.0,0.2,2.5,12.0,0.0,0.048,0.05,0.012,0.11,11.0,False,0,prior prompt read; new turn appended
long-cap-200k-uncached,long-cap-200k-uncached-terra-baseline,baseline,terra,13,13,main_model_call,0,260000,20000,280000,1000,272000,long,4.0,0.4,5.0,18.0,0.0,0.104,0.1,0.018,0.222,22.2,False,0,prior prompt read; new turn appended
long-cap-200k-uncached,long-cap-200k-uncached-terra-baseline,baseline,terra,14,14,main_model_call,0,280000,20000,300000,1000,272000,long,4.0,0.4,5.0,18.0,0.0,0.112,0.1,0.018,0.23,23.0,False,0,prior prompt read; new turn appended
long-cap-200k-uncached,long-cap-200k-uncached-terra-baseline,baseline,terra,15,15,main_model_call,0,300000,20000,320000,1000,272000,long,4.0,0.4,5.0,18.0,0.0,0.12,0.1,0.018,0.238,23.8,False,0,prior prompt read; new turn appended
long-cap-200k-uncached,long-cap-200k-uncached-terra-baseline,baseline,terra,16,16,main_model_call,0,320000,20000,340000,1000,272000,long,4.0,0.4,5.0,18.0,0.0,0.128,0.1,0.018,0.246,24.6,False,0,prior prompt read; new turn appended
long-cap-200k-uncached,long-cap-200k-uncached-terra-baseline,baseline,terra,17,17,main_model_call,0,340000,20000,360000,1000,272000,long,4.0,0.4,5.0,18.0,0.0,0.136,0.1,0.018,0.254,25.4,False,0,prior prompt read; new turn appended
long-cap-200k-uncached,long-cap-200k-uncached-terra-baseline,baseline,terra,18,18,main_model_call,0,360000,20000,380000,1000,272000,long,4.0,0.4,5.0,18.0,0.0,0.144,0.1,0.018,0.262,26.2,False,0,prior prompt read; new turn appended
long-cap-200k-uncached,long-cap-200k-uncached-terra-baseline,baseline,terra,19,19,main_model_call,0,380000,20000,400000,1000,272000,long,4.0,0.4,5.0,18.0,0.0,0.152,0.1,0.018,0.27,27.0,False,0,prior prompt read; new turn appended
long-cap-200k-uncached,long-cap-200k-uncached-terra-baseline,baseline,terra,20,20,main_model_call,0,400000,20000,420000,1000,272000,long,4.0,0.4,5.0,18.0,0.0,0.16,0.1,0.018,0.278,27.8,False,0,prior prompt read; new turn appended
long-cap-200k-uncached,long-cap-200k-uncached-terra-baseline,baseline,terra,21,21,main_model_call,0,420000,20000,440000,1000,272000,long,4.0,0.4,5.0,18.0,0.0,0.168,0.1,0.018,0.286,28.6,False,0,prior prompt read; new turn appended
long-cap-200k-uncached,long-cap-200k-uncached-terra-baseline,baseline,terra,22,22,main_model_call,0,440000,20000,460000,1000,272000,long,4.0,0.4,5.0,18.0,0.0,0.176,0.1,0.018,0.294,29.4,False,0,prior prompt read; new turn appended
long-cap-200k-uncached,long-cap-200k-uncached-terra-baseline,baseline,terra,23,23,main_model_call,0,460000,20000,480000,1000,272000,long,4.0,0.4,5.0,18.0,0.0,0.184,0.1,0.018,0.302,30.2,False,0,prior prompt read; new turn appended
long-cap-200k-uncached,long-cap-200k-uncached-terra-baseline,baseline,terra,24,24,main_model_call,0,480000,20000,500000,1000,272000,long,4.0,0.4,5.0,18.0,0.0,0.192,0.1,0.018,0.31,31.0,False,0,prior prompt read; new turn appended
long-cap-200k-uncached,long-cap-200k-uncached-terra-baseline,baseline,terra,25,25,main_model_call,0,500000,20000,520000,1000,272000,long,4.0,0.4,5.0,18.0,0.0,0.2,0.1,0.018,0.318,31.8,False,0,prior prompt read; new turn appended
long-cap-200k-uncached,long-cap-200k-uncached-terra-baseline,baseline,terra,26,26,main_model_call,0,520000,20000,540000,1000,272000,long,4.0,0.4,5.0,18.0,0.0,0.208,0.1,0.018,0.326,32.6,False,0,prior prompt read; new turn appended
long-cap-200k-uncached,long-cap-200k-uncached-terra-baseline,baseline,terra,27,27,main_model_call,0,540000,20000,560000,1000,272000,long,4.0,0.4,5.0,18.0,0.0,0.216,0.1,0.018,0.334,33.4,False,0,prior prompt read; new turn appended
long-cap-200k-uncached,long-cap-200k-uncached-terra-baseline,baseline,terra,28,28,main_model_call,0,560000,20000,580000,1000,272000,long,4.0,0.4,5.0,18.0,0.0,0.224,0.1,0.018,0.342,34.2,False,0,prior prompt read; new turn appended
long-cap-200k-uncached,long-cap-200k-uncached-terra-baseline,baseline,terra,29,29,main_model_call,0,580000,20000,600000,1000,272000,long,4.0,0.4,5.0,18.0,0.0,0.232,0.1,0.018,0.35,35.0,False,0,prior prompt read; new turn appended
long-cap-200k-uncached,long-cap-200k-uncached-terra-baseline,baseline,terra,30,30,main_model_call,0,600000,20000,620000,1000,272000,long,4.0,0.4,5.0,18.0,0.0,0.24,0.1,0.018,0.358,35.8,False,0,prior prompt read; new turn appended
long-cap-200k-uncached,long-cap-200k-uncached-terra-baseline,baseline,terra,31,31,main_model_call,0,620000,20000,640000,1000,272000,long,4.0,0.4,5.0,18.0,0.0,0.248,0.1,0.018,0.366,36.6,False,0,prior prompt read; new turn appended
long-cap-200k-uncached,long-cap-200k-uncached-terra-baseline,baseline,terra,32,32,main_model_call,0,640000,20000,660000,1000,272000,long,4.0,0.4,5.0,18.0,0.0,0.256,0.1,0.018,0.374,37.4,False,0,prior prompt read; new turn appended
long-cap-200k-uncached,long-cap-200k-uncached-terra-baseline,baseline,terra,33,33,main_model_call,0,660000,20000,680000,1000,272000,long,4.0,0.4,5.0,18.0,0.0,0.264,0.1,0.018,0.382,38.2,False,0,prior prompt read; new turn appended
long-cap-200k-uncached,long-cap-200k-uncached-terra-baseline,baseline,terra,34,34,main_model_call,0,680000,20000,700000,1000,272000,long,4.0,0.4,5.0,18.0,0.0,0.272,0.1,0.018,0.39,39.0,False,0,prior prompt read; new turn appended
long-cap-200k-uncached,long-cap-200k-uncached-terra-baseline,baseline,terra,35,35,main_model_call,0,700000,20000,720000,1000,272000,long,4.0,0.4,5.0,18.0,0.0,0.28,0.1,0.018,0.398,39.8,False,0,prior prompt read; new turn appended
long-cap-200k-uncached,long-cap-200k-uncached-terra-baseline,baseline,terra,36,36,main_model_call,0,720000,20000,740000,1000,272000,long,4.0,0.4,5.0,18.0,0.0,0.288,0.1,0.018,0.406,40.6,False,0,prior prompt read; new turn appended
long-cap-200k-uncached,long-cap-200k-uncached-terra-baseline,baseline,terra,37,37,main_model_call,0,740000,20000,760000,1000,272000,long,4.0,0.4,5.0,18.0,0.0,0.296,0.1,0.018,0.414,41.4,False,0,prior prompt read; new turn appended
long-cap-200k-uncached,long-cap-200k-uncached-terra-baseline,baseline,terra,38,38,main_model_call,0,760000,20000,780000,1000,272000,long,4.0,0.4,5.0,18.0,0.0,0.304,0.1,0.018,0.422,42.2,False,0,prior prompt read; new turn appended
long-cap-200k-uncached,long-cap-200k-uncached-terra-baseline,baseline,terra,39,39,main_model_call,0,780000,20000,800000,1000,272000,long,4.0,0.4,5.0,18.0,0.0,0.312,0.1,0.018,0.43,43.0,False,0,prior prompt read; new turn appended
long-cap-200k-uncached,long-cap-200k-uncached-terra-comparison,comparison,terra,1,1,main_model_call,0,0,40000,40000,1000,272000,short,2.0,0.2,2.5,12.0,0.0,0.0,0.1,0.012,0.112,11.2,False,0,cold prompt written after start or compaction
long-cap-200k-uncached,long-cap-200k-uncached-terra-comparison,comparison,terra,2,2,main_model_call,0,40000,20000,60000,1000,272000,short,2.0,0.2,2.5,12.0,0.0,0.008,0.05,0.012,0.07,7.0,False,0,prior prompt read; new turn appended
long-cap-200k-uncached,long-cap-200k-uncached-terra-comparison,comparison,terra,3,3,main_model_call,0,60000,20000,80000,1000,272000,short,2.0,0.2,2.5,12.0,0.0,0.012,0.05,0.012,0.074,7.4,False,0,prior prompt read; new turn appended
long-cap-200k-uncached,long-cap-200k-uncached-terra-comparison,comparison,terra,4,4,main_model_call,0,80000,20000,100000,1000,272000,short,2.0,0.2,2.5,12.0,0.0,0.016,0.05,0.012,0.078,7.8,False,0,prior prompt read; new turn appended
long-cap-200k-uncached,long-cap-200k-uncached-terra-comparison,comparison,terra,5,5,main_model_call,0,100000,20000,120000,1000,272000,short,2.0,0.2,2.5,12.0,0.0,0.02,0.05,0.012,0.082,8.2,False,0,prior prompt read; new turn appended
long-cap-200k-uncached,long-cap-200k-uncached-terra-comparison,comparison,terra,6,6,main_model_call,0,120000,20000,140000,1000,272000,short,2.0,0.2,2.5,12.0,0.0,0.024,0.05,0.012,0.086,8.6,False,0,prior prompt read; new turn appended
long-cap-200k-uncached,long-cap-200k-uncached-terra-comparison,comparison,terra,7,7,main_model_call,0,140000,20000,160000,1000,272000,short,2.0,0.2,2.5,12.0,0.0,0.028,0.05,0.012,0.09,9.0,False,0,prior prompt read; new turn appended
long-cap-200k-uncached,long-cap-200k-uncached-terra-comparison,comparison,terra,8,8,main_model_call,0,160000,20000,180000,1000,272000,short,2.0,0.2,2.5,12.0,0.0,0.032,0.05,0.012,0.094,9.4,False,0,prior prompt read; new turn appended
long-cap-200k-uncached,long-cap-200k-uncached-terra-comparison,comparison,terra,9,9,main_model_call,0,180000,20000,200000,1000,272000,short,2.0,0.2,2.5,12.0,0.0,0.036,0.05,0.012,0.098,9.8,False,0,prior prompt read; new turn appended
long-cap-200k-uncached,long-cap-200k-uncached-terra-comparison,comparison,terra,10,9,compaction,200000,0,0,200000,20000,272000,short,2.0,0.2,2.5,12.0,0.4,0.0,0.0,0.24,0.64,64.0,True,180000,compact before main step 10; input mode=uncached
long-cap-200k-uncached,long-cap-200k-uncached-terra-comparison,comparison,terra,11,10,main_model_call,0,0,40000,40000,1000,272000,short,2.0,0.2,2.5,12.0,0.0,0.0,0.1,0.012,0.112,11.2,False,0,cold prompt written after start or compaction
long-cap-200k-uncached,long-cap-200k-uncached-terra-comparison,comparison,terra,12,11,main_model_call,0,40000,20000,60000,1000,272000,short,2.0,0.2,2.5,12.0,0.0,0.008,0.05,0.012,0.07,7.0,False,0,prior prompt read; new turn appended
long-cap-200k-uncached,long-cap-200k-uncached-terra-comparison,comparison,terra,13,12,main_model_call,0,60000,20000,80000,1000,272000,short,2.0,0.2,2.5,12.0,0.0,0.012,0.05,0.012,0.074,7.4,False,0,prior prompt read; new turn appended
long-cap-200k-uncached,long-cap-200k-uncached-terra-comparison,comparison,terra,14,13,main_model_call,0,80000,20000,100000,1000,272000,short,2.0,0.2,2.5,12.0,0.0,0.016,0.05,0.012,0.078,7.8,False,0,prior prompt read; new turn appended
long-cap-200k-uncached,long-cap-200k-uncached-terra-comparison,comparison,terra,15,14,main_model_call,0,100000,20000,120000,1000,272000,short,2.0,0.2,2.5,12.0,0.0,0.02,0.05,0.012,0.082,8.2,False,0,prior prompt read; new turn appended
long-cap-200k-uncached,long-cap-200k-uncached-terra-comparison,comparison,terra,16,15,main_model_call,0,120000,20000,140000,1000,272000,short,2.0,0.2,2.5,12.0,0.0,0.024,0.05,0.012,0.086,8.6,False,0,prior prompt read; new turn appended
long-cap-200k-uncached,long-cap-200k-uncached-terra-comparison,comparison,terra,17,16,main_model_call,0,140000,20000,160000,1000,272000,short,2.0,0.2,2.5,12.0,0.0,0.028,0.05,0.012,0.09,9.0,False,0,prior prompt read; new turn appended
long-cap-200k-uncached,long-cap-200k-uncached-terra-comparison,comparison,terra,18,17,main_model_call,0,160000,20000,180000,1000,272000,short,2.0,0.2,2.5,12.0,0.0,0.032,0.05,0.012,0.094,9.4,False,0,prior prompt read; new turn appended
long-cap-200k-uncached,long-cap-200k-uncached-terra-comparison,comparison,terra,19,18,main_model_call,0,180000,20000,200000,1000,272000,short,2.0,0.2,2.5,12.0,0.0,0.036,0.05,0.012,0.098,9.8,False,0,prior prompt read; new turn appended
long-cap-200k-uncached,long-cap-200k-uncached-terra-comparison,comparison,terra,20,18,compaction,200000,0,0,200000,20000,272000,short,2.0,0.2,2.5,12.0,0.4,0.0,0.0,0.24,0.64,64.0,True,180000,compact before main step 19; input mode=uncached
long-cap-200k-uncached,long-cap-200k-uncached-terra-comparison,comparison,terra,21,19,main_model_call,0,0,40000,40000,1000,272000,short,2.0,0.2,2.5,12.0,0.0,0.0,0.1,0.012,0.112,11.2,False,0,cold prompt written after start or compaction
long-cap-200k-uncached,long-cap-200k-uncached-terra-comparison,comparison,terra,22,20,main_model_call,0,40000,20000,60000,1000,272000,short,2.0,0.2,2.5,12.0,0.0,0.008,0.05,0.012,0.07,7.0,False,0,prior prompt read; new turn appended
long-cap-200k-uncached,long-cap-200k-uncached-terra-comparison,comparison,terra,23,21,main_model_call,0,60000,20000,80000,1000,272000,short,2.0,0.2,2.5,12.0,0.0,0.012,0.05,0.012,0.074,7.4,False,0,prior prompt read; new turn appended
long-cap-200k-uncached,long-cap-200k-uncached-terra-comparison,comparison,terra,24,22,main_model_call,0,80000,20000,100000,1000,272000,short,2.0,0.2,2.5,12.0,0.0,0.016,0.05,0.012,0.078,7.8,False,0,prior prompt read; new turn appended
long-cap-200k-uncached,long-cap-200k-uncached-terra-comparison,comparison,terra,25,23,main_model_call,0,100000,20000,120000,1000,272000,short,2.0,0.2,2.5,12.0,0.0,0.02,0.05,0.012,0.082,8.2,False,0,prior prompt read; new turn appended
long-cap-200k-uncached,long-cap-200k-uncached-terra-comparison,comparison,terra,26,24,main_model_call,0,120000,20000,140000,1000,272000,short,2.0,0.2,2.5,12.0,0.0,0.024,0.05,0.012,0.086,8.6,False,0,prior prompt read; new turn appended
long-cap-200k-uncached,long-cap-200k-uncached-terra-comparison,comparison,terra,27,25,main_model_call,0,140000,20000,160000,1000,272000,short,2.0,0.2,2.5,12.0,0.0,0.028,0.05,0.012,0.09,9.0,False,0,prior prompt read; new turn appended
long-cap-200k-uncached,long-cap-200k-uncached-terra-comparison,comparison,terra,28,26,main_model_call,0,160000,20000,180000,1000,272000,short,2.0,0.2,2.5,12.0,0.0,0.032,0.05,0.012,0.094,9.4,False,0,prior prompt read; new turn appended
long-cap-200k-uncached,long-cap-200k-uncached-terra-comparison,comparison,terra,29,27,main_model_call,0,180000,20000,200000,1000,272000,short,2.0,0.2,2.5,12.0,0.0,0.036,0.05,0.012,0.098,9.8,False,0,prior prompt read; new turn appended
long-cap-200k-uncached,long-cap-200k-uncached-terra-comparison,comparison,terra,30,27,compaction,200000,0,0,200000,20000,272000,short,2.0,0.2,2.5,12.0,0.4,0.0,0.0,0.24,0.64,64.0,True,180000,compact before main step 28; input mode=uncached
long-cap-200k-uncached,long-cap-200k-uncached-terra-comparison,comparison,terra,31,28,main_model_call,0,0,40000,40000,1000,272000,short,2.0,0.2,2.5,12.0,0.0,0.0,0.1,0.012,0.112,11.2,False,0,cold prompt written after start or compaction
long-cap-200k-uncached,long-cap-200k-uncached-terra-comparison,comparison,terra,32,29,main_model_call,0,40000,20000,60000,1000,272000,short,2.0,0.2,2.5,12.0,0.0,0.008,0.05,0.012,0.07,7.0,False,0,prior prompt read; new turn appended
long-cap-200k-uncached,long-cap-200k-uncached-terra-comparison,comparison,terra,33,30,main_model_call,0,60000,20000,80000,1000,272000,short,2.0,0.2,2.5,12.0,0.0,0.012,0.05,0.012,0.074,7.4,False,0,prior prompt read; new turn appended
long-cap-200k-uncached,long-cap-200k-uncached-terra-comparison,comparison,terra,34,31,main_model_call,0,80000,20000,100000,1000,272000,short,2.0,0.2,2.5,12.0,0.0,0.016,0.05,0.012,0.078,7.8,False,0,prior prompt read; new turn appended
long-cap-200k-uncached,long-cap-200k-uncached-terra-comparison,comparison,terra,35,32,main_model_call,0,100000,20000,120000,1000,272000,short,2.0,0.2,2.5,12.0,0.0,0.02,0.05,0.012,0.082,8.2,False,0,prior prompt read; new turn appended
long-cap-200k-uncached,long-cap-200k-uncached-terra-comparison,comparison,terra,36,33,main_model_call,0,120000,20000,140000,1000,272000,short,2.0,0.2,2.5,12.0,0.0,0.024,0.05,0.012,0.086,8.6,False,0,prior prompt read; new turn appended
long-cap-200k-uncached,long-cap-200k-uncached-terra-comparison,comparison,terra,37,34,main_model_call,0,140000,20000,160000,1000,272000,short,2.0,0.2,2.5,12.0,0.0,0.028,0.05,0.012,0.09,9.0,False,0,prior prompt read; new turn appended
long-cap-200k-uncached,long-cap-200k-uncached-terra-comparison,comparison,terra,38,35,main_model_call,0,160000,20000,180000,1000,272000,short,2.0,0.2,2.5,12.0,0.0,0.032,0.05,0.012,0.094,9.4,False,0,prior prompt read; new turn appended
long-cap-200k-uncached,long-cap-200k-uncached-terra-comparison,comparison,terra,39,36,main_model_call,0,180000,20000,200000,1000,272000,short,2.0,0.2,2.5,12.0,0.0,0.036,0.05,0.012,0.098,9.8,False,0,prior prompt read; new turn appended
long-cap-200k-uncached,long-cap-200k-uncached-terra-comparison,comparison,terra,40,36,compaction,200000,0,0,200000,20000,272000,short,2.0,0.2,2.5,12.0,0.4,0.0,0.0,0.24,0.64,64.0,True,180000,compact before main step 37; input mode=uncached
long-cap-200k-uncached,long-cap-200k-uncached-terra-comparison,comparison,terra,41,37,main_model_call,0,0,40000,40000,1000,272000,short,2.0,0.2,2.5,12.0,0.0,0.0,0.1,0.012,0.112,11.2,False,0,cold prompt written after start or compaction
long-cap-200k-uncached,long-cap-200k-uncached-terra-comparison,comparison,terra,42,38,main_model_call,0,40000,20000,60000,1000,272000,short,2.0,0.2,2.5,12.0,0.0,0.008,0.05,0.012,0.07,7.0,False,0,prior prompt read; new turn appended
long-cap-200k-uncached,long-cap-200k-uncached-terra-comparison,comparison,terra,43,39,main_model_call,0,60000,20000,80000,1000,272000,short,2.0,0.2,2.5,12.0,0.0,0.012,0.05,0.012,0.074,7.4,False,0,prior prompt read; new turn appended
long-cap-200k-uncached,long-cap-200k-uncached-sol-baseline,baseline,sol,1,1,main_model_call,0,0,40000,40000,1000,272000,short,4.0,0.4,5.0,20.0,0.0,0.0,0.2,0.02,0.22,22.0,False,0,cold prompt written after start or compaction
long-cap-200k-uncached,long-cap-200k-uncached-sol-baseline,baseline,sol,2,2,main_model_call,0,40000,20000,60000,1000,272000,short,4.0,0.4,5.0,20.0,0.0,0.016,0.1,0.02,0.136,13.6,False,0,prior prompt read; new turn appended
long-cap-200k-uncached,long-cap-200k-uncached-sol-baseline,baseline,sol,3,3,main_model_call,0,60000,20000,80000,1000,272000,short,4.0,0.4,5.0,20.0,0.0,0.024,0.1,0.02,0.144,14.4,False,0,prior prompt read; new turn appended
long-cap-200k-uncached,long-cap-200k-uncached-sol-baseline,baseline,sol,4,4,main_model_call,0,80000,20000,100000,1000,272000,short,4.0,0.4,5.0,20.0,0.0,0.032,0.1,0.02,0.152,15.2,False,0,prior prompt read; new turn appended
long-cap-200k-uncached,long-cap-200k-uncached-sol-baseline,baseline,sol,5,5,main_model_call,0,100000,20000,120000,1000,272000,short,4.0,0.4,5.0,20.0,0.0,0.04,0.1,0.02,0.16,16.0,False,0,prior prompt read; new turn appended
long-cap-200k-uncached,long-cap-200k-uncached-sol-baseline,baseline,sol,6,6,main_model_call,0,120000,20000,140000,1000,272000,short,4.0,0.4,5.0,20.0,0.0,0.048,0.1,0.02,0.168,16.8,False,0,prior prompt read; new turn appended
long-cap-200k-uncached,long-cap-200k-uncached-sol-baseline,baseline,sol,7,7,main_model_call,0,140000,20000,160000,1000,272000,short,4.0,0.4,5.0,20.0,0.0,0.056,0.1,0.02,0.176,17.6,False,0,prior prompt read; new turn appended
long-cap-200k-uncached,long-cap-200k-uncached-sol-baseline,baseline,sol,8,8,main_model_call,0,160000,20000,180000,1000,272000,short,4.0,0.4,5.0,20.0,0.0,0.064,0.1,0.02,0.184,18.4,False,0,prior prompt read; new turn appended
long-cap-200k-uncached,long-cap-200k-uncached-sol-baseline,baseline,sol,9,9,main_model_call,0,180000,20000,200000,1000,272000,short,4.0,0.4,5.0,20.0,0.0,0.072,0.1,0.02,0.192,19.2,False,0,prior prompt read; new turn appended
long-cap-200k-uncached,long-cap-200k-uncached-sol-baseline,baseline,sol,10,10,main_model_call,0,200000,20000,220000,1000,272000,short,4.0,0.4,5.0,20.0,0.0,0.08,0.1,0.02,0.2,20.0,False,0,prior prompt read; new turn appended
long-cap-200k-uncached,long-cap-200k-uncached-sol-baseline,baseline,sol,11,11,main_model_call,0,220000,20000,240000,1000,272000,short,4.0,0.4,5.0,20.0,0.0,0.088,0.1,0.02,0.208,20.8,False,0,prior prompt read; new turn appended
long-cap-200k-uncached,long-cap-200k-uncached-sol-baseline,baseline,sol,12,12,main_model_call,0,240000,20000,260000,1000,272000,short,4.0,0.4,5.0,20.0,0.0,0.096,0.1,0.02,0.216,21.6,False,0,prior prompt read; new turn appended
long-cap-200k-uncached,long-cap-200k-uncached-sol-baseline,baseline,sol,13,13,main_model_call,0,260000,20000,280000,1000,272000,long,8.0,0.8,10.0,30.0,0.0,0.208,0.2,0.03,0.438,43.8,False,0,prior prompt read; new turn appended
long-cap-200k-uncached,long-cap-200k-uncached-sol-baseline,baseline,sol,14,14,main_model_call,0,280000,20000,300000,1000,272000,long,8.0,0.8,10.0,30.0,0.0,0.224,0.2,0.03,0.454,45.4,False,0,prior prompt read; new turn appended
long-cap-200k-uncached,long-cap-200k-uncached-sol-baseline,baseline,sol,15,15,main_model_call,0,300000,20000,320000,1000,272000,long,8.0,0.8,10.0,30.0,0.0,0.24,0.2,0.03,0.47,47.0,False,0,prior prompt read; new turn appended
long-cap-200k-uncached,long-cap-200k-uncached-sol-baseline,baseline,sol,16,16,main_model_call,0,320000,20000,340000,1000,272000,long,8.0,0.8,10.0,30.0,0.0,0.256,0.2,0.03,0.486,48.6,False,0,prior prompt read; new turn appended
long-cap-200k-uncached,long-cap-200k-uncached-sol-baseline,baseline,sol,17,17,main_model_call,0,340000,20000,360000,1000,272000,long,8.0,0.8,10.0,30.0,0.0,0.272,0.2,0.03,0.502,50.2,False,0,prior prompt read; new turn appended
long-cap-200k-uncached,long-cap-200k-uncached-sol-baseline,baseline,sol,18,18,main_model_call,0,360000,20000,380000,1000,272000,long,8.0,0.8,10.0,30.0,0.0,0.288,0.2,0.03,0.518,51.8,False,0,prior prompt read; new turn appended
long-cap-200k-uncached,long-cap-200k-uncached-sol-baseline,baseline,sol,19,19,main_model_call,0,380000,20000,400000,1000,272000,long,8.0,0.8,10.0,30.0,0.0,0.304,0.2,0.03,0.534,53.4,False,0,prior prompt read; new turn appended
long-cap-200k-uncached,long-cap-200k-uncached-sol-baseline,baseline,sol,20,20,main_model_call,0,400000,20000,420000,1000,272000,long,8.0,0.8,10.0,30.0,0.0,0.32,0.2,0.03,0.55,55.0,False,0,prior prompt read; new turn appended
long-cap-200k-uncached,long-cap-200k-uncached-sol-baseline,baseline,sol,21,21,main_model_call,0,420000,20000,440000,1000,272000,long,8.0,0.8,10.0,30.0,0.0,0.336,0.2,0.03,0.566,56.6,False,0,prior prompt read; new turn appended
long-cap-200k-uncached,long-cap-200k-uncached-sol-baseline,baseline,sol,22,22,main_model_call,0,440000,20000,460000,1000,272000,long,8.0,0.8,10.0,30.0,0.0,0.352,0.2,0.03,0.582,58.2,False,0,prior prompt read; new turn appended
long-cap-200k-uncached,long-cap-200k-uncached-sol-baseline,baseline,sol,23,23,main_model_call,0,460000,20000,480000,1000,272000,long,8.0,0.8,10.0,30.0,0.0,0.368,0.2,0.03,0.598,59.8,False,0,prior prompt read; new turn appended
long-cap-200k-uncached,long-cap-200k-uncached-sol-baseline,baseline,sol,24,24,main_model_call,0,480000,20000,500000,1000,272000,long,8.0,0.8,10.0,30.0,0.0,0.384,0.2,0.03,0.614,61.4,False,0,prior prompt read; new turn appended
long-cap-200k-uncached,long-cap-200k-uncached-sol-baseline,baseline,sol,25,25,main_model_call,0,500000,20000,520000,1000,272000,long,8.0,0.8,10.0,30.0,0.0,0.4,0.2,0.03,0.63,63.0,False,0,prior prompt read; new turn appended
long-cap-200k-uncached,long-cap-200k-uncached-sol-baseline,baseline,sol,26,26,main_model_call,0,520000,20000,540000,1000,272000,long,8.0,0.8,10.0,30.0,0.0,0.416,0.2,0.03,0.646,64.6,False,0,prior prompt read; new turn appended
long-cap-200k-uncached,long-cap-200k-uncached-sol-baseline,baseline,sol,27,27,main_model_call,0,540000,20000,560000,1000,272000,long,8.0,0.8,10.0,30.0,0.0,0.432,0.2,0.03,0.662,66.2,False,0,prior prompt read; new turn appended
long-cap-200k-uncached,long-cap-200k-uncached-sol-baseline,baseline,sol,28,28,main_model_call,0,560000,20000,580000,1000,272000,long,8.0,0.8,10.0,30.0,0.0,0.448,0.2,0.03,0.678,67.8,False,0,prior prompt read; new turn appended
long-cap-200k-uncached,long-cap-200k-uncached-sol-baseline,baseline,sol,29,29,main_model_call,0,580000,20000,600000,1000,272000,long,8.0,0.8,10.0,30.0,0.0,0.464,0.2,0.03,0.694,69.4,False,0,prior prompt read; new turn appended
long-cap-200k-uncached,long-cap-200k-uncached-sol-baseline,baseline,sol,30,30,main_model_call,0,600000,20000,620000,1000,272000,long,8.0,0.8,10.0,30.0,0.0,0.48,0.2,0.03,0.71,71.0,False,0,prior prompt read; new turn appended
long-cap-200k-uncached,long-cap-200k-uncached-sol-baseline,baseline,sol,31,31,main_model_call,0,620000,20000,640000,1000,272000,long,8.0,0.8,10.0,30.0,0.0,0.496,0.2,0.03,0.726,72.6,False,0,prior prompt read; new turn appended
long-cap-200k-uncached,long-cap-200k-uncached-sol-baseline,baseline,sol,32,32,main_model_call,0,640000,20000,660000,1000,272000,long,8.0,0.8,10.0,30.0,0.0,0.512,0.2,0.03,0.742,74.2,False,0,prior prompt read; new turn appended
long-cap-200k-uncached,long-cap-200k-uncached-sol-baseline,baseline,sol,33,33,main_model_call,0,660000,20000,680000,1000,272000,long,8.0,0.8,10.0,30.0,0.0,0.528,0.2,0.03,0.758,75.8,False,0,prior prompt read; new turn appended
long-cap-200k-uncached,long-cap-200k-uncached-sol-baseline,baseline,sol,34,34,main_model_call,0,680000,20000,700000,1000,272000,long,8.0,0.8,10.0,30.0,0.0,0.544,0.2,0.03,0.774,77.4,False,0,prior prompt read; new turn appended
long-cap-200k-uncached,long-cap-200k-uncached-sol-baseline,baseline,sol,35,35,main_model_call,0,700000,20000,720000,1000,272000,long,8.0,0.8,10.0,30.0,0.0,0.56,0.2,0.03,0.79,79.0,False,0,prior prompt read; new turn appended
long-cap-200k-uncached,long-cap-200k-uncached-sol-baseline,baseline,sol,36,36,main_model_call,0,720000,20000,740000,1000,272000,long,8.0,0.8,10.0,30.0,0.0,0.576,0.2,0.03,0.806,80.6,False,0,prior prompt read; new turn appended
long-cap-200k-uncached,long-cap-200k-uncached-sol-baseline,baseline,sol,37,37,main_model_call,0,740000,20000,760000,1000,272000,long,8.0,0.8,10.0,30.0,0.0,0.592,0.2,0.03,0.822,82.2,False,0,prior prompt read; new turn appended
long-cap-200k-uncached,long-cap-200k-uncached-sol-baseline,baseline,sol,38,38,main_model_call,0,760000,20000,780000,1000,272000,long,8.0,0.8,10.0,30.0,0.0,0.608,0.2,0.03,0.838,83.8,False,0,prior prompt read; new turn appended
long-cap-200k-uncached,long-cap-200k-uncached-sol-baseline,baseline,sol,39,39,main_model_call,0,780000,20000,800000,1000,272000,long,8.0,0.8,10.0,30.0,0.0,0.624,0.2,0.03,0.854,85.4,False,0,prior prompt read; new turn appended
long-cap-200k-uncached,long-cap-200k-uncached-sol-comparison,comparison,sol,1,1,main_model_call,0,0,40000,40000,1000,272000,short,4.0,0.4,5.0,20.0,0.0,0.0,0.2,0.02,0.22,22.0,False,0,cold prompt written after start or compaction
long-cap-200k-uncached,long-cap-200k-uncached-sol-comparison,comparison,sol,2,2,main_model_call,0,40000,20000,60000,1000,272000,short,4.0,0.4,5.0,20.0,0.0,0.016,0.1,0.02,0.136,13.6,False,0,prior prompt read; new turn appended
long-cap-200k-uncached,long-cap-200k-uncached-sol-comparison,comparison,sol,3,3,main_model_call,0,60000,20000,80000,1000,272000,short,4.0,0.4,5.0,20.0,0.0,0.024,0.1,0.02,0.144,14.4,False,0,prior prompt read; new turn appended
long-cap-200k-uncached,long-cap-200k-uncached-sol-comparison,comparison,sol,4,4,main_model_call,0,80000,20000,100000,1000,272000,short,4.0,0.4,5.0,20.0,0.0,0.032,0.1,0.02,0.152,15.2,False,0,prior prompt read; new turn appended
long-cap-200k-uncached,long-cap-200k-uncached-sol-comparison,comparison,sol,5,5,main_model_call,0,100000,20000,120000,1000,272000,short,4.0,0.4,5.0,20.0,0.0,0.04,0.1,0.02,0.16,16.0,False,0,prior prompt read; new turn appended
long-cap-200k-uncached,long-cap-200k-uncached-sol-comparison,comparison,sol,6,6,main_model_call,0,120000,20000,140000,1000,272000,short,4.0,0.4,5.0,20.0,0.0,0.048,0.1,0.02,0.168,16.8,False,0,prior prompt read; new turn appended
long-cap-200k-uncached,long-cap-200k-uncached-sol-comparison,comparison,sol,7,7,main_model_call,0,140000,20000,160000,1000,272000,short,4.0,0.4,5.0,20.0,0.0,0.056,0.1,0.02,0.176,17.6,False,0,prior prompt read; new turn appended
long-cap-200k-uncached,long-cap-200k-uncached-sol-comparison,comparison,sol,8,8,main_model_call,0,160000,20000,180000,1000,272000,short,4.0,0.4,5.0,20.0,0.0,0.064,0.1,0.02,0.184,18.4,False,0,prior prompt read; new turn appended
long-cap-200k-uncached,long-cap-200k-uncached-sol-comparison,comparison,sol,9,9,main_model_call,0,180000,20000,200000,1000,272000,short,4.0,0.4,5.0,20.0,0.0,0.072,0.1,0.02,0.192,19.2,False,0,prior prompt read; new turn appended
long-cap-200k-uncached,long-cap-200k-uncached-sol-comparison,comparison,sol,10,9,compaction,200000,0,0,200000,20000,272000,short,4.0,0.4,5.0,20.0,0.8,0.0,0.0,0.4,1.2,120.0,True,180000,compact before main step 10; input mode=uncached
long-cap-200k-uncached,long-cap-200k-uncached-sol-comparison,comparison,sol,11,10,main_model_call,0,0,40000,40000,1000,272000,short,4.0,0.4,5.0,20.0,0.0,0.0,0.2,0.02,0.22,22.0,False,0,cold prompt written after start or compaction
long-cap-200k-uncached,long-cap-200k-uncached-sol-comparison,comparison,sol,12,11,main_model_call,0,40000,20000,60000,1000,272000,short,4.0,0.4,5.0,20.0,0.0,0.016,0.1,0.02,0.136,13.6,False,0,prior prompt read; new turn appended
long-cap-200k-uncached,long-cap-200k-uncached-sol-comparison,comparison,sol,13,12,main_model_call,0,60000,20000,80000,1000,272000,short,4.0,0.4,5.0,20.0,0.0,0.024,0.1,0.02,0.144,14.4,False,0,prior prompt read; new turn appended
long-cap-200k-uncached,long-cap-200k-uncached-sol-comparison,comparison,sol,14,13,main_model_call,0,80000,20000,100000,1000,272000,short,4.0,0.4,5.0,20.0,0.0,0.032,0.1,0.02,0.152,15.2,False,0,prior prompt read; new turn appended
long-cap-200k-uncached,long-cap-200k-uncached-sol-comparison,comparison,sol,15,14,main_model_call,0,100000,20000,120000,1000,272000,short,4.0,0.4,5.0,20.0,0.0,0.04,0.1,0.02,0.16,16.0,False,0,prior prompt read; new turn appended
long-cap-200k-uncached,long-cap-200k-uncached-sol-comparison,comparison,sol,16,15,main_model_call,0,120000,20000,140000,1000,272000,short,4.0,0.4,5.0,20.0,0.0,0.048,0.1,0.02,0.168,16.8,False,0,prior prompt read; new turn appended
long-cap-200k-uncached,long-cap-200k-uncached-sol-comparison,comparison,sol,17,16,main_model_call,0,140000,20000,160000,1000,272000,short,4.0,0.4,5.0,20.0,0.0,0.056,0.1,0.02,0.176,17.6,False,0,prior prompt read; new turn appended
long-cap-200k-uncached,long-cap-200k-uncached-sol-comparison,comparison,sol,18,17,main_model_call,0,160000,20000,180000,1000,272000,short,4.0,0.4,5.0,20.0,0.0,0.064,0.1,0.02,0.184,18.4,False,0,prior prompt read; new turn appended
long-cap-200k-uncached,long-cap-200k-uncached-sol-comparison,comparison,sol,19,18,main_model_call,0,180000,20000,200000,1000,272000,short,4.0,0.4,5.0,20.0,0.0,0.072,0.1,0.02,0.192,19.2,False,0,prior prompt read; new turn appended
long-cap-200k-uncached,long-cap-200k-uncached-sol-comparison,comparison,sol,20,18,compaction,200000,0,0,200000,20000,272000,short,4.0,0.4,5.0,20.0,0.8,0.0,0.0,0.4,1.2,120.0,True,180000,compact before main step 19; input mode=uncached
long-cap-200k-uncached,long-cap-200k-uncached-sol-comparison,comparison,sol,21,19,main_model_call,0,0,40000,40000,1000,272000,short,4.0,0.4,5.0,20.0,0.0,0.0,0.2,0.02,0.22,22.0,False,0,cold prompt written after start or compaction
long-cap-200k-uncached,long-cap-200k-uncached-sol-comparison,comparison,sol,22,20,main_model_call,0,40000,20000,60000,1000,272000,short,4.0,0.4,5.0,20.0,0.0,0.016,0.1,0.02,0.136,13.6,False,0,prior prompt read; new turn appended
long-cap-200k-uncached,long-cap-200k-uncached-sol-comparison,comparison,sol,23,21,main_model_call,0,60000,20000,80000,1000,272000,short,4.0,0.4,5.0,20.0,0.0,0.024,0.1,0.02,0.144,14.4,False,0,prior prompt read; new turn appended
long-cap-200k-uncached,long-cap-200k-uncached-sol-comparison,comparison,sol,24,22,main_model_call,0,80000,20000,100000,1000,272000,short,4.0,0.4,5.0,20.0,0.0,0.032,0.1,0.02,0.152,15.2,False,0,prior prompt read; new turn appended
long-cap-200k-uncached,long-cap-200k-uncached-sol-comparison,comparison,sol,25,23,main_model_call,0,100000,20000,120000,1000,272000,short,4.0,0.4,5.0,20.0,0.0,0.04,0.1,0.02,0.16,16.0,False,0,prior prompt read; new turn appended
long-cap-200k-uncached,long-cap-200k-uncached-sol-comparison,comparison,sol,26,24,main_model_call,0,120000,20000,140000,1000,272000,short,4.0,0.4,5.0,20.0,0.0,0.048,0.1,0.02,0.168,16.8,False,0,prior prompt read; new turn appended
long-cap-200k-uncached,long-cap-200k-uncached-sol-comparison,comparison,sol,27,25,main_model_call,0,140000,20000,160000,1000,272000,short,4.0,0.4,5.0,20.0,0.0,0.056,0.1,0.02,0.176,17.6,False,0,prior prompt read; new turn appended
long-cap-200k-uncached,long-cap-200k-uncached-sol-comparison,comparison,sol,28,26,main_model_call,0,160000,20000,180000,1000,272000,short,4.0,0.4,5.0,20.0,0.0,0.064,0.1,0.02,0.184,18.4,False,0,prior prompt read; new turn appended
long-cap-200k-uncached,long-cap-200k-uncached-sol-comparison,comparison,sol,29,27,main_model_call,0,180000,20000,200000,1000,272000,short,4.0,0.4,5.0,20.0,0.0,0.072,0.1,0.02,0.192,19.2,False,0,prior prompt read; new turn appended
long-cap-200k-uncached,long-cap-200k-uncached-sol-comparison,comparison,sol,30,27,compaction,200000,0,0,200000,20000,272000,short,4.0,0.4,5.0,20.0,0.8,0.0,0.0,0.4,1.2,120.0,True,180000,compact before main step 28; input mode=uncached
long-cap-200k-uncached,long-cap-200k-uncached-sol-comparison,comparison,sol,31,28,main_model_call,0,0,40000,40000,1000,272000,short,4.0,0.4,5.0,20.0,0.0,0.0,0.2,0.02,0.22,22.0,False,0,cold prompt written after start or compaction
long-cap-200k-uncached,long-cap-200k-uncached-sol-comparison,comparison,sol,32,29,main_model_call,0,40000,20000,60000,1000,272000,short,4.0,0.4,5.0,20.0,0.0,0.016,0.1,0.02,0.136,13.6,False,0,prior prompt read; new turn appended
long-cap-200k-uncached,long-cap-200k-uncached-sol-comparison,comparison,sol,33,30,main_model_call,0,60000,20000,80000,1000,272000,short,4.0,0.4,5.0,20.0,0.0,0.024,0.1,0.02,0.144,14.4,False,0,prior prompt read; new turn appended
long-cap-200k-uncached,long-cap-200k-uncached-sol-comparison,comparison,sol,34,31,main_model_call,0,80000,20000,100000,1000,272000,short,4.0,0.4,5.0,20.0,0.0,0.032,0.1,0.02,0.152,15.2,False,0,prior prompt read; new turn appended
long-cap-200k-uncached,long-cap-200k-uncached-sol-comparison,comparison,sol,35,32,main_model_call,0,100000,20000,120000,1000,272000,short,4.0,0.4,5.0,20.0,0.0,0.04,0.1,0.02,0.16,16.0,False,0,prior prompt read; new turn appended
long-cap-200k-uncached,long-cap-200k-uncached-sol-comparison,comparison,sol,36,33,main_model_call,0,120000,20000,140000,1000,272000,short,4.0,0.4,5.0,20.0,0.0,0.048,0.1,0.02,0.168,16.8,False,0,prior prompt read; new turn appended
long-cap-200k-uncached,long-cap-200k-uncached-sol-comparison,comparison,sol,37,34,main_model_call,0,140000,20000,160000,1000,272000,short,4.0,0.4,5.0,20.0,0.0,0.056,0.1,0.02,0.176,17.6,False,0,prior prompt read; new turn appended
long-cap-200k-uncached,long-cap-200k-uncached-sol-comparison,comparison,sol,38,35,main_model_call,0,160000,20000,180000,1000,272000,short,4.0,0.4,5.0,20.0,0.0,0.064,0.1,0.02,0.184,18.4,False,0,prior prompt read; new turn appended
long-cap-200k-uncached,long-cap-200k-uncached-sol-comparison,comparison,sol,39,36,main_model_call,0,180000,20000,200000,1000,272000,short,4.0,0.4,5.0,20.0,0.0,0.072,0.1,0.02,0.192,19.2,False,0,prior prompt read; new turn appended
long-cap-200k-uncached,long-cap-200k-uncached-sol-comparison,comparison,sol,40,36,compaction,200000,0,0,200000,20000,272000,short,4.0,0.4,5.0,20.0,0.8,0.0,0.0,0.4,1.2,120.0,True,180000,compact before main step 37; input mode=uncached
long-cap-200k-uncached,long-cap-200k-uncached-sol-comparison,comparison,sol,41,37,main_model_call,0,0,40000,40000,1000,272000,short,4.0,0.4,5.0,20.0,0.0,0.0,0.2,0.02,0.22,22.0,False,0,cold prompt written after start or compaction
long-cap-200k-uncached,long-cap-200k-uncached-sol-comparison,comparison,sol,42,38,main_model_call,0,40000,20000,60000,1000,272000,short,4.0,0.4,5.0,20.0,0.0,0.016,0.1,0.02,0.136,13.6,False,0,prior prompt read; new turn appended
long-cap-200k-uncached,long-cap-200k-uncached-sol-comparison,comparison,sol,43,39,main_model_call,0,60000,20000,80000,1000,272000,short,4.0,0.4,5.0,20.0,0.0,0.024,0.1,0.02,0.144,14.4,False,0,prior prompt read; new turn appended
long-cap-pricing-threshold-uncached,long-cap-pricing-threshold-uncached-luna-baseline,baseline,luna,1,1,main_model_call,0,0,40000,40000,1000,200000,short,0.2,0.02,0.25,1.2,0.0,0.0,0.01,0.0012,0.0112,1.12,False,0,cold prompt written after start or compaction
long-cap-pricing-threshold-uncached,long-cap-pricing-threshold-uncached-luna-baseline,baseline,luna,2,2,main_model_call,0,40000,20000,60000,1000,200000,short,0.2,0.02,0.25,1.2,0.0,0.0008,0.005,0.0012,0.007,0.7,False,0,prior prompt read; new turn appended
long-cap-pricing-threshold-uncached,long-cap-pricing-threshold-uncached-luna-baseline,baseline,luna,3,3,main_model_call,0,60000,20000,80000,1000,200000,short,0.2,0.02,0.25,1.2,0.0,0.0012,0.005,0.0012,0.0074,0.74,False,0,prior prompt read; new turn appended
long-cap-pricing-threshold-uncached,long-cap-pricing-threshold-uncached-luna-baseline,baseline,luna,4,4,main_model_call,0,80000,20000,100000,1000,200000,short,0.2,0.02,0.25,1.2,0.0,0.0016,0.005,0.0012,0.0078,0.78,False,0,prior prompt read; new turn appended
long-cap-pricing-threshold-uncached,long-cap-pricing-threshold-uncached-luna-baseline,baseline,luna,5,5,main_model_call,0,100000,20000,120000,1000,200000,short,0.2,0.02,0.25,1.2,0.0,0.002,0.005,0.0012,0.0082,0.82,False,0,prior prompt read; new turn appended
long-cap-pricing-threshold-uncached,long-cap-pricing-threshold-uncached-luna-baseline,baseline,luna,6,6,main_model_call,0,120000,20000,140000,1000,200000,short,0.2,0.02,0.25,1.2,0.0,0.0024,0.005,0.0012,0.0086,0.86,False,0,prior prompt read; new turn appended
long-cap-pricing-threshold-uncached,long-cap-pricing-threshold-uncached-luna-baseline,baseline,luna,7,7,main_model_call,0,140000,20000,160000,1000,200000,short,0.2,0.02,0.25,1.2,0.0,0.0028,0.005,0.0012,0.009,0.9,False,0,prior prompt read; new turn appended
long-cap-pricing-threshold-uncached,long-cap-pricing-threshold-uncached-luna-baseline,baseline,luna,8,8,main_model_call,0,160000,20000,180000,1000,200000,short,0.2,0.02,0.25,1.2,0.0,0.0032,0.005,0.0012,0.0094,0.94,False,0,prior prompt read; new turn appended
long-cap-pricing-threshold-uncached,long-cap-pricing-threshold-uncached-luna-baseline,baseline,luna,9,9,main_model_call,0,180000,20000,200000,1000,200000,short,0.2,0.02,0.25,1.2,0.0,0.0036,0.005,0.0012,0.0098,0.98,False,0,prior prompt read; new turn appended
long-cap-pricing-threshold-uncached,long-cap-pricing-threshold-uncached-luna-baseline,baseline,luna,10,10,main_model_call,0,200000,20000,220000,1000,200000,long,0.4,0.04,0.5,1.8,0.0,0.008,0.01,0.0018,0.0198,1.98,False,0,prior prompt read; new turn appended
long-cap-pricing-threshold-uncached,long-cap-pricing-threshold-uncached-luna-baseline,baseline,luna,11,11,main_model_call,0,220000,20000,240000,1000,200000,long,0.4,0.04,0.5,1.8,0.0,0.0088,0.01,0.0018,0.0206,2.06,False,0,prior prompt read; new turn appended
long-cap-pricing-threshold-uncached,long-cap-pricing-threshold-uncached-luna-baseline,baseline,luna,12,12,main_model_call,0,240000,20000,260000,1000,200000,long,0.4,0.04,0.5,1.8,0.0,0.0096,0.01,0.0018,0.0214,2.14,False,0,prior prompt read; new turn appended
long-cap-pricing-threshold-uncached,long-cap-pricing-threshold-uncached-luna-baseline,baseline,luna,13,13,main_model_call,0,260000,20000,280000,1000,200000,long,0.4,0.04,0.5,1.8,0.0,0.0104,0.01,0.0018,0.0222,2.22,False,0,prior prompt read; new turn appended
long-cap-pricing-threshold-uncached,long-cap-pricing-threshold-uncached-luna-baseline,baseline,luna,14,14,main_model_call,0,280000,20000,300000,1000,200000,long,0.4,0.04,0.5,1.8,0.0,0.0112,0.01,0.0018,0.023,2.3,False,0,prior prompt read; new turn appended
long-cap-pricing-threshold-uncached,long-cap-pricing-threshold-uncached-luna-baseline,baseline,luna,15,15,main_model_call,0,300000,20000,320000,1000,200000,long,0.4,0.04,0.5,1.8,0.0,0.012,0.01,0.0018,0.0238,2.38,False,0,prior prompt read; new turn appended
long-cap-pricing-threshold-uncached,long-cap-pricing-threshold-uncached-luna-baseline,baseline,luna,16,16,main_model_call,0,320000,20000,340000,1000,200000,long,0.4,0.04,0.5,1.8,0.0,0.0128,0.01,0.0018,0.0246,2.46,False,0,prior prompt read; new turn appended
long-cap-pricing-threshold-uncached,long-cap-pricing-threshold-uncached-luna-baseline,baseline,luna,17,17,main_model_call,0,340000,20000,360000,1000,200000,long,0.4,0.04,0.5,1.8,0.0,0.0136,0.01,0.0018,0.0254,2.54,False,0,prior prompt read; new turn appended
long-cap-pricing-threshold-uncached,long-cap-pricing-threshold-uncached-luna-baseline,baseline,luna,18,18,main_model_call,0,360000,20000,380000,1000,200000,long,0.4,0.04,0.5,1.8,0.0,0.0144,0.01,0.0018,0.0262,2.62,False,0,prior prompt read; new turn appended
long-cap-pricing-threshold-uncached,long-cap-pricing-threshold-uncached-luna-baseline,baseline,luna,19,19,main_model_call,0,380000,20000,400000,1000,200000,long,0.4,0.04,0.5,1.8,0.0,0.0152,0.01,0.0018,0.027,2.7,False,0,prior prompt read; new turn appended
long-cap-pricing-threshold-uncached,long-cap-pricing-threshold-uncached-luna-baseline,baseline,luna,20,20,main_model_call,0,400000,20000,420000,1000,200000,long,0.4,0.04,0.5,1.8,0.0,0.016,0.01,0.0018,0.0278,2.78,False,0,prior prompt read; new turn appended
long-cap-pricing-threshold-uncached,long-cap-pricing-threshold-uncached-luna-baseline,baseline,luna,21,21,main_model_call,0,420000,20000,440000,1000,200000,long,0.4,0.04,0.5,1.8,0.0,0.0168,0.01,0.0018,0.0286,2.86,False,0,prior prompt read; new turn appended
long-cap-pricing-threshold-uncached,long-cap-pricing-threshold-uncached-luna-baseline,baseline,luna,22,22,main_model_call,0,440000,20000,460000,1000,200000,long,0.4,0.04,0.5,1.8,0.0,0.0176,0.01,0.0018,0.0294,2.94,False,0,prior prompt read; new turn appended
long-cap-pricing-threshold-uncached,long-cap-pricing-threshold-uncached-luna-baseline,baseline,luna,23,23,main_model_call,0,460000,20000,480000,1000,200000,long,0.4,0.04,0.5,1.8,0.0,0.0184,0.01,0.0018,0.0302,3.02,False,0,prior prompt read; new turn appended
long-cap-pricing-threshold-uncached,long-cap-pricing-threshold-uncached-luna-baseline,baseline,luna,24,24,main_model_call,0,480000,20000,500000,1000,200000,long,0.4,0.04,0.5,1.8,0.0,0.0192,0.01,0.0018,0.031,3.1,False,0,prior prompt read; new turn appended
long-cap-pricing-threshold-uncached,long-cap-pricing-threshold-uncached-luna-baseline,baseline,luna,25,25,main_model_call,0,500000,20000,520000,1000,200000,long,0.4,0.04,0.5,1.8,0.0,0.02,0.01,0.0018,0.0318,3.18,False,0,prior prompt read; new turn appended
long-cap-pricing-threshold-uncached,long-cap-pricing-threshold-uncached-luna-baseline,baseline,luna,26,26,main_model_call,0,520000,20000,540000,1000,200000,long,0.4,0.04,0.5,1.8,0.0,0.0208,0.01,0.0018,0.0326,3.26,False,0,prior prompt read; new turn appended
long-cap-pricing-threshold-uncached,long-cap-pricing-threshold-uncached-luna-baseline,baseline,luna,27,27,main_model_call,0,540000,20000,560000,1000,200000,long,0.4,0.04,0.5,1.8,0.0,0.0216,0.01,0.0018,0.0334,3.34,False,0,prior prompt read; new turn appended
long-cap-pricing-threshold-uncached,long-cap-pricing-threshold-uncached-luna-baseline,baseline,luna,28,28,main_model_call,0,560000,20000,580000,1000,200000,long,0.4,0.04,0.5,1.8,0.0,0.0224,0.01,0.0018,0.0342,3.42,False,0,prior prompt read; new turn appended
long-cap-pricing-threshold-uncached,long-cap-pricing-threshold-uncached-luna-baseline,baseline,luna,29,29,main_model_call,0,580000,20000,600000,1000,200000,long,0.4,0.04,0.5,1.8,0.0,0.0232,0.01,0.0018,0.035,3.5,False,0,prior prompt read; new turn appended
long-cap-pricing-threshold-uncached,long-cap-pricing-threshold-uncached-luna-baseline,baseline,luna,30,30,main_model_call,0,600000,20000,620000,1000,200000,long,0.4,0.04,0.5,1.8,0.0,0.024,0.01,0.0018,0.0358,3.58,False,0,prior prompt read; new turn appended
long-cap-pricing-threshold-uncached,long-cap-pricing-threshold-uncached-luna-baseline,baseline,luna,31,31,main_model_call,0,620000,20000,640000,1000,200000,long,0.4,0.04,0.5,1.8,0.0,0.0248,0.01,0.0018,0.0366,3.66,False,0,prior prompt read; new turn appended
long-cap-pricing-threshold-uncached,long-cap-pricing-threshold-uncached-luna-baseline,baseline,luna,32,32,main_model_call,0,640000,20000,660000,1000,200000,long,0.4,0.04,0.5,1.8,0.0,0.0256,0.01,0.0018,0.0374,3.74,False,0,prior prompt read; new turn appended
long-cap-pricing-threshold-uncached,long-cap-pricing-threshold-uncached-luna-baseline,baseline,luna,33,33,main_model_call,0,660000,20000,680000,1000,200000,long,0.4,0.04,0.5,1.8,0.0,0.0264,0.01,0.0018,0.0382,3.82,False,0,prior prompt read; new turn appended
long-cap-pricing-threshold-uncached,long-cap-pricing-threshold-uncached-luna-baseline,baseline,luna,34,34,main_model_call,0,680000,20000,700000,1000,200000,long,0.4,0.04,0.5,1.8,0.0,0.0272,0.01,0.0018,0.039,3.9,False,0,prior prompt read; new turn appended
long-cap-pricing-threshold-uncached,long-cap-pricing-threshold-uncached-luna-baseline,baseline,luna,35,35,main_model_call,0,700000,20000,720000,1000,200000,long,0.4,0.04,0.5,1.8,0.0,0.028,0.01,0.0018,0.0398,3.98,False,0,prior prompt read; new turn appended
long-cap-pricing-threshold-uncached,long-cap-pricing-threshold-uncached-luna-baseline,baseline,luna,36,36,main_model_call,0,720000,20000,740000,1000,200000,long,0.4,0.04,0.5,1.8,0.0,0.0288,0.01,0.0018,0.0406,4.06,False,0,prior prompt read; new turn appended
long-cap-pricing-threshold-uncached,long-cap-pricing-threshold-uncached-luna-baseline,baseline,luna,37,37,main_model_call,0,740000,20000,760000,1000,200000,long,0.4,0.04,0.5,1.8,0.0,0.0296,0.01,0.0018,0.0414,4.14,False,0,prior prompt read; new turn appended
long-cap-pricing-threshold-uncached,long-cap-pricing-threshold-uncached-luna-baseline,baseline,luna,38,38,main_model_call,0,760000,20000,780000,1000,200000,long,0.4,0.04,0.5,1.8,0.0,0.0304,0.01,0.0018,0.0422,4.22,False,0,prior prompt read; new turn appended
long-cap-pricing-threshold-uncached,long-cap-pricing-threshold-uncached-luna-baseline,baseline,luna,39,39,main_model_call,0,780000,20000,800000,1000,200000,long,0.4,0.04,0.5,1.8,0.0,0.0312,0.01,0.0018,0.043,4.3,False,0,prior prompt read; new turn appended
long-cap-pricing-threshold-uncached,long-cap-pricing-threshold-uncached-luna-comparison,comparison,luna,1,1,main_model_call,0,0,40000,40000,1000,200000,short,0.2,0.02,0.25,1.2,0.0,0.0,0.01,0.0012,0.0112,1.12,False,0,cold prompt written after start or compaction
long-cap-pricing-threshold-uncached,long-cap-pricing-threshold-uncached-luna-comparison,comparison,luna,2,2,main_model_call,0,40000,20000,60000,1000,200000,short,0.2,0.02,0.25,1.2,0.0,0.0008,0.005,0.0012,0.007,0.7,False,0,prior prompt read; new turn appended
long-cap-pricing-threshold-uncached,long-cap-pricing-threshold-uncached-luna-comparison,comparison,luna,3,3,main_model_call,0,60000,20000,80000,1000,200000,short,0.2,0.02,0.25,1.2,0.0,0.0012,0.005,0.0012,0.0074,0.74,False,0,prior prompt read; new turn appended
long-cap-pricing-threshold-uncached,long-cap-pricing-threshold-uncached-luna-comparison,comparison,luna,4,4,main_model_call,0,80000,20000,100000,1000,200000,short,0.2,0.02,0.25,1.2,0.0,0.0016,0.005,0.0012,0.0078,0.78,False,0,prior prompt read; new turn appended
long-cap-pricing-threshold-uncached,long-cap-pricing-threshold-uncached-luna-comparison,comparison,luna,5,5,main_model_call,0,100000,20000,120000,1000,200000,short,0.2,0.02,0.25,1.2,0.0,0.002,0.005,0.0012,0.0082,0.82,False,0,prior prompt read; new turn appended
long-cap-pricing-threshold-uncached,long-cap-pricing-threshold-uncached-luna-comparison,comparison,luna,6,6,main_model_call,0,120000,20000,140000,1000,200000,short,0.2,0.02,0.25,1.2,0.0,0.0024,0.005,0.0012,0.0086,0.86,False,0,prior prompt read; new turn appended
long-cap-pricing-threshold-uncached,long-cap-pricing-threshold-uncached-luna-comparison,comparison,luna,7,7,main_model_call,0,140000,20000,160000,1000,200000,short,0.2,0.02,0.25,1.2,0.0,0.0028,0.005,0.0012,0.009,0.9,False,0,prior prompt read; new turn appended
long-cap-pricing-threshold-uncached,long-cap-pricing-threshold-uncached-luna-comparison,comparison,luna,8,8,main_model_call,0,160000,20000,180000,1000,200000,short,0.2,0.02,0.25,1.2,0.0,0.0032,0.005,0.0012,0.0094,0.94,False,0,prior prompt read; new turn appended
long-cap-pricing-threshold-uncached,long-cap-pricing-threshold-uncached-luna-comparison,comparison,luna,9,9,main_model_call,0,180000,20000,200000,1000,200000,short,0.2,0.02,0.25,1.2,0.0,0.0036,0.005,0.0012,0.0098,0.98,False,0,prior prompt read; new turn appended
long-cap-pricing-threshold-uncached,long-cap-pricing-threshold-uncached-luna-comparison,comparison,luna,10,9,compaction,200000,0,0,200000,20000,200000,short,0.2,0.02,0.25,1.2,0.04,0.0,0.0,0.024,0.064,6.4,True,180000,compact before main step 10; input mode=uncached
long-cap-pricing-threshold-uncached,long-cap-pricing-threshold-uncached-luna-comparison,comparison,luna,11,10,main_model_call,0,0,40000,40000,1000,200000,short,0.2,0.02,0.25,1.2,0.0,0.0,0.01,0.0012,0.0112,1.12,False,0,cold prompt written after start or compaction
long-cap-pricing-threshold-uncached,long-cap-pricing-threshold-uncached-luna-comparison,comparison,luna,12,11,main_model_call,0,40000,20000,60000,1000,200000,short,0.2,0.02,0.25,1.2,0.0,0.0008,0.005,0.0012,0.007,0.7,False,0,prior prompt read; new turn appended
long-cap-pricing-threshold-uncached,long-cap-pricing-threshold-uncached-luna-comparison,comparison,luna,13,12,main_model_call,0,60000,20000,80000,1000,200000,short,0.2,0.02,0.25,1.2,0.0,0.0012,0.005,0.0012,0.0074,0.74,False,0,prior prompt read; new turn appended
long-cap-pricing-threshold-uncached,long-cap-pricing-threshold-uncached-luna-comparison,comparison,luna,14,13,main_model_call,0,80000,20000,100000,1000,200000,short,0.2,0.02,0.25,1.2,0.0,0.0016,0.005,0.0012,0.0078,0.78,False,0,prior prompt read; new turn appended
long-cap-pricing-threshold-uncached,long-cap-pricing-threshold-uncached-luna-comparison,comparison,luna,15,14,main_model_call,0,100000,20000,120000,1000,200000,short,0.2,0.02,0.25,1.2,0.0,0.002,0.005,0.0012,0.0082,0.82,False,0,prior prompt read; new turn appended
long-cap-pricing-threshold-uncached,long-cap-pricing-threshold-uncached-luna-comparison,comparison,luna,16,15,main_model_call,0,120000,20000,140000,1000,200000,short,0.2,0.02,0.25,1.2,0.0,0.0024,0.005,0.0012,0.0086,0.86,False,0,prior prompt read; new turn appended
long-cap-pricing-threshold-uncached,long-cap-pricing-threshold-uncached-luna-comparison,comparison,luna,17,16,main_model_call,0,140000,20000,160000,1000,200000,short,0.2,0.02,0.25,1.2,0.0,0.0028,0.005,0.0012,0.009,0.9,False,0,prior prompt read; new turn appended
long-cap-pricing-threshold-uncached,long-cap-pricing-threshold-uncached-luna-comparison,comparison,luna,18,17,main_model_call,0,160000,20000,180000,1000,200000,short,0.2,0.02,0.25,1.2,0.0,0.0032,0.005,0.0012,0.0094,0.94,False,0,prior prompt read; new turn appended
long-cap-pricing-threshold-uncached,long-cap-pricing-threshold-uncached-luna-comparison,comparison,luna,19,18,main_model_call,0,180000,20000,200000,1000,200000,short,0.2,0.02,0.25,1.2,0.0,0.0036,0.005,0.0012,0.0098,0.98,False,0,prior prompt read; new turn appended
long-cap-pricing-threshold-uncached,long-cap-pricing-threshold-uncached-luna-comparison,comparison,luna,20,18,compaction,200000,0,0,200000,20000,200000,short,0.2,0.02,0.25,1.2,0.04,0.0,0.0,0.024,0.064,6.4,True,180000,compact before main step 19; input mode=uncached
long-cap-pricing-threshold-uncached,long-cap-pricing-threshold-uncached-luna-comparison,comparison,luna,21,19,main_model_call,0,0,40000,40000,1000,200000,short,0.2,0.02,0.25,1.2,0.0,0.0,0.01,0.0012,0.0112,1.12,False,0,cold prompt written after start or compaction
long-cap-pricing-threshold-uncached,long-cap-pricing-threshold-uncached-luna-comparison,comparison,luna,22,20,main_model_call,0,40000,20000,60000,1000,200000,short,0.2,0.02,0.25,1.2,0.0,0.0008,0.005,0.0012,0.007,0.7,False,0,prior prompt read; new turn appended
long-cap-pricing-threshold-uncached,long-cap-pricing-threshold-uncached-luna-comparison,comparison,luna,23,21,main_model_call,0,60000,20000,80000,1000,200000,short,0.2,0.02,0.25,1.2,0.0,0.0012,0.005,0.0012,0.0074,0.74,False,0,prior prompt read; new turn appended
long-cap-pricing-threshold-uncached,long-cap-pricing-threshold-uncached-luna-comparison,comparison,luna,24,22,main_model_call,0,80000,20000,100000,1000,200000,short,0.2,0.02,0.25,1.2,0.0,0.0016,0.005,0.0012,0.0078,0.78,False,0,prior prompt read; new turn appended
long-cap-pricing-threshold-uncached,long-cap-pricing-threshold-uncached-luna-comparison,comparison,luna,25,23,main_model_call,0,100000,20000,120000,1000,200000,short,0.2,0.02,0.25,1.2,0.0,0.002,0.005,0.0012,0.0082,0.82,False,0,prior prompt read; new turn appended
long-cap-pricing-threshold-uncached,long-cap-pricing-threshold-uncached-luna-comparison,comparison,luna,26,24,main_model_call,0,120000,20000,140000,1000,200000,short,0.2,0.02,0.25,1.2,0.0,0.0024,0.005,0.0012,0.0086,0.86,False,0,prior prompt read; new turn appended
long-cap-pricing-threshold-uncached,long-cap-pricing-threshold-uncached-luna-comparison,comparison,luna,27,25,main_model_call,0,140000,20000,160000,1000,200000,short,0.2,0.02,0.25,1.2,0.0,0.0028,0.005,0.0012,0.009,0.9,False,0,prior prompt read; new turn appended
long-cap-pricing-threshold-uncached,long-cap-pricing-threshold-uncached-luna-comparison,comparison,luna,28,26,main_model_call,0,160000,20000,180000,1000,200000,short,0.2,0.02,0.25,1.2,0.0,0.0032,0.005,0.0012,0.0094,0.94,False,0,prior prompt read; new turn appended
long-cap-pricing-threshold-uncached,long-cap-pricing-threshold-uncached-luna-comparison,comparison,luna,29,27,main_model_call,0,180000,20000,200000,1000,200000,short,0.2,0.02,0.25,1.2,0.0,0.0036,0.005,0.0012,0.0098,0.98,False,0,prior prompt read; new turn appended
long-cap-pricing-threshold-uncached,long-cap-pricing-threshold-uncached-luna-comparison,comparison,luna,30,27,compaction,200000,0,0,200000,20000,200000,short,0.2,0.02,0.25,1.2,0.04,0.0,0.0,0.024,0.064,6.4,True,180000,compact before main step 28; input mode=uncached
long-cap-pricing-threshold-uncached,long-cap-pricing-threshold-uncached-luna-comparison,comparison,luna,31,28,main_model_call,0,0,40000,40000,1000,200000,short,0.2,0.02,0.25,1.2,0.0,0.0,0.01,0.0012,0.0112,1.12,False,0,cold prompt written after start or compaction
long-cap-pricing-threshold-uncached,long-cap-pricing-threshold-uncached-luna-comparison,comparison,luna,32,29,main_model_call,0,40000,20000,60000,1000,200000,short,0.2,0.02,0.25,1.2,0.0,0.0008,0.005,0.0012,0.007,0.7,False,0,prior prompt read; new turn appended
long-cap-pricing-threshold-uncached,long-cap-pricing-threshold-uncached-luna-comparison,comparison,luna,33,30,main_model_call,0,60000,20000,80000,1000,200000,short,0.2,0.02,0.25,1.2,0.0,0.0012,0.005,0.0012,0.0074,0.74,False,0,prior prompt read; new turn appended
long-cap-pricing-threshold-uncached,long-cap-pricing-threshold-uncached-luna-comparison,comparison,luna,34,31,main_model_call,0,80000,20000,100000,1000,200000,short,0.2,0.02,0.25,1.2,0.0,0.0016,0.005,0.0012,0.0078,0.78,False,0,prior prompt read; new turn appended
long-cap-pricing-threshold-uncached,long-cap-pricing-threshold-uncached-luna-comparison,comparison,luna,35,32,main_model_call,0,100000,20000,120000,1000,200000,short,0.2,0.02,0.25,1.2,0.0,0.002,0.005,0.0012,0.0082,0.82,False,0,prior prompt read; new turn appended
long-cap-pricing-threshold-uncached,long-cap-pricing-threshold-uncached-luna-comparison,comparison,luna,36,33,main_model_call,0,120000,20000,140000,1000,200000,short,0.2,0.02,0.25,1.2,0.0,0.0024,0.005,0.0012,0.0086,0.86,False,0,prior prompt read; new turn appended
long-cap-pricing-threshold-uncached,long-cap-pricing-threshold-uncached-luna-comparison,comparison,luna,37,34,main_model_call,0,140000,20000,160000,1000,200000,short,0.2,0.02,0.25,1.2,0.0,0.0028,0.005,0.0012,0.009,0.9,False,0,prior prompt read; new turn appended
long-cap-pricing-threshold-uncached,long-cap-pricing-threshold-uncached-luna-comparison,comparison,luna,38,35,main_model_call,0,160000,20000,180000,1000,200000,short,0.2,0.02,0.25,1.2,0.0,0.0032,0.005,0.0012,0.0094,0.94,False,0,prior prompt read; new turn appended
long-cap-pricing-threshold-uncached,long-cap-pricing-threshold-uncached-luna-comparison,comparison,luna,39,36,main_model_call,0,180000,20000,200000,1000,200000,short,0.2,0.02,0.25,1.2,0.0,0.0036,0.005,0.0012,0.0098,0.98,False,0,prior prompt read; new turn appended
long-cap-pricing-threshold-uncached,long-cap-pricing-threshold-uncached-luna-comparison,comparison,luna,40,36,compaction,200000,0,0,200000,20000,200000,short,0.2,0.02,0.25,1.2,0.04,0.0,0.0,0.024,0.064,6.4,True,180000,compact before main step 37; input mode=uncached
long-cap-pricing-threshold-uncached,long-cap-pricing-threshold-uncached-luna-comparison,comparison,luna,41,37,main_model_call,0,0,40000,40000,1000,200000,short,0.2,0.02,0.25,1.2,0.0,0.0,0.01,0.0012,0.0112,1.12,False,0,cold prompt written after start or compaction
long-cap-pricing-threshold-uncached,long-cap-pricing-threshold-uncached-luna-comparison,comparison,luna,42,38,main_model_call,0,40000,20000,60000,1000,200000,short,0.2,0.02,0.25,1.2,0.0,0.0008,0.005,0.0012,0.007,0.7,False,0,prior prompt read; new turn appended
long-cap-pricing-threshold-uncached,long-cap-pricing-threshold-uncached-luna-comparison,comparison,luna,43,39,main_model_call,0,60000,20000,80000,1000,200000,short,0.2,0.02,0.25,1.2,0.0,0.0012,0.005,0.0012,0.0074,0.74,False,0,prior prompt read; new turn appended
long-cap-pricing-threshold-uncached,long-cap-pricing-threshold-uncached-terra-baseline,baseline,terra,1,1,main_model_call,0,0,40000,40000,1000,272000,short,2.0,0.2,2.5,12.0,0.0,0.0,0.1,0.012,0.112,11.2,False,0,cold prompt written after start or compaction
long-cap-pricing-threshold-uncached,long-cap-pricing-threshold-uncached-terra-baseline,baseline,terra,2,2,main_model_call,0,40000,20000,60000,1000,272000,short,2.0,0.2,2.5,12.0,0.0,0.008,0.05,0.012,0.07,7.0,False,0,prior prompt read; new turn appended
long-cap-pricing-threshold-uncached,long-cap-pricing-threshold-uncached-terra-baseline,baseline,terra,3,3,main_model_call,0,60000,20000,80000,1000,272000,short,2.0,0.2,2.5,12.0,0.0,0.012,0.05,0.012,0.074,7.4,False,0,prior prompt read; new turn appended
long-cap-pricing-threshold-uncached,long-cap-pricing-threshold-uncached-terra-baseline,baseline,terra,4,4,main_model_call,0,80000,20000,100000,1000,272000,short,2.0,0.2,2.5,12.0,0.0,0.016,0.05,0.012,0.078,7.8,False,0,prior prompt read; new turn appended
long-cap-pricing-threshold-uncached,long-cap-pricing-threshold-uncached-terra-baseline,baseline,terra,5,5,main_model_call,0,100000,20000,120000,1000,272000,short,2.0,0.2,2.5,12.0,0.0,0.02,0.05,0.012,0.082,8.2,False,0,prior prompt read; new turn appended
long-cap-pricing-threshold-uncached,long-cap-pricing-threshold-uncached-terra-baseline,baseline,terra,6,6,main_model_call,0,120000,20000,140000,1000,272000,short,2.0,0.2,2.5,12.0,0.0,0.024,0.05,0.012,0.086,8.6,False,0,prior prompt read; new turn appended
long-cap-pricing-threshold-uncached,long-cap-pricing-threshold-uncached-terra-baseline,baseline,terra,7,7,main_model_call,0,140000,20000,160000,1000,272000,short,2.0,0.2,2.5,12.0,0.0,0.028,0.05,0.012,0.09,9.0,False,0,prior prompt read; new turn appended
long-cap-pricing-threshold-uncached,long-cap-pricing-threshold-uncached-terra-baseline,baseline,terra,8,8,main_model_call,0,160000,20000,180000,1000,272000,short,2.0,0.2,2.5,12.0,0.0,0.032,0.05,0.012,0.094,9.4,False,0,prior prompt read; new turn appended
long-cap-pricing-threshold-uncached,long-cap-pricing-threshold-uncached-terra-baseline,baseline,terra,9,9,main_model_call,0,180000,20000,200000,1000,272000,short,2.0,0.2,2.5,12.0,0.0,0.036,0.05,0.012,0.098,9.8,False,0,prior prompt read; new turn appended
long-cap-pricing-threshold-uncached,long-cap-pricing-threshold-uncached-terra-baseline,baseline,terra,10,10,main_model_call,0,200000,20000,220000,1000,272000,short,2.0,0.2,2.5,12.0,0.0,0.04,0.05,0.012,0.102,10.2,False,0,prior prompt read; new turn appended
long-cap-pricing-threshold-uncached,long-cap-pricing-threshold-uncached-terra-baseline,baseline,terra,11,11,main_model_call,0,220000,20000,240000,1000,272000,short,2.0,0.2,2.5,12.0,0.0,0.044,0.05,0.012,0.106,10.6,False,0,prior prompt read; new turn appended
long-cap-pricing-threshold-uncached,long-cap-pricing-threshold-uncached-terra-baseline,baseline,terra,12,12,main_model_call,0,240000,20000,260000,1000,272000,short,2.0,0.2,2.5,12.0,0.0,0.048,0.05,0.012,0.11,11.0,False,0,prior prompt read; new turn appended
long-cap-pricing-threshold-uncached,long-cap-pricing-threshold-uncached-terra-baseline,baseline,terra,13,13,main_model_call,0,260000,20000,280000,1000,272000,long,4.0,0.4,5.0,18.0,0.0,0.104,0.1,0.018,0.222,22.2,False,0,prior prompt read; new turn appended
long-cap-pricing-threshold-uncached,long-cap-pricing-threshold-uncached-terra-baseline,baseline,terra,14,14,main_model_call,0,280000,20000,300000,1000,272000,long,4.0,0.4,5.0,18.0,0.0,0.112,0.1,0.018,0.23,23.0,False,0,prior prompt read; new turn appended
long-cap-pricing-threshold-uncached,long-cap-pricing-threshold-uncached-terra-baseline,baseline,terra,15,15,main_model_call,0,300000,20000,320000,1000,272000,long,4.0,0.4,5.0,18.0,0.0,0.12,0.1,0.018,0.238,23.8,False,0,prior prompt read; new turn appended
long-cap-pricing-threshold-uncached,long-cap-pricing-threshold-uncached-terra-baseline,baseline,terra,16,16,main_model_call,0,320000,20000,340000,1000,272000,long,4.0,0.4,5.0,18.0,0.0,0.128,0.1,0.018,0.246,24.6,False,0,prior prompt read; new turn appended
long-cap-pricing-threshold-uncached,long-cap-pricing-threshold-uncached-terra-baseline,baseline,terra,17,17,main_model_call,0,340000,20000,360000,1000,272000,long,4.0,0.4,5.0,18.0,0.0,0.136,0.1,0.018,0.254,25.4,False,0,prior prompt read; new turn appended
long-cap-pricing-threshold-uncached,long-cap-pricing-threshold-uncached-terra-baseline,baseline,terra,18,18,main_model_call,0,360000,20000,380000,1000,272000,long,4.0,0.4,5.0,18.0,0.0,0.144,0.1,0.018,0.262,26.2,False,0,prior prompt read; new turn appended
long-cap-pricing-threshold-uncached,long-cap-pricing-threshold-uncached-terra-baseline,baseline,terra,19,19,main_model_call,0,380000,20000,400000,1000,272000,long,4.0,0.4,5.0,18.0,0.0,0.152,0.1,0.018,0.27,27.0,False,0,prior prompt read; new turn appended
long-cap-pricing-threshold-uncached,long-cap-pricing-threshold-uncached-terra-baseline,baseline,terra,20,20,main_model_call,0,400000,20000,420000,1000,272000,long,4.0,0.4,5.0,18.0,0.0,0.16,0.1,0.018,0.278,27.8,False,0,prior prompt read; new turn appended
long-cap-pricing-threshold-uncached,long-cap-pricing-threshold-uncached-terra-baseline,baseline,terra,21,21,main_model_call,0,420000,20000,440000,1000,272000,long,4.0,0.4,5.0,18.0,0.0,0.168,0.1,0.018,0.286,28.6,False,0,prior prompt read; new turn appended
long-cap-pricing-threshold-uncached,long-cap-pricing-threshold-uncached-terra-baseline,baseline,terra,22,22,main_model_call,0,440000,20000,460000,1000,272000,long,4.0,0.4,5.0,18.0,0.0,0.176,0.1,0.018,0.294,29.4,False,0,prior prompt read; new turn appended
long-cap-pricing-threshold-uncached,long-cap-pricing-threshold-uncached-terra-baseline,baseline,terra,23,23,main_model_call,0,460000,20000,480000,1000,272000,long,4.0,0.4,5.0,18.0,0.0,0.184,0.1,0.018,0.302,30.2,False,0,prior prompt read; new turn appended
long-cap-pricing-threshold-uncached,long-cap-pricing-threshold-uncached-terra-baseline,baseline,terra,24,24,main_model_call,0,480000,20000,500000,1000,272000,long,4.0,0.4,5.0,18.0,0.0,0.192,0.1,0.018,0.31,31.0,False,0,prior prompt read; new turn appended
long-cap-pricing-threshold-uncached,long-cap-pricing-threshold-uncached-terra-baseline,baseline,terra,25,25,main_model_call,0,500000,20000,520000,1000,272000,long,4.0,0.4,5.0,18.0,0.0,0.2,0.1,0.018,0.318,31.8,False,0,prior prompt read; new turn appended
long-cap-pricing-threshold-uncached,long-cap-pricing-threshold-uncached-terra-baseline,baseline,terra,26,26,main_model_call,0,520000,20000,540000,1000,272000,long,4.0,0.4,5.0,18.0,0.0,0.208,0.1,0.018,0.326,32.6,False,0,prior prompt read; new turn appended
long-cap-pricing-threshold-uncached,long-cap-pricing-threshold-uncached-terra-baseline,baseline,terra,27,27,main_model_call,0,540000,20000,560000,1000,272000,long,4.0,0.4,5.0,18.0,0.0,0.216,0.1,0.018,0.334,33.4,False,0,prior prompt read; new turn appended
long-cap-pricing-threshold-uncached,long-cap-pricing-threshold-uncached-terra-baseline,baseline,terra,28,28,main_model_call,0,560000,20000,580000,1000,272000,long,4.0,0.4,5.0,18.0,0.0,0.224,0.1,0.018,0.342,34.2,False,0,prior prompt read; new turn appended
long-cap-pricing-threshold-uncached,long-cap-pricing-threshold-uncached-terra-baseline,baseline,terra,29,29,main_model_call,0,580000,20000,600000,1000,272000,long,4.0,0.4,5.0,18.0,0.0,0.232,0.1,0.018,0.35,35.0,False,0,prior prompt read; new turn appended
long-cap-pricing-threshold-uncached,long-cap-pricing-threshold-uncached-terra-baseline,baseline,terra,30,30,main_model_call,0,600000,20000,620000,1000,272000,long,4.0,0.4,5.0,18.0,0.0,0.24,0.1,0.018,0.358,35.8,False,0,prior prompt read; new turn appended
long-cap-pricing-threshold-uncached,long-cap-pricing-threshold-uncached-terra-baseline,baseline,terra,31,31,main_model_call,0,620000,20000,640000,1000,272000,long,4.0,0.4,5.0,18.0,0.0,0.248,0.1,0.018,0.366,36.6,False,0,prior prompt read; new turn appended
long-cap-pricing-threshold-uncached,long-cap-pricing-threshold-uncached-terra-baseline,baseline,terra,32,32,main_model_call,0,640000,20000,660000,1000,272000,long,4.0,0.4,5.0,18.0,0.0,0.256,0.1,0.018,0.374,37.4,False,0,prior prompt read; new turn appended
long-cap-pricing-threshold-uncached,long-cap-pricing-threshold-uncached-terra-baseline,baseline,terra,33,33,main_model_call,0,660000,20000,680000,1000,272000,long,4.0,0.4,5.0,18.0,0.0,0.264,0.1,0.018,0.382,38.2,False,0,prior prompt read; new turn appended
long-cap-pricing-threshold-uncached,long-cap-pricing-threshold-uncached-terra-baseline,baseline,terra,34,34,main_model_call,0,680000,20000,700000,1000,272000,long,4.0,0.4,5.0,18.0,0.0,0.272,0.1,0.018,0.39,39.0,False,0,prior prompt read; new turn appended
long-cap-pricing-threshold-uncached,long-cap-pricing-threshold-uncached-terra-baseline,baseline,terra,35,35,main_model_call,0,700000,20000,720000,1000,272000,long,4.0,0.4,5.0,18.0,0.0,0.28,0.1,0.018,0.398,39.8,False,0,prior prompt read; new turn appended
long-cap-pricing-threshold-uncached,long-cap-pricing-threshold-uncached-terra-baseline,baseline,terra,36,36,main_model_call,0,720000,20000,740000,1000,272000,long,4.0,0.4,5.0,18.0,0.0,0.288,0.1,0.018,0.406,40.6,False,0,prior prompt read; new turn appended
long-cap-pricing-threshold-uncached,long-cap-pricing-threshold-uncached-terra-baseline,baseline,terra,37,37,main_model_call,0,740000,20000,760000,1000,272000,long,4.0,0.4,5.0,18.0,0.0,0.296,0.1,0.018,0.414,41.4,False,0,prior prompt read; new turn appended
long-cap-pricing-threshold-uncached,long-cap-pricing-threshold-uncached-terra-baseline,baseline,terra,38,38,main_model_call,0,760000,20000,780000,1000,272000,long,4.0,0.4,5.0,18.0,0.0,0.304,0.1,0.018,0.422,42.2,False,0,prior prompt read; new turn appended
long-cap-pricing-threshold-uncached,long-cap-pricing-threshold-uncached-terra-baseline,baseline,terra,39,39,main_model_call,0,780000,20000,800000,1000,272000,long,4.0,0.4,5.0,18.0,0.0,0.312,0.1,0.018,0.43,43.0,False,0,prior prompt read; new turn appended
long-cap-pricing-threshold-uncached,long-cap-pricing-threshold-uncached-terra-comparison,comparison,terra,1,1,main_model_call,0,0,40000,40000,1000,272000,short,2.0,0.2,2.5,12.0,0.0,0.0,0.1,0.012,0.112,11.2,False,0,cold prompt written after start or compaction
long-cap-pricing-threshold-uncached,long-cap-pricing-threshold-uncached-terra-comparison,comparison,terra,2,2,main_model_call,0,40000,20000,60000,1000,272000,short,2.0,0.2,2.5,12.0,0.0,0.008,0.05,0.012,0.07,7.0,False,0,prior prompt read; new turn appended
long-cap-pricing-threshold-uncached,long-cap-pricing-threshold-uncached-terra-comparison,comparison,terra,3,3,main_model_call,0,60000,20000,80000,1000,272000,short,2.0,0.2,2.5,12.0,0.0,0.012,0.05,0.012,0.074,7.4,False,0,prior prompt read; new turn appended
long-cap-pricing-threshold-uncached,long-cap-pricing-threshold-uncached-terra-comparison,comparison,terra,4,4,main_model_call,0,80000,20000,100000,1000,272000,short,2.0,0.2,2.5,12.0,0.0,0.016,0.05,0.012,0.078,7.8,False,0,prior prompt read; new turn appended
long-cap-pricing-threshold-uncached,long-cap-pricing-threshold-uncached-terra-comparison,comparison,terra,5,5,main_model_call,0,100000,20000,120000,1000,272000,short,2.0,0.2,2.5,12.0,0.0,0.02,0.05,0.012,0.082,8.2,False,0,prior prompt read; new turn appended
long-cap-pricing-threshold-uncached,long-cap-pricing-threshold-uncached-terra-comparison,comparison,terra,6,6,main_model_call,0,120000,20000,140000,1000,272000,short,2.0,0.2,2.5,12.0,0.0,0.024,0.05,0.012,0.086,8.6,False,0,prior prompt read; new turn appended
long-cap-pricing-threshold-uncached,long-cap-pricing-threshold-uncached-terra-comparison,comparison,terra,7,7,main_model_call,0,140000,20000,160000,1000,272000,short,2.0,0.2,2.5,12.0,0.0,0.028,0.05,0.012,0.09,9.0,False,0,prior prompt read; new turn appended
long-cap-pricing-threshold-uncached,long-cap-pricing-threshold-uncached-terra-comparison,comparison,terra,8,8,main_model_call,0,160000,20000,180000,1000,272000,short,2.0,0.2,2.5,12.0,0.0,0.032,0.05,0.012,0.094,9.4,False,0,prior prompt read; new turn appended
long-cap-pricing-threshold-uncached,long-cap-pricing-threshold-uncached-terra-comparison,comparison,terra,9,9,main_model_call,0,180000,20000,200000,1000,272000,short,2.0,0.2,2.5,12.0,0.0,0.036,0.05,0.012,0.098,9.8,False,0,prior prompt read; new turn appended
long-cap-pricing-threshold-uncached,long-cap-pricing-threshold-uncached-terra-comparison,comparison,terra,10,10,main_model_call,0,200000,20000,220000,1000,272000,short,2.0,0.2,2.5,12.0,0.0,0.04,0.05,0.012,0.102,10.2,False,0,prior prompt read; new turn appended
long-cap-pricing-threshold-uncached,long-cap-pricing-threshold-uncached-terra-comparison,comparison,terra,11,11,main_model_call,0,220000,20000,240000,1000,272000,short,2.0,0.2,2.5,12.0,0.0,0.044,0.05,0.012,0.106,10.6,False,0,prior prompt read; new turn appended
long-cap-pricing-threshold-uncached,long-cap-pricing-threshold-uncached-terra-comparison,comparison,terra,12,12,main_model_call,0,240000,20000,260000,1000,272000,short,2.0,0.2,2.5,12.0,0.0,0.048,0.05,0.012,0.11,11.0,False,0,prior prompt read; new turn appended
long-cap-pricing-threshold-uncached,long-cap-pricing-threshold-uncached-terra-comparison,comparison,terra,13,12,compaction,260000,0,0,260000,20000,272000,short,2.0,0.2,2.5,12.0,0.52,0.0,0.0,0.24,0.76,76.0,True,240000,compact before main step 13; input mode=uncached
long-cap-pricing-threshold-uncached,long-cap-pricing-threshold-uncached-terra-comparison,comparison,terra,14,13,main_model_call,0,0,40000,40000,1000,272000,short,2.0,0.2,2.5,12.0,0.0,0.0,0.1,0.012,0.112,11.2,False,0,cold prompt written after start or compaction
long-cap-pricing-threshold-uncached,long-cap-pricing-threshold-uncached-terra-comparison,comparison,terra,15,14,main_model_call,0,40000,20000,60000,1000,272000,short,2.0,0.2,2.5,12.0,0.0,0.008,0.05,0.012,0.07,7.0,False,0,prior prompt read; new turn appended
long-cap-pricing-threshold-uncached,long-cap-pricing-threshold-uncached-terra-comparison,comparison,terra,16,15,main_model_call,0,60000,20000,80000,1000,272000,short,2.0,0.2,2.5,12.0,0.0,0.012,0.05,0.012,0.074,7.4,False,0,prior prompt read; new turn appended
long-cap-pricing-threshold-uncached,long-cap-pricing-threshold-uncached-terra-comparison,comparison,terra,17,16,main_model_call,0,80000,20000,100000,1000,272000,short,2.0,0.2,2.5,12.0,0.0,0.016,0.05,0.012,0.078,7.8,False,0,prior prompt read; new turn appended
long-cap-pricing-threshold-uncached,long-cap-pricing-threshold-uncached-terra-comparison,comparison,terra,18,17,main_model_call,0,100000,20000,120000,1000,272000,short,2.0,0.2,2.5,12.0,0.0,0.02,0.05,0.012,0.082,8.2,False,0,prior prompt read; new turn appended
long-cap-pricing-threshold-uncached,long-cap-pricing-threshold-uncached-terra-comparison,comparison,terra,19,18,main_model_call,0,120000,20000,140000,1000,272000,short,2.0,0.2,2.5,12.0,0.0,0.024,0.05,0.012,0.086,8.6,False,0,prior prompt read; new turn appended
long-cap-pricing-threshold-uncached,long-cap-pricing-threshold-uncached-terra-comparison,comparison,terra,20,19,main_model_call,0,140000,20000,160000,1000,272000,short,2.0,0.2,2.5,12.0,0.0,0.028,0.05,0.012,0.09,9.0,False,0,prior prompt read; new turn appended
long-cap-pricing-threshold-uncached,long-cap-pricing-threshold-uncached-terra-comparison,comparison,terra,21,20,main_model_call,0,160000,20000,180000,1000,272000,short,2.0,0.2,2.5,12.0,0.0,0.032,0.05,0.012,0.094,9.4,False,0,prior prompt read; new turn appended
long-cap-pricing-threshold-uncached,long-cap-pricing-threshold-uncached-terra-comparison,comparison,terra,22,21,main_model_call,0,180000,20000,200000,1000,272000,short,2.0,0.2,2.5,12.0,0.0,0.036,0.05,0.012,0.098,9.8,False,0,prior prompt read; new turn appended
long-cap-pricing-threshold-uncached,long-cap-pricing-threshold-uncached-terra-comparison,comparison,terra,23,22,main_model_call,0,200000,20000,220000,1000,272000,short,2.0,0.2,2.5,12.0,0.0,0.04,0.05,0.012,0.102,10.2,False,0,prior prompt read; new turn appended
long-cap-pricing-threshold-uncached,long-cap-pricing-threshold-uncached-terra-comparison,comparison,terra,24,23,main_model_call,0,220000,20000,240000,1000,272000,short,2.0,0.2,2.5,12.0,0.0,0.044,0.05,0.012,0.106,10.6,False,0,prior prompt read; new turn appended
long-cap-pricing-threshold-uncached,long-cap-pricing-threshold-uncached-terra-comparison,comparison,terra,25,24,main_model_call,0,240000,20000,260000,1000,272000,short,2.0,0.2,2.5,12.0,0.0,0.048,0.05,0.012,0.11,11.0,False,0,prior prompt read; new turn appended
long-cap-pricing-threshold-uncached,long-cap-pricing-threshold-uncached-terra-comparison,comparison,terra,26,24,compaction,260000,0,0,260000,20000,272000,short,2.0,0.2,2.5,12.0,0.52,0.0,0.0,0.24,0.76,76.0,True,240000,compact before main step 25; input mode=uncached
long-cap-pricing-threshold-uncached,long-cap-pricing-threshold-uncached-terra-comparison,comparison,terra,27,25,main_model_call,0,0,40000,40000,1000,272000,short,2.0,0.2,2.5,12.0,0.0,0.0,0.1,0.012,0.112,11.2,False,0,cold prompt written after start or compaction
long-cap-pricing-threshold-uncached,long-cap-pricing-threshold-uncached-terra-comparison,comparison,terra,28,26,main_model_call,0,40000,20000,60000,1000,272000,short,2.0,0.2,2.5,12.0,0.0,0.008,0.05,0.012,0.07,7.0,False,0,prior prompt read; new turn appended
long-cap-pricing-threshold-uncached,long-cap-pricing-threshold-uncached-terra-comparison,comparison,terra,29,27,main_model_call,0,60000,20000,80000,1000,272000,short,2.0,0.2,2.5,12.0,0.0,0.012,0.05,0.012,0.074,7.4,False,0,prior prompt read; new turn appended
long-cap-pricing-threshold-uncached,long-cap-pricing-threshold-uncached-terra-comparison,comparison,terra,30,28,main_model_call,0,80000,20000,100000,1000,272000,short,2.0,0.2,2.5,12.0,0.0,0.016,0.05,0.012,0.078,7.8,False,0,prior prompt read; new turn appended
long-cap-pricing-threshold-uncached,long-cap-pricing-threshold-uncached-terra-comparison,comparison,terra,31,29,main_model_call,0,100000,20000,120000,1000,272000,short,2.0,0.2,2.5,12.0,0.0,0.02,0.05,0.012,0.082,8.2,False,0,prior prompt read; new turn appended
long-cap-pricing-threshold-uncached,long-cap-pricing-threshold-uncached-terra-comparison,comparison,terra,32,30,main_model_call,0,120000,20000,140000,1000,272000,short,2.0,0.2,2.5,12.0,0.0,0.024,0.05,0.012,0.086,8.6,False,0,prior prompt read; new turn appended
long-cap-pricing-threshold-uncached,long-cap-pricing-threshold-uncached-terra-comparison,comparison,terra,33,31,main_model_call,0,140000,20000,160000,1000,272000,short,2.0,0.2,2.5,12.0,0.0,0.028,0.05,0.012,0.09,9.0,False,0,prior prompt read; new turn appended
long-cap-pricing-threshold-uncached,long-cap-pricing-threshold-uncached-terra-comparison,comparison,terra,34,32,main_model_call,0,160000,20000,180000,1000,272000,short,2.0,0.2,2.5,12.0,0.0,0.032,0.05,0.012,0.094,9.4,False,0,prior prompt read; new turn appended
long-cap-pricing-threshold-uncached,long-cap-pricing-threshold-uncached-terra-comparison,comparison,terra,35,33,main_model_call,0,180000,20000,200000,1000,272000,short,2.0,0.2,2.5,12.0,0.0,0.036,0.05,0.012,0.098,9.8,False,0,prior prompt read; new turn appended
long-cap-pricing-threshold-uncached,long-cap-pricing-threshold-uncached-terra-comparison,comparison,terra,36,34,main_model_call,0,200000,20000,220000,1000,272000,short,2.0,0.2,2.5,12.0,0.0,0.04,0.05,0.012,0.102,10.2,False,0,prior prompt read; new turn appended
long-cap-pricing-threshold-uncached,long-cap-pricing-threshold-uncached-terra-comparison,comparison,terra,37,35,main_model_call,0,220000,20000,240000,1000,272000,short,2.0,0.2,2.5,12.0,0.0,0.044,0.05,0.012,0.106,10.6,False,0,prior prompt read; new turn appended
long-cap-pricing-threshold-uncached,long-cap-pricing-threshold-uncached-terra-comparison,comparison,terra,38,36,main_model_call,0,240000,20000,260000,1000,272000,short,2.0,0.2,2.5,12.0,0.0,0.048,0.05,0.012,0.11,11.0,False,0,prior prompt read; new turn appended
long-cap-pricing-threshold-uncached,long-cap-pricing-threshold-uncached-terra-comparison,comparison,terra,39,36,compaction,260000,0,0,260000,20000,272000,short,2.0,0.2,2.5,12.0,0.52,0.0,0.0,0.24,0.76,76.0,True,240000,compact before main step 37; input mode=uncached
long-cap-pricing-threshold-uncached,long-cap-pricing-threshold-uncached-terra-comparison,comparison,terra,40,37,main_model_call,0,0,40000,40000,1000,272000,short,2.0,0.2,2.5,12.0,0.0,0.0,0.1,0.012,0.112,11.2,False,0,cold prompt written after start or compaction
long-cap-pricing-threshold-uncached,long-cap-pricing-threshold-uncached-terra-comparison,comparison,terra,41,38,main_model_call,0,40000,20000,60000,1000,272000,short,2.0,0.2,2.5,12.0,0.0,0.008,0.05,0.012,0.07,7.0,False,0,prior prompt read; new turn appended
long-cap-pricing-threshold-uncached,long-cap-pricing-threshold-uncached-terra-comparison,comparison,terra,42,39,main_model_call,0,60000,20000,80000,1000,272000,short,2.0,0.2,2.5,12.0,0.0,0.012,0.05,0.012,0.074,7.4,False,0,prior prompt read; new turn appended
long-cap-pricing-threshold-uncached,long-cap-pricing-threshold-uncached-sol-baseline,baseline,sol,1,1,main_model_call,0,0,40000,40000,1000,272000,short,4.0,0.4,5.0,20.0,0.0,0.0,0.2,0.02,0.22,22.0,False,0,cold prompt written after start or compaction
long-cap-pricing-threshold-uncached,long-cap-pricing-threshold-uncached-sol-baseline,baseline,sol,2,2,main_model_call,0,40000,20000,60000,1000,272000,short,4.0,0.4,5.0,20.0,0.0,0.016,0.1,0.02,0.136,13.6,False,0,prior prompt read; new turn appended
long-cap-pricing-threshold-uncached,long-cap-pricing-threshold-uncached-sol-baseline,baseline,sol,3,3,main_model_call,0,60000,20000,80000,1000,272000,short,4.0,0.4,5.0,20.0,0.0,0.024,0.1,0.02,0.144,14.4,False,0,prior prompt read; new turn appended
long-cap-pricing-threshold-uncached,long-cap-pricing-threshold-uncached-sol-baseline,baseline,sol,4,4,main_model_call,0,80000,20000,100000,1000,272000,short,4.0,0.4,5.0,20.0,0.0,0.032,0.1,0.02,0.152,15.2,False,0,prior prompt read; new turn appended
long-cap-pricing-threshold-uncached,long-cap-pricing-threshold-uncached-sol-baseline,baseline,sol,5,5,main_model_call,0,100000,20000,120000,1000,272000,short,4.0,0.4,5.0,20.0,0.0,0.04,0.1,0.02,0.16,16.0,False,0,prior prompt read; new turn appended
long-cap-pricing-threshold-uncached,long-cap-pricing-threshold-uncached-sol-baseline,baseline,sol,6,6,main_model_call,0,120000,20000,140000,1000,272000,short,4.0,0.4,5.0,20.0,0.0,0.048,0.1,0.02,0.168,16.8,False,0,prior prompt read; new turn appended
long-cap-pricing-threshold-uncached,long-cap-pricing-threshold-uncached-sol-baseline,baseline,sol,7,7,main_model_call,0,140000,20000,160000,1000,272000,short,4.0,0.4,5.0,20.0,0.0,0.056,0.1,0.02,0.176,17.6,False,0,prior prompt read; new turn appended
long-cap-pricing-threshold-uncached,long-cap-pricing-threshold-uncached-sol-baseline,baseline,sol,8,8,main_model_call,0,160000,20000,180000,1000,272000,short,4.0,0.4,5.0,20.0,0.0,0.064,0.1,0.02,0.184,18.4,False,0,prior prompt read; new turn appended
long-cap-pricing-threshold-uncached,long-cap-pricing-threshold-uncached-sol-baseline,baseline,sol,9,9,main_model_call,0,180000,20000,200000,1000,272000,short,4.0,0.4,5.0,20.0,0.0,0.072,0.1,0.02,0.192,19.2,False,0,prior prompt read; new turn appended
long-cap-pricing-threshold-uncached,long-cap-pricing-threshold-uncached-sol-baseline,baseline,sol,10,10,main_model_call,0,200000,20000,220000,1000,272000,short,4.0,0.4,5.0,20.0,0.0,0.08,0.1,0.02,0.2,20.0,False,0,prior prompt read; new turn appended
long-cap-pricing-threshold-uncached,long-cap-pricing-threshold-uncached-sol-baseline,baseline,sol,11,11,main_model_call,0,220000,20000,240000,1000,272000,short,4.0,0.4,5.0,20.0,0.0,0.088,0.1,0.02,0.208,20.8,False,0,prior prompt read; new turn appended
long-cap-pricing-threshold-uncached,long-cap-pricing-threshold-uncached-sol-baseline,baseline,sol,12,12,main_model_call,0,240000,20000,260000,1000,272000,short,4.0,0.4,5.0,20.0,0.0,0.096,0.1,0.02,0.216,21.6,False,0,prior prompt read; new turn appended
long-cap-pricing-threshold-uncached,long-cap-pricing-threshold-uncached-sol-baseline,baseline,sol,13,13,main_model_call,0,260000,20000,280000,1000,272000,long,8.0,0.8,10.0,30.0,0.0,0.208,0.2,0.03,0.438,43.8,False,0,prior prompt read; new turn appended
long-cap-pricing-threshold-uncached,long-cap-pricing-threshold-uncached-sol-baseline,baseline,sol,14,14,main_model_call,0,280000,20000,300000,1000,272000,long,8.0,0.8,10.0,30.0,0.0,0.224,0.2,0.03,0.454,45.4,False,0,prior prompt read; new turn appended
long-cap-pricing-threshold-uncached,long-cap-pricing-threshold-uncached-sol-baseline,baseline,sol,15,15,main_model_call,0,300000,20000,320000,1000,272000,long,8.0,0.8,10.0,30.0,0.0,0.24,0.2,0.03,0.47,47.0,False,0,prior prompt read; new turn appended
long-cap-pricing-threshold-uncached,long-cap-pricing-threshold-uncached-sol-baseline,baseline,sol,16,16,main_model_call,0,320000,20000,340000,1000,272000,long,8.0,0.8,10.0,30.0,0.0,0.256,0.2,0.03,0.486,48.6,False,0,prior prompt read; new turn appended
long-cap-pricing-threshold-uncached,long-cap-pricing-threshold-uncached-sol-baseline,baseline,sol,17,17,main_model_call,0,340000,20000,360000,1000,272000,long,8.0,0.8,10.0,30.0,0.0,0.272,0.2,0.03,0.502,50.2,False,0,prior prompt read; new turn appended
long-cap-pricing-threshold-uncached,long-cap-pricing-threshold-uncached-sol-baseline,baseline,sol,18,18,main_model_call,0,360000,20000,380000,1000,272000,long,8.0,0.8,10.0,30.0,0.0,0.288,0.2,0.03,0.518,51.8,False,0,prior prompt read; new turn appended
long-cap-pricing-threshold-uncached,long-cap-pricing-threshold-uncached-sol-baseline,baseline,sol,19,19,main_model_call,0,380000,20000,400000,1000,272000,long,8.0,0.8,10.0,30.0,0.0,0.304,0.2,0.03,0.534,53.4,False,0,prior prompt read; new turn appended
long-cap-pricing-threshold-uncached,long-cap-pricing-threshold-uncached-sol-baseline,baseline,sol,20,20,main_model_call,0,400000,20000,420000,1000,272000,long,8.0,0.8,10.0,30.0,0.0,0.32,0.2,0.03,0.55,55.0,False,0,prior prompt read; new turn appended
long-cap-pricing-threshold-uncached,long-cap-pricing-threshold-uncached-sol-baseline,baseline,sol,21,21,main_model_call,0,420000,20000,440000,1000,272000,long,8.0,0.8,10.0,30.0,0.0,0.336,0.2,0.03,0.566,56.6,False,0,prior prompt read; new turn appended
long-cap-pricing-threshold-uncached,long-cap-pricing-threshold-uncached-sol-baseline,baseline,sol,22,22,main_model_call,0,440000,20000,460000,1000,272000,long,8.0,0.8,10.0,30.0,0.0,0.352,0.2,0.03,0.582,58.2,False,0,prior prompt read; new turn appended
long-cap-pricing-threshold-uncached,long-cap-pricing-threshold-uncached-sol-baseline,baseline,sol,23,23,main_model_call,0,460000,20000,480000,1000,272000,long,8.0,0.8,10.0,30.0,0.0,0.368,0.2,0.03,0.598,59.8,False,0,prior prompt read; new turn appended
long-cap-pricing-threshold-uncached,long-cap-pricing-threshold-uncached-sol-baseline,baseline,sol,24,24,main_model_call,0,480000,20000,500000,1000,272000,long,8.0,0.8,10.0,30.0,0.0,0.384,0.2,0.03,0.614,61.4,False,0,prior prompt read; new turn appended
long-cap-pricing-threshold-uncached,long-cap-pricing-threshold-uncached-sol-baseline,baseline,sol,25,25,main_model_call,0,500000,20000,520000,1000,272000,long,8.0,0.8,10.0,30.0,0.0,0.4,0.2,0.03,0.63,63.0,False,0,prior prompt read; new turn appended
long-cap-pricing-threshold-uncached,long-cap-pricing-threshold-uncached-sol-baseline,baseline,sol,26,26,main_model_call,0,520000,20000,540000,1000,272000,long,8.0,0.8,10.0,30.0,0.0,0.416,0.2,0.03,0.646,64.6,False,0,prior prompt read; new turn appended
long-cap-pricing-threshold-uncached,long-cap-pricing-threshold-uncached-sol-baseline,baseline,sol,27,27,main_model_call,0,540000,20000,560000,1000,272000,long,8.0,0.8,10.0,30.0,0.0,0.432,0.2,0.03,0.662,66.2,False,0,prior prompt read; new turn appended
long-cap-pricing-threshold-uncached,long-cap-pricing-threshold-uncached-sol-baseline,baseline,sol,28,28,main_model_call,0,560000,20000,580000,1000,272000,long,8.0,0.8,10.0,30.0,0.0,0.448,0.2,0.03,0.678,67.8,False,0,prior prompt read; new turn appended
long-cap-pricing-threshold-uncached,long-cap-pricing-threshold-uncached-sol-baseline,baseline,sol,29,29,main_model_call,0,580000,20000,600000,1000,272000,long,8.0,0.8,10.0,30.0,0.0,0.464,0.2,0.03,0.694,69.4,False,0,prior prompt read; new turn appended
long-cap-pricing-threshold-uncached,long-cap-pricing-threshold-uncached-sol-baseline,baseline,sol,30,30,main_model_call,0,600000,20000,620000,1000,272000,long,8.0,0.8,10.0,30.0,0.0,0.48,0.2,0.03,0.71,71.0,False,0,prior prompt read; new turn appended
long-cap-pricing-threshold-uncached,long-cap-pricing-threshold-uncached-sol-baseline,baseline,sol,31,31,main_model_call,0,620000,20000,640000,1000,272000,long,8.0,0.8,10.0,30.0,0.0,0.496,0.2,0.03,0.726,72.6,False,0,prior prompt read; new turn appended
long-cap-pricing-threshold-uncached,long-cap-pricing-threshold-uncached-sol-baseline,baseline,sol,32,32,main_model_call,0,640000,20000,660000,1000,272000,long,8.0,0.8,10.0,30.0,0.0,0.512,0.2,0.03,0.742,74.2,False,0,prior prompt read; new turn appended
long-cap-pricing-threshold-uncached,long-cap-pricing-threshold-uncached-sol-baseline,baseline,sol,33,33,main_model_call,0,660000,20000,680000,1000,272000,long,8.0,0.8,10.0,30.0,0.0,0.528,0.2,0.03,0.758,75.8,False,0,prior prompt read; new turn appended
long-cap-pricing-threshold-uncached,long-cap-pricing-threshold-uncached-sol-baseline,baseline,sol,34,34,main_model_call,0,680000,20000,700000,1000,272000,long,8.0,0.8,10.0,30.0,0.0,0.544,0.2,0.03,0.774,77.4,False,0,prior prompt read; new turn appended
long-cap-pricing-threshold-uncached,long-cap-pricing-threshold-uncached-sol-baseline,baseline,sol,35,35,main_model_call,0,700000,20000,720000,1000,272000,long,8.0,0.8,10.0,30.0,0.0,0.56,0.2,0.03,0.79,79.0,False,0,prior prompt read; new turn appended
long-cap-pricing-threshold-uncached,long-cap-pricing-threshold-uncached-sol-baseline,baseline,sol,36,36,main_model_call,0,720000,20000,740000,1000,272000,long,8.0,0.8,10.0,30.0,0.0,0.576,0.2,0.03,0.806,80.6,False,0,prior prompt read; new turn appended
long-cap-pricing-threshold-uncached,long-cap-pricing-threshold-uncached-sol-baseline,baseline,sol,37,37,main_model_call,0,740000,20000,760000,1000,272000,long,8.0,0.8,10.0,30.0,0.0,0.592,0.2,0.03,0.822,82.2,False,0,prior prompt read; new turn appended
long-cap-pricing-threshold-uncached,long-cap-pricing-threshold-uncached-sol-baseline,baseline,sol,38,38,main_model_call,0,760000,20000,780000,1000,272000,long,8.0,0.8,10.0,30.0,0.0,0.608,0.2,0.03,0.838,83.8,False,0,prior prompt read; new turn appended
long-cap-pricing-threshold-uncached,long-cap-pricing-threshold-uncached-sol-baseline,baseline,sol,39,39,main_model_call,0,780000,20000,800000,1000,272000,long,8.0,0.8,10.0,30.0,0.0,0.624,0.2,0.03,0.854,85.4,False,0,prior prompt read; new turn appended
long-cap-pricing-threshold-uncached,long-cap-pricing-threshold-uncached-sol-comparison,comparison,sol,1,1,main_model_call,0,0,40000,40000,1000,272000,short,4.0,0.4,5.0,20.0,0.0,0.0,0.2,0.02,0.22,22.0,False,0,cold prompt written after start or compaction
long-cap-pricing-threshold-uncached,long-cap-pricing-threshold-uncached-sol-comparison,comparison,sol,2,2,main_model_call,0,40000,20000,60000,1000,272000,short,4.0,0.4,5.0,20.0,0.0,0.016,0.1,0.02,0.136,13.6,False,0,prior prompt read; new turn appended
long-cap-pricing-threshold-uncached,long-cap-pricing-threshold-uncached-sol-comparison,comparison,sol,3,3,main_model_call,0,60000,20000,80000,1000,272000,short,4.0,0.4,5.0,20.0,0.0,0.024,0.1,0.02,0.144,14.4,False,0,prior prompt read; new turn appended
long-cap-pricing-threshold-uncached,long-cap-pricing-threshold-uncached-sol-comparison,comparison,sol,4,4,main_model_call,0,80000,20000,100000,1000,272000,short,4.0,0.4,5.0,20.0,0.0,0.032,0.1,0.02,0.152,15.2,False,0,prior prompt read; new turn appended
long-cap-pricing-threshold-uncached,long-cap-pricing-threshold-uncached-sol-comparison,comparison,sol,5,5,main_model_call,0,100000,20000,120000,1000,272000,short,4.0,0.4,5.0,20.0,0.0,0.04,0.1,0.02,0.16,16.0,False,0,prior prompt read; new turn appended
long-cap-pricing-threshold-uncached,long-cap-pricing-threshold-uncached-sol-comparison,comparison,sol,6,6,main_model_call,0,120000,20000,140000,1000,272000,short,4.0,0.4,5.0,20.0,0.0,0.048,0.1,0.02,0.168,16.8,False,0,prior prompt read; new turn appended
long-cap-pricing-threshold-uncached,long-cap-pricing-threshold-uncached-sol-comparison,comparison,sol,7,7,main_model_call,0,140000,20000,160000,1000,272000,short,4.0,0.4,5.0,20.0,0.0,0.056,0.1,0.02,0.176,17.6,False,0,prior prompt read; new turn appended
long-cap-pricing-threshold-uncached,long-cap-pricing-threshold-uncached-sol-comparison,comparison,sol,8,8,main_model_call,0,160000,20000,180000,1000,272000,short,4.0,0.4,5.0,20.0,0.0,0.064,0.1,0.02,0.184,18.4,False,0,prior prompt read; new turn appended
long-cap-pricing-threshold-uncached,long-cap-pricing-threshold-uncached-sol-comparison,comparison,sol,9,9,main_model_call,0,180000,20000,200000,1000,272000,short,4.0,0.4,5.0,20.0,0.0,0.072,0.1,0.02,0.192,19.2,False,0,prior prompt read; new turn appended
long-cap-pricing-threshold-uncached,long-cap-pricing-threshold-uncached-sol-comparison,comparison,sol,10,10,main_model_call,0,200000,20000,220000,1000,272000,short,4.0,0.4,5.0,20.0,0.0,0.08,0.1,0.02,0.2,20.0,False,0,prior prompt read; new turn appended
long-cap-pricing-threshold-uncached,long-cap-pricing-threshold-uncached-sol-comparison,comparison,sol,11,11,main_model_call,0,220000,20000,240000,1000,272000,short,4.0,0.4,5.0,20.0,0.0,0.088,0.1,0.02,0.208,20.8,False,0,prior prompt read; new turn appended
long-cap-pricing-threshold-uncached,long-cap-pricing-threshold-uncached-sol-comparison,comparison,sol,12,12,main_model_call,0,240000,20000,260000,1000,272000,short,4.0,0.4,5.0,20.0,0.0,0.096,0.1,0.02,0.216,21.6,False,0,prior prompt read; new turn appended
long-cap-pricing-threshold-uncached,long-cap-pricing-threshold-uncached-sol-comparison,comparison,sol,13,12,compaction,260000,0,0,260000,20000,272000,short,4.0,0.4,5.0,20.0,1.04,0.0,0.0,0.4,1.44,144.0,True,240000,compact before main step 13; input mode=uncached
long-cap-pricing-threshold-uncached,long-cap-pricing-threshold-uncached-sol-comparison,comparison,sol,14,13,main_model_call,0,0,40000,40000,1000,272000,short,4.0,0.4,5.0,20.0,0.0,0.0,0.2,0.02,0.22,22.0,False,0,cold prompt written after start or compaction
long-cap-pricing-threshold-uncached,long-cap-pricing-threshold-uncached-sol-comparison,comparison,sol,15,14,main_model_call,0,40000,20000,60000,1000,272000,short,4.0,0.4,5.0,20.0,0.0,0.016,0.1,0.02,0.136,13.6,False,0,prior prompt read; new turn appended
long-cap-pricing-threshold-uncached,long-cap-pricing-threshold-uncached-sol-comparison,comparison,sol,16,15,main_model_call,0,60000,20000,80000,1000,272000,short,4.0,0.4,5.0,20.0,0.0,0.024,0.1,0.02,0.144,14.4,False,0,prior prompt read; new turn appended
long-cap-pricing-threshold-uncached,long-cap-pricing-threshold-uncached-sol-comparison,comparison,sol,17,16,main_model_call,0,80000,20000,100000,1000,272000,short,4.0,0.4,5.0,20.0,0.0,0.032,0.1,0.02,0.152,15.2,False,0,prior prompt read; new turn appended
long-cap-pricing-threshold-uncached,long-cap-pricing-threshold-uncached-sol-comparison,comparison,sol,18,17,main_model_call,0,100000,20000,120000,1000,272000,short,4.0,0.4,5.0,20.0,0.0,0.04,0.1,0.02,0.16,16.0,False,0,prior prompt read; new turn appended
long-cap-pricing-threshold-uncached,long-cap-pricing-threshold-uncached-sol-comparison,comparison,sol,19,18,main_model_call,0,120000,20000,140000,1000,272000,short,4.0,0.4,5.0,20.0,0.0,0.048,0.1,0.02,0.168,16.8,False,0,prior prompt read; new turn appended
long-cap-pricing-threshold-uncached,long-cap-pricing-threshold-uncached-sol-comparison,comparison,sol,20,19,main_model_call,0,140000,20000,160000,1000,272000,short,4.0,0.4,5.0,20.0,0.0,0.056,0.1,0.02,0.176,17.6,False,0,prior prompt read; new turn appended
long-cap-pricing-threshold-uncached,long-cap-pricing-threshold-uncached-sol-comparison,comparison,sol,21,20,main_model_call,0,160000,20000,180000,1000,272000,short,4.0,0.4,5.0,20.0,0.0,0.064,0.1,0.02,0.184,18.4,False,0,prior prompt read; new turn appended
long-cap-pricing-threshold-uncached,long-cap-pricing-threshold-uncached-sol-comparison,comparison,sol,22,21,main_model_call,0,180000,20000,200000,1000,272000,short,4.0,0.4,5.0,20.0,0.0,0.072,0.1,0.02,0.192,19.2,False,0,prior prompt read; new turn appended
long-cap-pricing-threshold-uncached,long-cap-pricing-threshold-uncached-sol-comparison,comparison,sol,23,22,main_model_call,0,200000,20000,220000,1000,272000,short,4.0,0.4,5.0,20.0,0.0,0.08,0.1,0.02,0.2,20.0,False,0,prior prompt read; new turn appended
long-cap-pricing-threshold-uncached,long-cap-pricing-threshold-uncached-sol-comparison,comparison,sol,24,23,main_model_call,0,220000,20000,240000,1000,272000,short,4.0,0.4,5.0,20.0,0.0,0.088,0.1,0.02,0.208,20.8,False,0,prior prompt read; new turn appended
long-cap-pricing-threshold-uncached,long-cap-pricing-threshold-uncached-sol-comparison,comparison,sol,25,24,main_model_call,0,240000,20000,260000,1000,272000,short,4.0,0.4,5.0,20.0,0.0,0.096,0.1,0.02,0.216,21.6,False,0,prior prompt read; new turn appended
long-cap-pricing-threshold-uncached,long-cap-pricing-threshold-uncached-sol-comparison,comparison,sol,26,24,compaction,260000,0,0,260000,20000,272000,short,4.0,0.4,5.0,20.0,1.04,0.0,0.0,0.4,1.44,144.0,True,240000,compact before main step 25; input mode=uncached
long-cap-pricing-threshold-uncached,long-cap-pricing-threshold-uncached-sol-comparison,comparison,sol,27,25,main_model_call,0,0,40000,40000,1000,272000,short,4.0,0.4,5.0,20.0,0.0,0.0,0.2,0.02,0.22,22.0,False,0,cold prompt written after start or compaction
long-cap-pricing-threshold-uncached,long-cap-pricing-threshold-uncached-sol-comparison,comparison,sol,28,26,main_model_call,0,40000,20000,60000,1000,272000,short,4.0,0.4,5.0,20.0,0.0,0.016,0.1,0.02,0.136,13.6,False,0,prior prompt read; new turn appended
long-cap-pricing-threshold-uncached,long-cap-pricing-threshold-uncached-sol-comparison,comparison,sol,29,27,main_model_call,0,60000,20000,80000,1000,272000,short,4.0,0.4,5.0,20.0,0.0,0.024,0.1,0.02,0.144,14.4,False,0,prior prompt read; new turn appended
long-cap-pricing-threshold-uncached,long-cap-pricing-threshold-uncached-sol-comparison,comparison,sol,30,28,main_model_call,0,80000,20000,100000,1000,272000,short,4.0,0.4,5.0,20.0,0.0,0.032,0.1,0.02,0.152,15.2,False,0,prior prompt read; new turn appended
long-cap-pricing-threshold-uncached,long-cap-pricing-threshold-uncached-sol-comparison,comparison,sol,31,29,main_model_call,0,100000,20000,120000,1000,272000,short,4.0,0.4,5.0,20.0,0.0,0.04,0.1,0.02,0.16,16.0,False,0,prior prompt read; new turn appended
long-cap-pricing-threshold-uncached,long-cap-pricing-threshold-uncached-sol-comparison,comparison,sol,32,30,main_model_call,0,120000,20000,140000,1000,272000,short,4.0,0.4,5.0,20.0,0.0,0.048,0.1,0.02,0.168,16.8,False,0,prior prompt read; new turn appended
long-cap-pricing-threshold-uncached,long-cap-pricing-threshold-uncached-sol-comparison,comparison,sol,33,31,main_model_call,0,140000,20000,160000,1000,272000,short,4.0,0.4,5.0,20.0,0.0,0.056,0.1,0.02,0.176,17.6,False,0,prior prompt read; new turn appended
long-cap-pricing-threshold-uncached,long-cap-pricing-threshold-uncached-sol-comparison,comparison,sol,34,32,main_model_call,0,160000,20000,180000,1000,272000,short,4.0,0.4,5.0,20.0,0.0,0.064,0.1,0.02,0.184,18.4,False,0,prior prompt read; new turn appended
long-cap-pricing-threshold-uncached,long-cap-pricing-threshold-uncached-sol-comparison,comparison,sol,35,33,main_model_call,0,180000,20000,200000,1000,272000,short,4.0,0.4,5.0,20.0,0.0,0.072,0.1,0.02,0.192,19.2,False,0,prior prompt read; new turn appended
long-cap-pricing-threshold-uncached,long-cap-pricing-threshold-uncached-sol-comparison,comparison,sol,36,34,main_model_call,0,200000,20000,220000,1000,272000,short,4.0,0.4,5.0,20.0,0.0,0.08,0.1,0.02,0.2,20.0,False,0,prior prompt read; new turn appended
long-cap-pricing-threshold-uncached,long-cap-pricing-threshold-uncached-sol-comparison,comparison,sol,37,35,main_model_call,0,220000,20000,240000,1000,272000,short,4.0,0.4,5.0,20.0,0.0,0.088,0.1,0.02,0.208,20.8,False,0,prior prompt read; new turn appended
long-cap-pricing-threshold-uncached,long-cap-pricing-threshold-uncached-sol-comparison,comparison,sol,38,36,main_model_call,0,240000,20000,260000,1000,272000,short,4.0,0.4,5.0,20.0,0.0,0.096,0.1,0.02,0.216,21.6,False,0,prior prompt read; new turn appended
long-cap-pricing-threshold-uncached,long-cap-pricing-threshold-uncached-sol-comparison,comparison,sol,39,36,compaction,260000,0,0,260000,20000,272000,short,4.0,0.4,5.0,20.0,1.04,0.0,0.0,0.4,1.44,144.0,True,240000,compact before main step 37; input mode=uncached
long-cap-pricing-threshold-uncached,long-cap-pricing-threshold-uncached-sol-comparison,comparison,sol,40,37,main_model_call,0,0,40000,40000,1000,272000,short,4.0,0.4,5.0,20.0,0.0,0.0,0.2,0.02,0.22,22.0,False,0,cold prompt written after start or compaction
long-cap-pricing-threshold-uncached,long-cap-pricing-threshold-uncached-sol-comparison,comparison,sol,41,38,main_model_call,0,40000,20000,60000,1000,272000,short,4.0,0.4,5.0,20.0,0.0,0.016,0.1,0.02,0.136,13.6,False,0,prior prompt read; new turn appended
long-cap-pricing-threshold-uncached,long-cap-pricing-threshold-uncached-sol-comparison,comparison,sol,42,39,main_model_call,0,60000,20000,80000,1000,272000,short,4.0,0.4,5.0,20.0,0.0,0.024,0.1,0.02,0.144,14.4,False,0,prior prompt read; new turn appended
compaction-input-cache-read-sensitivity,compaction-input-cache-read-sensitivity-luna-baseline,baseline,luna,1,1,main_model_call,0,0,40000,40000,1000,200000,short,0.2,0.02,0.25,1.2,0.0,0.0,0.01,0.0012,0.0112,1.12,False,0,cold prompt written after start or compaction
compaction-input-cache-read-sensitivity,compaction-input-cache-read-sensitivity-luna-baseline,baseline,luna,2,2,main_model_call,0,40000,20000,60000,1000,200000,short,0.2,0.02,0.25,1.2,0.0,0.0008,0.005,0.0012,0.007,0.7,False,0,prior prompt read; new turn appended
compaction-input-cache-read-sensitivity,compaction-input-cache-read-sensitivity-luna-baseline,baseline,luna,3,3,main_model_call,0,60000,20000,80000,1000,200000,short,0.2,0.02,0.25,1.2,0.0,0.0012,0.005,0.0012,0.0074,0.74,False,0,prior prompt read; new turn appended
compaction-input-cache-read-sensitivity,compaction-input-cache-read-sensitivity-luna-baseline,baseline,luna,4,4,main_model_call,0,80000,20000,100000,1000,200000,short,0.2,0.02,0.25,1.2,0.0,0.0016,0.005,0.0012,0.0078,0.78,False,0,prior prompt read; new turn appended
compaction-input-cache-read-sensitivity,compaction-input-cache-read-sensitivity-luna-baseline,baseline,luna,5,5,main_model_call,0,100000,20000,120000,1000,200000,short,0.2,0.02,0.25,1.2,0.0,0.002,0.005,0.0012,0.0082,0.82,False,0,prior prompt read; new turn appended
compaction-input-cache-read-sensitivity,compaction-input-cache-read-sensitivity-luna-baseline,baseline,luna,6,6,main_model_call,0,120000,20000,140000,1000,200000,short,0.2,0.02,0.25,1.2,0.0,0.0024,0.005,0.0012,0.0086,0.86,False,0,prior prompt read; new turn appended
compaction-input-cache-read-sensitivity,compaction-input-cache-read-sensitivity-luna-baseline,baseline,luna,7,7,main_model_call,0,140000,20000,160000,1000,200000,short,0.2,0.02,0.25,1.2,0.0,0.0028,0.005,0.0012,0.009,0.9,False,0,prior prompt read; new turn appended
compaction-input-cache-read-sensitivity,compaction-input-cache-read-sensitivity-luna-baseline,baseline,luna,8,8,main_model_call,0,160000,20000,180000,1000,200000,short,0.2,0.02,0.25,1.2,0.0,0.0032,0.005,0.0012,0.0094,0.94,False,0,prior prompt read; new turn appended
compaction-input-cache-read-sensitivity,compaction-input-cache-read-sensitivity-luna-baseline,baseline,luna,9,9,main_model_call,0,180000,20000,200000,1000,200000,short,0.2,0.02,0.25,1.2,0.0,0.0036,0.005,0.0012,0.0098,0.98,False,0,prior prompt read; new turn appended
compaction-input-cache-read-sensitivity,compaction-input-cache-read-sensitivity-luna-baseline,baseline,luna,10,9,compaction,200000,0,0,200000,20000,200000,short,0.2,0.02,0.25,1.2,0.04,0.0,0.0,0.024,0.064,6.4,True,180000,compact before main step 10; input mode=uncached
compaction-input-cache-read-sensitivity,compaction-input-cache-read-sensitivity-luna-baseline,baseline,luna,11,10,main_model_call,0,0,40000,40000,1000,200000,short,0.2,0.02,0.25,1.2,0.0,0.0,0.01,0.0012,0.0112,1.12,False,0,cold prompt written after start or compaction
compaction-input-cache-read-sensitivity,compaction-input-cache-read-sensitivity-luna-baseline,baseline,luna,12,11,main_model_call,0,40000,20000,60000,1000,200000,short,0.2,0.02,0.25,1.2,0.0,0.0008,0.005,0.0012,0.007,0.7,False,0,prior prompt read; new turn appended
compaction-input-cache-read-sensitivity,compaction-input-cache-read-sensitivity-luna-baseline,baseline,luna,13,12,main_model_call,0,60000,20000,80000,1000,200000,short,0.2,0.02,0.25,1.2,0.0,0.0012,0.005,0.0012,0.0074,0.74,False,0,prior prompt read; new turn appended
compaction-input-cache-read-sensitivity,compaction-input-cache-read-sensitivity-luna-baseline,baseline,luna,14,13,main_model_call,0,80000,20000,100000,1000,200000,short,0.2,0.02,0.25,1.2,0.0,0.0016,0.005,0.0012,0.0078,0.78,False,0,prior prompt read; new turn appended
compaction-input-cache-read-sensitivity,compaction-input-cache-read-sensitivity-luna-baseline,baseline,luna,15,14,main_model_call,0,100000,20000,120000,1000,200000,short,0.2,0.02,0.25,1.2,0.0,0.002,0.005,0.0012,0.0082,0.82,False,0,prior prompt read; new turn appended
compaction-input-cache-read-sensitivity,compaction-input-cache-read-sensitivity-luna-baseline,baseline,luna,16,15,main_model_call,0,120000,20000,140000,1000,200000,short,0.2,0.02,0.25,1.2,0.0,0.0024,0.005,0.0012,0.0086,0.86,False,0,prior prompt read; new turn appended
compaction-input-cache-read-sensitivity,compaction-input-cache-read-sensitivity-luna-baseline,baseline,luna,17,16,main_model_call,0,140000,20000,160000,1000,200000,short,0.2,0.02,0.25,1.2,0.0,0.0028,0.005,0.0012,0.009,0.9,False,0,prior prompt read; new turn appended
compaction-input-cache-read-sensitivity,compaction-input-cache-read-sensitivity-luna-baseline,baseline,luna,18,17,main_model_call,0,160000,20000,180000,1000,200000,short,0.2,0.02,0.25,1.2,0.0,0.0032,0.005,0.0012,0.0094,0.94,False,0,prior prompt read; new turn appended
compaction-input-cache-read-sensitivity,compaction-input-cache-read-sensitivity-luna-baseline,baseline,luna,19,18,main_model_call,0,180000,20000,200000,1000,200000,short,0.2,0.02,0.25,1.2,0.0,0.0036,0.005,0.0012,0.0098,0.98,False,0,prior prompt read; new turn appended
compaction-input-cache-read-sensitivity,compaction-input-cache-read-sensitivity-luna-baseline,baseline,luna,20,18,compaction,200000,0,0,200000,20000,200000,short,0.2,0.02,0.25,1.2,0.04,0.0,0.0,0.024,0.064,6.4,True,180000,compact before main step 19; input mode=uncached
compaction-input-cache-read-sensitivity,compaction-input-cache-read-sensitivity-luna-baseline,baseline,luna,21,19,main_model_call,0,0,40000,40000,1000,200000,short,0.2,0.02,0.25,1.2,0.0,0.0,0.01,0.0012,0.0112,1.12,False,0,cold prompt written after start or compaction
compaction-input-cache-read-sensitivity,compaction-input-cache-read-sensitivity-luna-baseline,baseline,luna,22,20,main_model_call,0,40000,20000,60000,1000,200000,short,0.2,0.02,0.25,1.2,0.0,0.0008,0.005,0.0012,0.007,0.7,False,0,prior prompt read; new turn appended
compaction-input-cache-read-sensitivity,compaction-input-cache-read-sensitivity-luna-baseline,baseline,luna,23,21,main_model_call,0,60000,20000,80000,1000,200000,short,0.2,0.02,0.25,1.2,0.0,0.0012,0.005,0.0012,0.0074,0.74,False,0,prior prompt read; new turn appended
compaction-input-cache-read-sensitivity,compaction-input-cache-read-sensitivity-luna-baseline,baseline,luna,24,22,main_model_call,0,80000,20000,100000,1000,200000,short,0.2,0.02,0.25,1.2,0.0,0.0016,0.005,0.0012,0.0078,0.78,False,0,prior prompt read; new turn appended
compaction-input-cache-read-sensitivity,compaction-input-cache-read-sensitivity-luna-baseline,baseline,luna,25,23,main_model_call,0,100000,20000,120000,1000,200000,short,0.2,0.02,0.25,1.2,0.0,0.002,0.005,0.0012,0.0082,0.82,False,0,prior prompt read; new turn appended
compaction-input-cache-read-sensitivity,compaction-input-cache-read-sensitivity-luna-baseline,baseline,luna,26,24,main_model_call,0,120000,20000,140000,1000,200000,short,0.2,0.02,0.25,1.2,0.0,0.0024,0.005,0.0012,0.0086,0.86,False,0,prior prompt read; new turn appended
compaction-input-cache-read-sensitivity,compaction-input-cache-read-sensitivity-luna-baseline,baseline,luna,27,25,main_model_call,0,140000,20000,160000,1000,200000,short,0.2,0.02,0.25,1.2,0.0,0.0028,0.005,0.0012,0.009,0.9,False,0,prior prompt read; new turn appended
compaction-input-cache-read-sensitivity,compaction-input-cache-read-sensitivity-luna-baseline,baseline,luna,28,26,main_model_call,0,160000,20000,180000,1000,200000,short,0.2,0.02,0.25,1.2,0.0,0.0032,0.005,0.0012,0.0094,0.94,False,0,prior prompt read; new turn appended
compaction-input-cache-read-sensitivity,compaction-input-cache-read-sensitivity-luna-baseline,baseline,luna,29,27,main_model_call,0,180000,20000,200000,1000,200000,short,0.2,0.02,0.25,1.2,0.0,0.0036,0.005,0.0012,0.0098,0.98,False,0,prior prompt read; new turn appended
compaction-input-cache-read-sensitivity,compaction-input-cache-read-sensitivity-luna-baseline,baseline,luna,30,27,compaction,200000,0,0,200000,20000,200000,short,0.2,0.02,0.25,1.2,0.04,0.0,0.0,0.024,0.064,6.4,True,180000,compact before main step 28; input mode=uncached
compaction-input-cache-read-sensitivity,compaction-input-cache-read-sensitivity-luna-baseline,baseline,luna,31,28,main_model_call,0,0,40000,40000,1000,200000,short,0.2,0.02,0.25,1.2,0.0,0.0,0.01,0.0012,0.0112,1.12,False,0,cold prompt written after start or compaction
compaction-input-cache-read-sensitivity,compaction-input-cache-read-sensitivity-luna-baseline,baseline,luna,32,29,main_model_call,0,40000,20000,60000,1000,200000,short,0.2,0.02,0.25,1.2,0.0,0.0008,0.005,0.0012,0.007,0.7,False,0,prior prompt read; new turn appended
compaction-input-cache-read-sensitivity,compaction-input-cache-read-sensitivity-luna-baseline,baseline,luna,33,30,main_model_call,0,60000,20000,80000,1000,200000,short,0.2,0.02,0.25,1.2,0.0,0.0012,0.005,0.0012,0.0074,0.74,False,0,prior prompt read; new turn appended
compaction-input-cache-read-sensitivity,compaction-input-cache-read-sensitivity-luna-baseline,baseline,luna,34,31,main_model_call,0,80000,20000,100000,1000,200000,short,0.2,0.02,0.25,1.2,0.0,0.0016,0.005,0.0012,0.0078,0.78,False,0,prior prompt read; new turn appended
compaction-input-cache-read-sensitivity,compaction-input-cache-read-sensitivity-luna-baseline,baseline,luna,35,32,main_model_call,0,100000,20000,120000,1000,200000,short,0.2,0.02,0.25,1.2,0.0,0.002,0.005,0.0012,0.0082,0.82,False,0,prior prompt read; new turn appended
compaction-input-cache-read-sensitivity,compaction-input-cache-read-sensitivity-luna-baseline,baseline,luna,36,33,main_model_call,0,120000,20000,140000,1000,200000,short,0.2,0.02,0.25,1.2,0.0,0.0024,0.005,0.0012,0.0086,0.86,False,0,prior prompt read; new turn appended
compaction-input-cache-read-sensitivity,compaction-input-cache-read-sensitivity-luna-baseline,baseline,luna,37,34,main_model_call,0,140000,20000,160000,1000,200000,short,0.2,0.02,0.25,1.2,0.0,0.0028,0.005,0.0012,0.009,0.9,False,0,prior prompt read; new turn appended
compaction-input-cache-read-sensitivity,compaction-input-cache-read-sensitivity-luna-baseline,baseline,luna,38,35,main_model_call,0,160000,20000,180000,1000,200000,short,0.2,0.02,0.25,1.2,0.0,0.0032,0.005,0.0012,0.0094,0.94,False,0,prior prompt read; new turn appended
compaction-input-cache-read-sensitivity,compaction-input-cache-read-sensitivity-luna-baseline,baseline,luna,39,36,main_model_call,0,180000,20000,200000,1000,200000,short,0.2,0.02,0.25,1.2,0.0,0.0036,0.005,0.0012,0.0098,0.98,False,0,prior prompt read; new turn appended
compaction-input-cache-read-sensitivity,compaction-input-cache-read-sensitivity-luna-baseline,baseline,luna,40,36,compaction,200000,0,0,200000,20000,200000,short,0.2,0.02,0.25,1.2,0.04,0.0,0.0,0.024,0.064,6.4,True,180000,compact before main step 37; input mode=uncached
compaction-input-cache-read-sensitivity,compaction-input-cache-read-sensitivity-luna-baseline,baseline,luna,41,37,main_model_call,0,0,40000,40000,1000,200000,short,0.2,0.02,0.25,1.2,0.0,0.0,0.01,0.0012,0.0112,1.12,False,0,cold prompt written after start or compaction
compaction-input-cache-read-sensitivity,compaction-input-cache-read-sensitivity-luna-baseline,baseline,luna,42,38,main_model_call,0,40000,20000,60000,1000,200000,short,0.2,0.02,0.25,1.2,0.0,0.0008,0.005,0.0012,0.007,0.7,False,0,prior prompt read; new turn appended
compaction-input-cache-read-sensitivity,compaction-input-cache-read-sensitivity-luna-baseline,baseline,luna,43,39,main_model_call,0,60000,20000,80000,1000,200000,short,0.2,0.02,0.25,1.2,0.0,0.0012,0.005,0.0012,0.0074,0.74,False,0,prior prompt read; new turn appended
compaction-input-cache-read-sensitivity,compaction-input-cache-read-sensitivity-luna-comparison,comparison,luna,1,1,main_model_call,0,0,40000,40000,1000,200000,short,0.2,0.02,0.25,1.2,0.0,0.0,0.01,0.0012,0.0112,1.12,False,0,cold prompt written after start or compaction
compaction-input-cache-read-sensitivity,compaction-input-cache-read-sensitivity-luna-comparison,comparison,luna,2,2,main_model_call,0,40000,20000,60000,1000,200000,short,0.2,0.02,0.25,1.2,0.0,0.0008,0.005,0.0012,0.007,0.7,False,0,prior prompt read; new turn appended
compaction-input-cache-read-sensitivity,compaction-input-cache-read-sensitivity-luna-comparison,comparison,luna,3,3,main_model_call,0,60000,20000,80000,1000,200000,short,0.2,0.02,0.25,1.2,0.0,0.0012,0.005,0.0012,0.0074,0.74,False,0,prior prompt read; new turn appended
compaction-input-cache-read-sensitivity,compaction-input-cache-read-sensitivity-luna-comparison,comparison,luna,4,4,main_model_call,0,80000,20000,100000,1000,200000,short,0.2,0.02,0.25,1.2,0.0,0.0016,0.005,0.0012,0.0078,0.78,False,0,prior prompt read; new turn appended
compaction-input-cache-read-sensitivity,compaction-input-cache-read-sensitivity-luna-comparison,comparison,luna,5,5,main_model_call,0,100000,20000,120000,1000,200000,short,0.2,0.02,0.25,1.2,0.0,0.002,0.005,0.0012,0.0082,0.82,False,0,prior prompt read; new turn appended
compaction-input-cache-read-sensitivity,compaction-input-cache-read-sensitivity-luna-comparison,comparison,luna,6,6,main_model_call,0,120000,20000,140000,1000,200000,short,0.2,0.02,0.25,1.2,0.0,0.0024,0.005,0.0012,0.0086,0.86,False,0,prior prompt read; new turn appended
compaction-input-cache-read-sensitivity,compaction-input-cache-read-sensitivity-luna-comparison,comparison,luna,7,7,main_model_call,0,140000,20000,160000,1000,200000,short,0.2,0.02,0.25,1.2,0.0,0.0028,0.005,0.0012,0.009,0.9,False,0,prior prompt read; new turn appended
compaction-input-cache-read-sensitivity,compaction-input-cache-read-sensitivity-luna-comparison,comparison,luna,8,8,main_model_call,0,160000,20000,180000,1000,200000,short,0.2,0.02,0.25,1.2,0.0,0.0032,0.005,0.0012,0.0094,0.94,False,0,prior prompt read; new turn appended
compaction-input-cache-read-sensitivity,compaction-input-cache-read-sensitivity-luna-comparison,comparison,luna,9,9,main_model_call,0,180000,20000,200000,1000,200000,short,0.2,0.02,0.25,1.2,0.0,0.0036,0.005,0.0012,0.0098,0.98,False,0,prior prompt read; new turn appended
compaction-input-cache-read-sensitivity,compaction-input-cache-read-sensitivity-luna-comparison,comparison,luna,10,9,compaction,0,200000,0,200000,20000,200000,short,0.2,0.02,0.25,1.2,0.0,0.004,0.0,0.024,0.028,2.8,True,180000,compact before main step 10; input mode=cache_read
compaction-input-cache-read-sensitivity,compaction-input-cache-read-sensitivity-luna-comparison,comparison,luna,11,10,main_model_call,0,0,40000,40000,1000,200000,short,0.2,0.02,0.25,1.2,0.0,0.0,0.01,0.0012,0.0112,1.12,False,0,cold prompt written after start or compaction
compaction-input-cache-read-sensitivity,compaction-input-cache-read-sensitivity-luna-comparison,comparison,luna,12,11,main_model_call,0,40000,20000,60000,1000,200000,short,0.2,0.02,0.25,1.2,0.0,0.0008,0.005,0.0012,0.007,0.7,False,0,prior prompt read; new turn appended
compaction-input-cache-read-sensitivity,compaction-input-cache-read-sensitivity-luna-comparison,comparison,luna,13,12,main_model_call,0,60000,20000,80000,1000,200000,short,0.2,0.02,0.25,1.2,0.0,0.0012,0.005,0.0012,0.0074,0.74,False,0,prior prompt read; new turn appended
compaction-input-cache-read-sensitivity,compaction-input-cache-read-sensitivity-luna-comparison,comparison,luna,14,13,main_model_call,0,80000,20000,100000,1000,200000,short,0.2,0.02,0.25,1.2,0.0,0.0016,0.005,0.0012,0.0078,0.78,False,0,prior prompt read; new turn appended
compaction-input-cache-read-sensitivity,compaction-input-cache-read-sensitivity-luna-comparison,comparison,luna,15,14,main_model_call,0,100000,20000,120000,1000,200000,short,0.2,0.02,0.25,1.2,0.0,0.002,0.005,0.0012,0.0082,0.82,False,0,prior prompt read; new turn appended
compaction-input-cache-read-sensitivity,compaction-input-cache-read-sensitivity-luna-comparison,comparison,luna,16,15,main_model_call,0,120000,20000,140000,1000,200000,short,0.2,0.02,0.25,1.2,0.0,0.0024,0.005,0.0012,0.0086,0.86,False,0,prior prompt read; new turn appended
compaction-input-cache-read-sensitivity,compaction-input-cache-read-sensitivity-luna-comparison,comparison,luna,17,16,main_model_call,0,140000,20000,160000,1000,200000,short,0.2,0.02,0.25,1.2,0.0,0.0028,0.005,0.0012,0.009,0.9,False,0,prior prompt read; new turn appended
compaction-input-cache-read-sensitivity,compaction-input-cache-read-sensitivity-luna-comparison,comparison,luna,18,17,main_model_call,0,160000,20000,180000,1000,200000,short,0.2,0.02,0.25,1.2,0.0,0.0032,0.005,0.0012,0.0094,0.94,False,0,prior prompt read; new turn appended
compaction-input-cache-read-sensitivity,compaction-input-cache-read-sensitivity-luna-comparison,comparison,luna,19,18,main_model_call,0,180000,20000,200000,1000,200000,short,0.2,0.02,0.25,1.2,0.0,0.0036,0.005,0.0012,0.0098,0.98,False,0,prior prompt read; new turn appended
compaction-input-cache-read-sensitivity,compaction-input-cache-read-sensitivity-luna-comparison,comparison,luna,20,18,compaction,0,200000,0,200000,20000,200000,short,0.2,0.02,0.25,1.2,0.0,0.004,0.0,0.024,0.028,2.8,True,180000,compact before main step 19; input mode=cache_read
compaction-input-cache-read-sensitivity,compaction-input-cache-read-sensitivity-luna-comparison,comparison,luna,21,19,main_model_call,0,0,40000,40000,1000,200000,short,0.2,0.02,0.25,1.2,0.0,0.0,0.01,0.0012,0.0112,1.12,False,0,cold prompt written after start or compaction
compaction-input-cache-read-sensitivity,compaction-input-cache-read-sensitivity-luna-comparison,comparison,luna,22,20,main_model_call,0,40000,20000,60000,1000,200000,short,0.2,0.02,0.25,1.2,0.0,0.0008,0.005,0.0012,0.007,0.7,False,0,prior prompt read; new turn appended
compaction-input-cache-read-sensitivity,compaction-input-cache-read-sensitivity-luna-comparison,comparison,luna,23,21,main_model_call,0,60000,20000,80000,1000,200000,short,0.2,0.02,0.25,1.2,0.0,0.0012,0.005,0.0012,0.0074,0.74,False,0,prior prompt read; new turn appended
compaction-input-cache-read-sensitivity,compaction-input-cache-read-sensitivity-luna-comparison,comparison,luna,24,22,main_model_call,0,80000,20000,100000,1000,200000,short,0.2,0.02,0.25,1.2,0.0,0.0016,0.005,0.0012,0.0078,0.78,False,0,prior prompt read; new turn appended
compaction-input-cache-read-sensitivity,compaction-input-cache-read-sensitivity-luna-comparison,comparison,luna,25,23,main_model_call,0,100000,20000,120000,1000,200000,short,0.2,0.02,0.25,1.2,0.0,0.002,0.005,0.0012,0.0082,0.82,False,0,prior prompt read; new turn appended
compaction-input-cache-read-sensitivity,compaction-input-cache-read-sensitivity-luna-comparison,comparison,luna,26,24,main_model_call,0,120000,20000,140000,1000,200000,short,0.2,0.02,0.25,1.2,0.0,0.0024,0.005,0.0012,0.0086,0.86,False,0,prior prompt read; new turn appended
compaction-input-cache-read-sensitivity,compaction-input-cache-read-sensitivity-luna-comparison,comparison,luna,27,25,main_model_call,0,140000,20000,160000,1000,200000,short,0.2,0.02,0.25,1.2,0.0,0.0028,0.005,0.0012,0.009,0.9,False,0,prior prompt read; new turn appended
compaction-input-cache-read-sensitivity,compaction-input-cache-read-sensitivity-luna-comparison,comparison,luna,28,26,main_model_call,0,160000,20000,180000,1000,200000,short,0.2,0.02,0.25,1.2,0.0,0.0032,0.005,0.0012,0.0094,0.94,False,0,prior prompt read; new turn appended
compaction-input-cache-read-sensitivity,compaction-input-cache-read-sensitivity-luna-comparison,comparison,luna,29,27,main_model_call,0,180000,20000,200000,1000,200000,short,0.2,0.02,0.25,1.2,0.0,0.0036,0.005,0.0012,0.0098,0.98,False,0,prior prompt read; new turn appended
compaction-input-cache-read-sensitivity,compaction-input-cache-read-sensitivity-luna-comparison,comparison,luna,30,27,compaction,0,200000,0,200000,20000,200000,short,0.2,0.02,0.25,1.2,0.0,0.004,0.0,0.024,0.028,2.8,True,180000,compact before main step 28; input mode=cache_read
compaction-input-cache-read-sensitivity,compaction-input-cache-read-sensitivity-luna-comparison,comparison,luna,31,28,main_model_call,0,0,40000,40000,1000,200000,short,0.2,0.02,0.25,1.2,0.0,0.0,0.01,0.0012,0.0112,1.12,False,0,cold prompt written after start or compaction
compaction-input-cache-read-sensitivity,compaction-input-cache-read-sensitivity-luna-comparison,comparison,luna,32,29,main_model_call,0,40000,20000,60000,1000,200000,short,0.2,0.02,0.25,1.2,0.0,0.0008,0.005,0.0012,0.007,0.7,False,0,prior prompt read; new turn appended
compaction-input-cache-read-sensitivity,compaction-input-cache-read-sensitivity-luna-comparison,comparison,luna,33,30,main_model_call,0,60000,20000,80000,1000,200000,short,0.2,0.02,0.25,1.2,0.0,0.0012,0.005,0.0012,0.0074,0.74,False,0,prior prompt read; new turn appended
compaction-input-cache-read-sensitivity,compaction-input-cache-read-sensitivity-luna-comparison,comparison,luna,34,31,main_model_call,0,80000,20000,100000,1000,200000,short,0.2,0.02,0.25,1.2,0.0,0.0016,0.005,0.0012,0.0078,0.78,False,0,prior prompt read; new turn appended
compaction-input-cache-read-sensitivity,compaction-input-cache-read-sensitivity-luna-comparison,comparison,luna,35,32,main_model_call,0,100000,20000,120000,1000,200000,short,0.2,0.02,0.25,1.2,0.0,0.002,0.005,0.0012,0.0082,0.82,False,0,prior prompt read; new turn appended
compaction-input-cache-read-sensitivity,compaction-input-cache-read-sensitivity-luna-comparison,comparison,luna,36,33,main_model_call,0,120000,20000,140000,1000,200000,short,0.2,0.02,0.25,1.2,0.0,0.0024,0.005,0.0012,0.0086,0.86,False,0,prior prompt read; new turn appended
compaction-input-cache-read-sensitivity,compaction-input-cache-read-sensitivity-luna-comparison,comparison,luna,37,34,main_model_call,0,140000,20000,160000,1000,200000,short,0.2,0.02,0.25,1.2,0.0,0.0028,0.005,0.0012,0.009,0.9,False,0,prior prompt read; new turn appended
compaction-input-cache-read-sensitivity,compaction-input-cache-read-sensitivity-luna-comparison,comparison,luna,38,35,main_model_call,0,160000,20000,180000,1000,200000,short,0.2,0.02,0.25,1.2,0.0,0.0032,0.005,0.0012,0.0094,0.94,False,0,prior prompt read; new turn appended
compaction-input-cache-read-sensitivity,compaction-input-cache-read-sensitivity-luna-comparison,comparison,luna,39,36,main_model_call,0,180000,20000,200000,1000,200000,short,0.2,0.02,0.25,1.2,0.0,0.0036,0.005,0.0012,0.0098,0.98,False,0,prior prompt read; new turn appended
compaction-input-cache-read-sensitivity,compaction-input-cache-read-sensitivity-luna-comparison,comparison,luna,40,36,compaction,0,200000,0,200000,20000,200000,short,0.2,0.02,0.25,1.2,0.0,0.004,0.0,0.024,0.028,2.8,True,180000,compact before main step 37; input mode=cache_read
compaction-input-cache-read-sensitivity,compaction-input-cache-read-sensitivity-luna-comparison,comparison,luna,41,37,main_model_call,0,0,40000,40000,1000,200000,short,0.2,0.02,0.25,1.2,0.0,0.0,0.01,0.0012,0.0112,1.12,False,0,cold prompt written after start or compaction
compaction-input-cache-read-sensitivity,compaction-input-cache-read-sensitivity-luna-comparison,comparison,luna,42,38,main_model_call,0,40000,20000,60000,1000,200000,short,0.2,0.02,0.25,1.2,0.0,0.0008,0.005,0.0012,0.007,0.7,False,0,prior prompt read; new turn appended
compaction-input-cache-read-sensitivity,compaction-input-cache-read-sensitivity-luna-comparison,comparison,luna,43,39,main_model_call,0,60000,20000,80000,1000,200000,short,0.2,0.02,0.25,1.2,0.0,0.0012,0.005,0.0012,0.0074,0.74,False,0,prior prompt read; new turn appended
compaction-input-cache-read-sensitivity,compaction-input-cache-read-sensitivity-terra-baseline,baseline,terra,1,1,main_model_call,0,0,40000,40000,1000,272000,short,2.0,0.2,2.5,12.0,0.0,0.0,0.1,0.012,0.112,11.2,False,0,cold prompt written after start or compaction
compaction-input-cache-read-sensitivity,compaction-input-cache-read-sensitivity-terra-baseline,baseline,terra,2,2,main_model_call,0,40000,20000,60000,1000,272000,short,2.0,0.2,2.5,12.0,0.0,0.008,0.05,0.012,0.07,7.0,False,0,prior prompt read; new turn appended
compaction-input-cache-read-sensitivity,compaction-input-cache-read-sensitivity-terra-baseline,baseline,terra,3,3,main_model_call,0,60000,20000,80000,1000,272000,short,2.0,0.2,2.5,12.0,0.0,0.012,0.05,0.012,0.074,7.4,False,0,prior prompt read; new turn appended
compaction-input-cache-read-sensitivity,compaction-input-cache-read-sensitivity-terra-baseline,baseline,terra,4,4,main_model_call,0,80000,20000,100000,1000,272000,short,2.0,0.2,2.5,12.0,0.0,0.016,0.05,0.012,0.078,7.8,False,0,prior prompt read; new turn appended
compaction-input-cache-read-sensitivity,compaction-input-cache-read-sensitivity-terra-baseline,baseline,terra,5,5,main_model_call,0,100000,20000,120000,1000,272000,short,2.0,0.2,2.5,12.0,0.0,0.02,0.05,0.012,0.082,8.2,False,0,prior prompt read; new turn appended
compaction-input-cache-read-sensitivity,compaction-input-cache-read-sensitivity-terra-baseline,baseline,terra,6,6,main_model_call,0,120000,20000,140000,1000,272000,short,2.0,0.2,2.5,12.0,0.0,0.024,0.05,0.012,0.086,8.6,False,0,prior prompt read; new turn appended
compaction-input-cache-read-sensitivity,compaction-input-cache-read-sensitivity-terra-baseline,baseline,terra,7,7,main_model_call,0,140000,20000,160000,1000,272000,short,2.0,0.2,2.5,12.0,0.0,0.028,0.05,0.012,0.09,9.0,False,0,prior prompt read; new turn appended
compaction-input-cache-read-sensitivity,compaction-input-cache-read-sensitivity-terra-baseline,baseline,terra,8,8,main_model_call,0,160000,20000,180000,1000,272000,short,2.0,0.2,2.5,12.0,0.0,0.032,0.05,0.012,0.094,9.4,False,0,prior prompt read; new turn appended
compaction-input-cache-read-sensitivity,compaction-input-cache-read-sensitivity-terra-baseline,baseline,terra,9,9,main_model_call,0,180000,20000,200000,1000,272000,short,2.0,0.2,2.5,12.0,0.0,0.036,0.05,0.012,0.098,9.8,False,0,prior prompt read; new turn appended
compaction-input-cache-read-sensitivity,compaction-input-cache-read-sensitivity-terra-baseline,baseline,terra,10,9,compaction,200000,0,0,200000,20000,272000,short,2.0,0.2,2.5,12.0,0.4,0.0,0.0,0.24,0.64,64.0,True,180000,compact before main step 10; input mode=uncached
compaction-input-cache-read-sensitivity,compaction-input-cache-read-sensitivity-terra-baseline,baseline,terra,11,10,main_model_call,0,0,40000,40000,1000,272000,short,2.0,0.2,2.5,12.0,0.0,0.0,0.1,0.012,0.112,11.2,False,0,cold prompt written after start or compaction
compaction-input-cache-read-sensitivity,compaction-input-cache-read-sensitivity-terra-baseline,baseline,terra,12,11,main_model_call,0,40000,20000,60000,1000,272000,short,2.0,0.2,2.5,12.0,0.0,0.008,0.05,0.012,0.07,7.0,False,0,prior prompt read; new turn appended
compaction-input-cache-read-sensitivity,compaction-input-cache-read-sensitivity-terra-baseline,baseline,terra,13,12,main_model_call,0,60000,20000,80000,1000,272000,short,2.0,0.2,2.5,12.0,0.0,0.012,0.05,0.012,0.074,7.4,False,0,prior prompt read; new turn appended
compaction-input-cache-read-sensitivity,compaction-input-cache-read-sensitivity-terra-baseline,baseline,terra,14,13,main_model_call,0,80000,20000,100000,1000,272000,short,2.0,0.2,2.5,12.0,0.0,0.016,0.05,0.012,0.078,7.8,False,0,prior prompt read; new turn appended
compaction-input-cache-read-sensitivity,compaction-input-cache-read-sensitivity-terra-baseline,baseline,terra,15,14,main_model_call,0,100000,20000,120000,1000,272000,short,2.0,0.2,2.5,12.0,0.0,0.02,0.05,0.012,0.082,8.2,False,0,prior prompt read; new turn appended
compaction-input-cache-read-sensitivity,compaction-input-cache-read-sensitivity-terra-baseline,baseline,terra,16,15,main_model_call,0,120000,20000,140000,1000,272000,short,2.0,0.2,2.5,12.0,0.0,0.024,0.05,0.012,0.086,8.6,False,0,prior prompt read; new turn appended
compaction-input-cache-read-sensitivity,compaction-input-cache-read-sensitivity-terra-baseline,baseline,terra,17,16,main_model_call,0,140000,20000,160000,1000,272000,short,2.0,0.2,2.5,12.0,0.0,0.028,0.05,0.012,0.09,9.0,False,0,prior prompt read; new turn appended
compaction-input-cache-read-sensitivity,compaction-input-cache-read-sensitivity-terra-baseline,baseline,terra,18,17,main_model_call,0,160000,20000,180000,1000,272000,short,2.0,0.2,2.5,12.0,0.0,0.032,0.05,0.012,0.094,9.4,False,0,prior prompt read; new turn appended
compaction-input-cache-read-sensitivity,compaction-input-cache-read-sensitivity-terra-baseline,baseline,terra,19,18,main_model_call,0,180000,20000,200000,1000,272000,short,2.0,0.2,2.5,12.0,0.0,0.036,0.05,0.012,0.098,9.8,False,0,prior prompt read; new turn appended
compaction-input-cache-read-sensitivity,compaction-input-cache-read-sensitivity-terra-baseline,baseline,terra,20,18,compaction,200000,0,0,200000,20000,272000,short,2.0,0.2,2.5,12.0,0.4,0.0,0.0,0.24,0.64,64.0,True,180000,compact before main step 19; input mode=uncached
compaction-input-cache-read-sensitivity,compaction-input-cache-read-sensitivity-terra-baseline,baseline,terra,21,19,main_model_call,0,0,40000,40000,1000,272000,short,2.0,0.2,2.5,12.0,0.0,0.0,0.1,0.012,0.112,11.2,False,0,cold prompt written after start or compaction
compaction-input-cache-read-sensitivity,compaction-input-cache-read-sensitivity-terra-baseline,baseline,terra,22,20,main_model_call,0,40000,20000,60000,1000,272000,short,2.0,0.2,2.5,12.0,0.0,0.008,0.05,0.012,0.07,7.0,False,0,prior prompt read; new turn appended
compaction-input-cache-read-sensitivity,compaction-input-cache-read-sensitivity-terra-baseline,baseline,terra,23,21,main_model_call,0,60000,20000,80000,1000,272000,short,2.0,0.2,2.5,12.0,0.0,0.012,0.05,0.012,0.074,7.4,False,0,prior prompt read; new turn appended
compaction-input-cache-read-sensitivity,compaction-input-cache-read-sensitivity-terra-baseline,baseline,terra,24,22,main_model_call,0,80000,20000,100000,1000,272000,short,2.0,0.2,2.5,12.0,0.0,0.016,0.05,0.012,0.078,7.8,False,0,prior prompt read; new turn appended
compaction-input-cache-read-sensitivity,compaction-input-cache-read-sensitivity-terra-baseline,baseline,terra,25,23,main_model_call,0,100000,20000,120000,1000,272000,short,2.0,0.2,2.5,12.0,0.0,0.02,0.05,0.012,0.082,8.2,False,0,prior prompt read; new turn appended
compaction-input-cache-read-sensitivity,compaction-input-cache-read-sensitivity-terra-baseline,baseline,terra,26,24,main_model_call,0,120000,20000,140000,1000,272000,short,2.0,0.2,2.5,12.0,0.0,0.024,0.05,0.012,0.086,8.6,False,0,prior prompt read; new turn appended
compaction-input-cache-read-sensitivity,compaction-input-cache-read-sensitivity-terra-baseline,baseline,terra,27,25,main_model_call,0,140000,20000,160000,1000,272000,short,2.0,0.2,2.5,12.0,0.0,0.028,0.05,0.012,0.09,9.0,False,0,prior prompt read; new turn appended
compaction-input-cache-read-sensitivity,compaction-input-cache-read-sensitivity-terra-baseline,baseline,terra,28,26,main_model_call,0,160000,20000,180000,1000,272000,short,2.0,0.2,2.5,12.0,0.0,0.032,0.05,0.012,0.094,9.4,False,0,prior prompt read; new turn appended
compaction-input-cache-read-sensitivity,compaction-input-cache-read-sensitivity-terra-baseline,baseline,terra,29,27,main_model_call,0,180000,20000,200000,1000,272000,short,2.0,0.2,2.5,12.0,0.0,0.036,0.05,0.012,0.098,9.8,False,0,prior prompt read; new turn appended
compaction-input-cache-read-sensitivity,compaction-input-cache-read-sensitivity-terra-baseline,baseline,terra,30,27,compaction,200000,0,0,200000,20000,272000,short,2.0,0.2,2.5,12.0,0.4,0.0,0.0,0.24,0.64,64.0,True,180000,compact before main step 28; input mode=uncached
compaction-input-cache-read-sensitivity,compaction-input-cache-read-sensitivity-terra-baseline,baseline,terra,31,28,main_model_call,0,0,40000,40000,1000,272000,short,2.0,0.2,2.5,12.0,0.0,0.0,0.1,0.012,0.112,11.2,False,0,cold prompt written after start or compaction
compaction-input-cache-read-sensitivity,compaction-input-cache-read-sensitivity-terra-baseline,baseline,terra,32,29,main_model_call,0,40000,20000,60000,1000,272000,short,2.0,0.2,2.5,12.0,0.0,0.008,0.05,0.012,0.07,7.0,False,0,prior prompt read; new turn appended
compaction-input-cache-read-sensitivity,compaction-input-cache-read-sensitivity-terra-baseline,baseline,terra,33,30,main_model_call,0,60000,20000,80000,1000,272000,short,2.0,0.2,2.5,12.0,0.0,0.012,0.05,0.012,0.074,7.4,False,0,prior prompt read; new turn appended
compaction-input-cache-read-sensitivity,compaction-input-cache-read-sensitivity-terra-baseline,baseline,terra,34,31,main_model_call,0,80000,20000,100000,1000,272000,short,2.0,0.2,2.5,12.0,0.0,0.016,0.05,0.012,0.078,7.8,False,0,prior prompt read; new turn appended
compaction-input-cache-read-sensitivity,compaction-input-cache-read-sensitivity-terra-baseline,baseline,terra,35,32,main_model_call,0,100000,20000,120000,1000,272000,short,2.0,0.2,2.5,12.0,0.0,0.02,0.05,0.012,0.082,8.2,False,0,prior prompt read; new turn appended
compaction-input-cache-read-sensitivity,compaction-input-cache-read-sensitivity-terra-baseline,baseline,terra,36,33,main_model_call,0,120000,20000,140000,1000,272000,short,2.0,0.2,2.5,12.0,0.0,0.024,0.05,0.012,0.086,8.6,False,0,prior prompt read; new turn appended
compaction-input-cache-read-sensitivity,compaction-input-cache-read-sensitivity-terra-baseline,baseline,terra,37,34,main_model_call,0,140000,20000,160000,1000,272000,short,2.0,0.2,2.5,12.0,0.0,0.028,0.05,0.012,0.09,9.0,False,0,prior prompt read; new turn appended
compaction-input-cache-read-sensitivity,compaction-input-cache-read-sensitivity-terra-baseline,baseline,terra,38,35,main_model_call,0,160000,20000,180000,1000,272000,short,2.0,0.2,2.5,12.0,0.0,0.032,0.05,0.012,0.094,9.4,False,0,prior prompt read; new turn appended
compaction-input-cache-read-sensitivity,compaction-input-cache-read-sensitivity-terra-baseline,baseline,terra,39,36,main_model_call,0,180000,20000,200000,1000,272000,short,2.0,0.2,2.5,12.0,0.0,0.036,0.05,0.012,0.098,9.8,False,0,prior prompt read; new turn appended
compaction-input-cache-read-sensitivity,compaction-input-cache-read-sensitivity-terra-baseline,baseline,terra,40,36,compaction,200000,0,0,200000,20000,272000,short,2.0,0.2,2.5,12.0,0.4,0.0,0.0,0.24,0.64,64.0,True,180000,compact before main step 37; input mode=uncached
compaction-input-cache-read-sensitivity,compaction-input-cache-read-sensitivity-terra-baseline,baseline,terra,41,37,main_model_call,0,0,40000,40000,1000,272000,short,2.0,0.2,2.5,12.0,0.0,0.0,0.1,0.012,0.112,11.2,False,0,cold prompt written after start or compaction
compaction-input-cache-read-sensitivity,compaction-input-cache-read-sensitivity-terra-baseline,baseline,terra,42,38,main_model_call,0,40000,20000,60000,1000,272000,short,2.0,0.2,2.5,12.0,0.0,0.008,0.05,0.012,0.07,7.0,False,0,prior prompt read; new turn appended
compaction-input-cache-read-sensitivity,compaction-input-cache-read-sensitivity-terra-baseline,baseline,terra,43,39,main_model_call,0,60000,20000,80000,1000,272000,short,2.0,0.2,2.5,12.0,0.0,0.012,0.05,0.012,0.074,7.4,False,0,prior prompt read; new turn appended
compaction-input-cache-read-sensitivity,compaction-input-cache-read-sensitivity-terra-comparison,comparison,terra,1,1,main_model_call,0,0,40000,40000,1000,272000,short,2.0,0.2,2.5,12.0,0.0,0.0,0.1,0.012,0.112,11.2,False,0,cold prompt written after start or compaction
compaction-input-cache-read-sensitivity,compaction-input-cache-read-sensitivity-terra-comparison,comparison,terra,2,2,main_model_call,0,40000,20000,60000,1000,272000,short,2.0,0.2,2.5,12.0,0.0,0.008,0.05,0.012,0.07,7.0,False,0,prior prompt read; new turn appended
compaction-input-cache-read-sensitivity,compaction-input-cache-read-sensitivity-terra-comparison,comparison,terra,3,3,main_model_call,0,60000,20000,80000,1000,272000,short,2.0,0.2,2.5,12.0,0.0,0.012,0.05,0.012,0.074,7.4,False,0,prior prompt read; new turn appended
compaction-input-cache-read-sensitivity,compaction-input-cache-read-sensitivity-terra-comparison,comparison,terra,4,4,main_model_call,0,80000,20000,100000,1000,272000,short,2.0,0.2,2.5,12.0,0.0,0.016,0.05,0.012,0.078,7.8,False,0,prior prompt read; new turn appended
compaction-input-cache-read-sensitivity,compaction-input-cache-read-sensitivity-terra-comparison,comparison,terra,5,5,main_model_call,0,100000,20000,120000,1000,272000,short,2.0,0.2,2.5,12.0,0.0,0.02,0.05,0.012,0.082,8.2,False,0,prior prompt read; new turn appended
compaction-input-cache-read-sensitivity,compaction-input-cache-read-sensitivity-terra-comparison,comparison,terra,6,6,main_model_call,0,120000,20000,140000,1000,272000,short,2.0,0.2,2.5,12.0,0.0,0.024,0.05,0.012,0.086,8.6,False,0,prior prompt read; new turn appended
compaction-input-cache-read-sensitivity,compaction-input-cache-read-sensitivity-terra-comparison,comparison,terra,7,7,main_model_call,0,140000,20000,160000,1000,272000,short,2.0,0.2,2.5,12.0,0.0,0.028,0.05,0.012,0.09,9.0,False,0,prior prompt read; new turn appended
compaction-input-cache-read-sensitivity,compaction-input-cache-read-sensitivity-terra-comparison,comparison,terra,8,8,main_model_call,0,160000,20000,180000,1000,272000,short,2.0,0.2,2.5,12.0,0.0,0.032,0.05,0.012,0.094,9.4,False,0,prior prompt read; new turn appended
compaction-input-cache-read-sensitivity,compaction-input-cache-read-sensitivity-terra-comparison,comparison,terra,9,9,main_model_call,0,180000,20000,200000,1000,272000,short,2.0,0.2,2.5,12.0,0.0,0.036,0.05,0.012,0.098,9.8,False,0,prior prompt read; new turn appended
compaction-input-cache-read-sensitivity,compaction-input-cache-read-sensitivity-terra-comparison,comparison,terra,10,9,compaction,0,200000,0,200000,20000,272000,short,2.0,0.2,2.5,12.0,0.0,0.04,0.0,0.24,0.28,28.0,True,180000,compact before main step 10; input mode=cache_read
compaction-input-cache-read-sensitivity,compaction-input-cache-read-sensitivity-terra-comparison,comparison,terra,11,10,main_model_call,0,0,40000,40000,1000,272000,short,2.0,0.2,2.5,12.0,0.0,0.0,0.1,0.012,0.112,11.2,False,0,cold prompt written after start or compaction
compaction-input-cache-read-sensitivity,compaction-input-cache-read-sensitivity-terra-comparison,comparison,terra,12,11,main_model_call,0,40000,20000,60000,1000,272000,short,2.0,0.2,2.5,12.0,0.0,0.008,0.05,0.012,0.07,7.0,False,0,prior prompt read; new turn appended
compaction-input-cache-read-sensitivity,compaction-input-cache-read-sensitivity-terra-comparison,comparison,terra,13,12,main_model_call,0,60000,20000,80000,1000,272000,short,2.0,0.2,2.5,12.0,0.0,0.012,0.05,0.012,0.074,7.4,False,0,prior prompt read; new turn appended
compaction-input-cache-read-sensitivity,compaction-input-cache-read-sensitivity-terra-comparison,comparison,terra,14,13,main_model_call,0,80000,20000,100000,1000,272000,short,2.0,0.2,2.5,12.0,0.0,0.016,0.05,0.012,0.078,7.8,False,0,prior prompt read; new turn appended
compaction-input-cache-read-sensitivity,compaction-input-cache-read-sensitivity-terra-comparison,comparison,terra,15,14,main_model_call,0,100000,20000,120000,1000,272000,short,2.0,0.2,2.5,12.0,0.0,0.02,0.05,0.012,0.082,8.2,False,0,prior prompt read; new turn appended
compaction-input-cache-read-sensitivity,compaction-input-cache-read-sensitivity-terra-comparison,comparison,terra,16,15,main_model_call,0,120000,20000,140000,1000,272000,short,2.0,0.2,2.5,12.0,0.0,0.024,0.05,0.012,0.086,8.6,False,0,prior prompt read; new turn appended
compaction-input-cache-read-sensitivity,compaction-input-cache-read-sensitivity-terra-comparison,comparison,terra,17,16,main_model_call,0,140000,20000,160000,1000,272000,short,2.0,0.2,2.5,12.0,0.0,0.028,0.05,0.012,0.09,9.0,False,0,prior prompt read; new turn appended
compaction-input-cache-read-sensitivity,compaction-input-cache-read-sensitivity-terra-comparison,comparison,terra,18,17,main_model_call,0,160000,20000,180000,1000,272000,short,2.0,0.2,2.5,12.0,0.0,0.032,0.05,0.012,0.094,9.4,False,0,prior prompt read; new turn appended
compaction-input-cache-read-sensitivity,compaction-input-cache-read-sensitivity-terra-comparison,comparison,terra,19,18,main_model_call,0,180000,20000,200000,1000,272000,short,2.0,0.2,2.5,12.0,0.0,0.036,0.05,0.012,0.098,9.8,False,0,prior prompt read; new turn appended
compaction-input-cache-read-sensitivity,compaction-input-cache-read-sensitivity-terra-comparison,comparison,terra,20,18,compaction,0,200000,0,200000,20000,272000,short,2.0,0.2,2.5,12.0,0.0,0.04,0.0,0.24,0.28,28.0,True,180000,compact before main step 19; input mode=cache_read
compaction-input-cache-read-sensitivity,compaction-input-cache-read-sensitivity-terra-comparison,comparison,terra,21,19,main_model_call,0,0,40000,40000,1000,272000,short,2.0,0.2,2.5,12.0,0.0,0.0,0.1,0.012,0.112,11.2,False,0,cold prompt written after start or compaction
compaction-input-cache-read-sensitivity,compaction-input-cache-read-sensitivity-terra-comparison,comparison,terra,22,20,main_model_call,0,40000,20000,60000,1000,272000,short,2.0,0.2,2.5,12.0,0.0,0.008,0.05,0.012,0.07,7.0,False,0,prior prompt read; new turn appended
compaction-input-cache-read-sensitivity,compaction-input-cache-read-sensitivity-terra-comparison,comparison,terra,23,21,main_model_call,0,60000,20000,80000,1000,272000,short,2.0,0.2,2.5,12.0,0.0,0.012,0.05,0.012,0.074,7.4,False,0,prior prompt read; new turn appended
compaction-input-cache-read-sensitivity,compaction-input-cache-read-sensitivity-terra-comparison,comparison,terra,24,22,main_model_call,0,80000,20000,100000,1000,272000,short,2.0,0.2,2.5,12.0,0.0,0.016,0.05,0.012,0.078,7.8,False,0,prior prompt read; new turn appended
compaction-input-cache-read-sensitivity,compaction-input-cache-read-sensitivity-terra-comparison,comparison,terra,25,23,main_model_call,0,100000,20000,120000,1000,272000,short,2.0,0.2,2.5,12.0,0.0,0.02,0.05,0.012,0.082,8.2,False,0,prior prompt read; new turn appended
compaction-input-cache-read-sensitivity,compaction-input-cache-read-sensitivity-terra-comparison,comparison,terra,26,24,main_model_call,0,120000,20000,140000,1000,272000,short,2.0,0.2,2.5,12.0,0.0,0.024,0.05,0.012,0.086,8.6,False,0,prior prompt read; new turn appended
compaction-input-cache-read-sensitivity,compaction-input-cache-read-sensitivity-terra-comparison,comparison,terra,27,25,main_model_call,0,140000,20000,160000,1000,272000,short,2.0,0.2,2.5,12.0,0.0,0.028,0.05,0.012,0.09,9.0,False,0,prior prompt read; new turn appended
compaction-input-cache-read-sensitivity,compaction-input-cache-read-sensitivity-terra-comparison,comparison,terra,28,26,main_model_call,0,160000,20000,180000,1000,272000,short,2.0,0.2,2.5,12.0,0.0,0.032,0.05,0.012,0.094,9.4,False,0,prior prompt read; new turn appended
compaction-input-cache-read-sensitivity,compaction-input-cache-read-sensitivity-terra-comparison,comparison,terra,29,27,main_model_call,0,180000,20000,200000,1000,272000,short,2.0,0.2,2.5,12.0,0.0,0.036,0.05,0.012,0.098,9.8,False,0,prior prompt read; new turn appended
compaction-input-cache-read-sensitivity,compaction-input-cache-read-sensitivity-terra-comparison,comparison,terra,30,27,compaction,0,200000,0,200000,20000,272000,short,2.0,0.2,2.5,12.0,0.0,0.04,0.0,0.24,0.28,28.0,True,180000,compact before main step 28; input mode=cache_read
compaction-input-cache-read-sensitivity,compaction-input-cache-read-sensitivity-terra-comparison,comparison,terra,31,28,main_model_call,0,0,40000,40000,1000,272000,short,2.0,0.2,2.5,12.0,0.0,0.0,0.1,0.012,0.112,11.2,False,0,cold prompt written after start or compaction
compaction-input-cache-read-sensitivity,compaction-input-cache-read-sensitivity-terra-comparison,comparison,terra,32,29,main_model_call,0,40000,20000,60000,1000,272000,short,2.0,0.2,2.5,12.0,0.0,0.008,0.05,0.012,0.07,7.0,False,0,prior prompt read; new turn appended
compaction-input-cache-read-sensitivity,compaction-input-cache-read-sensitivity-terra-comparison,comparison,terra,33,30,main_model_call,0,60000,20000,80000,1000,272000,short,2.0,0.2,2.5,12.0,0.0,0.012,0.05,0.012,0.074,7.4,False,0,prior prompt read; new turn appended
compaction-input-cache-read-sensitivity,compaction-input-cache-read-sensitivity-terra-comparison,comparison,terra,34,31,main_model_call,0,80000,20000,100000,1000,272000,short,2.0,0.2,2.5,12.0,0.0,0.016,0.05,0.012,0.078,7.8,False,0,prior prompt read; new turn appended
compaction-input-cache-read-sensitivity,compaction-input-cache-read-sensitivity-terra-comparison,comparison,terra,35,32,main_model_call,0,100000,20000,120000,1000,272000,short,2.0,0.2,2.5,12.0,0.0,0.02,0.05,0.012,0.082,8.2,False,0,prior prompt read; new turn appended
compaction-input-cache-read-sensitivity,compaction-input-cache-read-sensitivity-terra-comparison,comparison,terra,36,33,main_model_call,0,120000,20000,140000,1000,272000,short,2.0,0.2,2.5,12.0,0.0,0.024,0.05,0.012,0.086,8.6,False,0,prior prompt read; new turn appended
compaction-input-cache-read-sensitivity,compaction-input-cache-read-sensitivity-terra-comparison,comparison,terra,37,34,main_model_call,0,140000,20000,160000,1000,272000,short,2.0,0.2,2.5,12.0,0.0,0.028,0.05,0.012,0.09,9.0,False,0,prior prompt read; new turn appended
compaction-input-cache-read-sensitivity,compaction-input-cache-read-sensitivity-terra-comparison,comparison,terra,38,35,main_model_call,0,160000,20000,180000,1000,272000,short,2.0,0.2,2.5,12.0,0.0,0.032,0.05,0.012,0.094,9.4,False,0,prior prompt read; new turn appended
compaction-input-cache-read-sensitivity,compaction-input-cache-read-sensitivity-terra-comparison,comparison,terra,39,36,main_model_call,0,180000,20000,200000,1000,272000,short,2.0,0.2,2.5,12.0,0.0,0.036,0.05,0.012,0.098,9.8,False,0,prior prompt read; new turn appended
compaction-input-cache-read-sensitivity,compaction-input-cache-read-sensitivity-terra-comparison,comparison,terra,40,36,compaction,0,200000,0,200000,20000,272000,short,2.0,0.2,2.5,12.0,0.0,0.04,0.0,0.24,0.28,28.0,True,180000,compact before main step 37; input mode=cache_read
compaction-input-cache-read-sensitivity,compaction-input-cache-read-sensitivity-terra-comparison,comparison,terra,41,37,main_model_call,0,0,40000,40000,1000,272000,short,2.0,0.2,2.5,12.0,0.0,0.0,0.1,0.012,0.112,11.2,False,0,cold prompt written after start or compaction
compaction-input-cache-read-sensitivity,compaction-input-cache-read-sensitivity-terra-comparison,comparison,terra,42,38,main_model_call,0,40000,20000,60000,1000,272000,short,2.0,0.2,2.5,12.0,0.0,0.008,0.05,0.012,0.07,7.0,False,0,prior prompt read; new turn appended
compaction-input-cache-read-sensitivity,compaction-input-cache-read-sensitivity-terra-comparison,comparison,terra,43,39,main_model_call,0,60000,20000,80000,1000,272000,short,2.0,0.2,2.5,12.0,0.0,0.012,0.05,0.012,0.074,7.4,False,0,prior prompt read; new turn appended
compaction-input-cache-read-sensitivity,compaction-input-cache-read-sensitivity-sol-baseline,baseline,sol,1,1,main_model_call,0,0,40000,40000,1000,272000,short,4.0,0.4,5.0,20.0,0.0,0.0,0.2,0.02,0.22,22.0,False,0,cold prompt written after start or compaction
compaction-input-cache-read-sensitivity,compaction-input-cache-read-sensitivity-sol-baseline,baseline,sol,2,2,main_model_call,0,40000,20000,60000,1000,272000,short,4.0,0.4,5.0,20.0,0.0,0.016,0.1,0.02,0.136,13.6,False,0,prior prompt read; new turn appended
compaction-input-cache-read-sensitivity,compaction-input-cache-read-sensitivity-sol-baseline,baseline,sol,3,3,main_model_call,0,60000,20000,80000,1000,272000,short,4.0,0.4,5.0,20.0,0.0,0.024,0.1,0.02,0.144,14.4,False,0,prior prompt read; new turn appended
compaction-input-cache-read-sensitivity,compaction-input-cache-read-sensitivity-sol-baseline,baseline,sol,4,4,main_model_call,0,80000,20000,100000,1000,272000,short,4.0,0.4,5.0,20.0,0.0,0.032,0.1,0.02,0.152,15.2,False,0,prior prompt read; new turn appended
compaction-input-cache-read-sensitivity,compaction-input-cache-read-sensitivity-sol-baseline,baseline,sol,5,5,main_model_call,0,100000,20000,120000,1000,272000,short,4.0,0.4,5.0,20.0,0.0,0.04,0.1,0.02,0.16,16.0,False,0,prior prompt read; new turn appended
compaction-input-cache-read-sensitivity,compaction-input-cache-read-sensitivity-sol-baseline,baseline,sol,6,6,main_model_call,0,120000,20000,140000,1000,272000,short,4.0,0.4,5.0,20.0,0.0,0.048,0.1,0.02,0.168,16.8,False,0,prior prompt read; new turn appended
compaction-input-cache-read-sensitivity,compaction-input-cache-read-sensitivity-sol-baseline,baseline,sol,7,7,main_model_call,0,140000,20000,160000,1000,272000,short,4.0,0.4,5.0,20.0,0.0,0.056,0.1,0.02,0.176,17.6,False,0,prior prompt read; new turn appended
compaction-input-cache-read-sensitivity,compaction-input-cache-read-sensitivity-sol-baseline,baseline,sol,8,8,main_model_call,0,160000,20000,180000,1000,272000,short,4.0,0.4,5.0,20.0,0.0,0.064,0.1,0.02,0.184,18.4,False,0,prior prompt read; new turn appended
compaction-input-cache-read-sensitivity,compaction-input-cache-read-sensitivity-sol-baseline,baseline,sol,9,9,main_model_call,0,180000,20000,200000,1000,272000,short,4.0,0.4,5.0,20.0,0.0,0.072,0.1,0.02,0.192,19.2,False,0,prior prompt read; new turn appended
compaction-input-cache-read-sensitivity,compaction-input-cache-read-sensitivity-sol-baseline,baseline,sol,10,9,compaction,200000,0,0,200000,20000,272000,short,4.0,0.4,5.0,20.0,0.8,0.0,0.0,0.4,1.2,120.0,True,180000,compact before main step 10; input mode=uncached
compaction-input-cache-read-sensitivity,compaction-input-cache-read-sensitivity-sol-baseline,baseline,sol,11,10,main_model_call,0,0,40000,40000,1000,272000,short,4.0,0.4,5.0,20.0,0.0,0.0,0.2,0.02,0.22,22.0,False,0,cold prompt written after start or compaction
compaction-input-cache-read-sensitivity,compaction-input-cache-read-sensitivity-sol-baseline,baseline,sol,12,11,main_model_call,0,40000,20000,60000,1000,272000,short,4.0,0.4,5.0,20.0,0.0,0.016,0.1,0.02,0.136,13.6,False,0,prior prompt read; new turn appended
compaction-input-cache-read-sensitivity,compaction-input-cache-read-sensitivity-sol-baseline,baseline,sol,13,12,main_model_call,0,60000,20000,80000,1000,272000,short,4.0,0.4,5.0,20.0,0.0,0.024,0.1,0.02,0.144,14.4,False,0,prior prompt read; new turn appended
compaction-input-cache-read-sensitivity,compaction-input-cache-read-sensitivity-sol-baseline,baseline,sol,14,13,main_model_call,0,80000,20000,100000,1000,272000,short,4.0,0.4,5.0,20.0,0.0,0.032,0.1,0.02,0.152,15.2,False,0,prior prompt read; new turn appended
compaction-input-cache-read-sensitivity,compaction-input-cache-read-sensitivity-sol-baseline,baseline,sol,15,14,main_model_call,0,100000,20000,120000,1000,272000,short,4.0,0.4,5.0,20.0,0.0,0.04,0.1,0.02,0.16,16.0,False,0,prior prompt read; new turn appended
compaction-input-cache-read-sensitivity,compaction-input-cache-read-sensitivity-sol-baseline,baseline,sol,16,15,main_model_call,0,120000,20000,140000,1000,272000,short,4.0,0.4,5.0,20.0,0.0,0.048,0.1,0.02,0.168,16.8,False,0,prior prompt read; new turn appended
compaction-input-cache-read-sensitivity,compaction-input-cache-read-sensitivity-sol-baseline,baseline,sol,17,16,main_model_call,0,140000,20000,160000,1000,272000,short,4.0,0.4,5.0,20.0,0.0,0.056,0.1,0.02,0.176,17.6,False,0,prior prompt read; new turn appended
compaction-input-cache-read-sensitivity,compaction-input-cache-read-sensitivity-sol-baseline,baseline,sol,18,17,main_model_call,0,160000,20000,180000,1000,272000,short,4.0,0.4,5.0,20.0,0.0,0.064,0.1,0.02,0.184,18.4,False,0,prior prompt read; new turn appended
compaction-input-cache-read-sensitivity,compaction-input-cache-read-sensitivity-sol-baseline,baseline,sol,19,18,main_model_call,0,180000,20000,200000,1000,272000,short,4.0,0.4,5.0,20.0,0.0,0.072,0.1,0.02,0.192,19.2,False,0,prior prompt read; new turn appended
compaction-input-cache-read-sensitivity,compaction-input-cache-read-sensitivity-sol-baseline,baseline,sol,20,18,compaction,200000,0,0,200000,20000,272000,short,4.0,0.4,5.0,20.0,0.8,0.0,0.0,0.4,1.2,120.0,True,180000,compact before main step 19; input mode=uncached
compaction-input-cache-read-sensitivity,compaction-input-cache-read-sensitivity-sol-baseline,baseline,sol,21,19,main_model_call,0,0,40000,40000,1000,272000,short,4.0,0.4,5.0,20.0,0.0,0.0,0.2,0.02,0.22,22.0,False,0,cold prompt written after start or compaction
compaction-input-cache-read-sensitivity,compaction-input-cache-read-sensitivity-sol-baseline,baseline,sol,22,20,main_model_call,0,40000,20000,60000,1000,272000,short,4.0,0.4,5.0,20.0,0.0,0.016,0.1,0.02,0.136,13.6,False,0,prior prompt read; new turn appended
compaction-input-cache-read-sensitivity,compaction-input-cache-read-sensitivity-sol-baseline,baseline,sol,23,21,main_model_call,0,60000,20000,80000,1000,272000,short,4.0,0.4,5.0,20.0,0.0,0.024,0.1,0.02,0.144,14.4,False,0,prior prompt read; new turn appended
compaction-input-cache-read-sensitivity,compaction-input-cache-read-sensitivity-sol-baseline,baseline,sol,24,22,main_model_call,0,80000,20000,100000,1000,272000,short,4.0,0.4,5.0,20.0,0.0,0.032,0.1,0.02,0.152,15.2,False,0,prior prompt read; new turn appended
compaction-input-cache-read-sensitivity,compaction-input-cache-read-sensitivity-sol-baseline,baseline,sol,25,23,main_model_call,0,100000,20000,120000,1000,272000,short,4.0,0.4,5.0,20.0,0.0,0.04,0.1,0.02,0.16,16.0,False,0,prior prompt read; new turn appended
compaction-input-cache-read-sensitivity,compaction-input-cache-read-sensitivity-sol-baseline,baseline,sol,26,24,main_model_call,0,120000,20000,140000,1000,272000,short,4.0,0.4,5.0,20.0,0.0,0.048,0.1,0.02,0.168,16.8,False,0,prior prompt read; new turn appended
compaction-input-cache-read-sensitivity,compaction-input-cache-read-sensitivity-sol-baseline,baseline,sol,27,25,main_model_call,0,140000,20000,160000,1000,272000,short,4.0,0.4,5.0,20.0,0.0,0.056,0.1,0.02,0.176,17.6,False,0,prior prompt read; new turn appended
compaction-input-cache-read-sensitivity,compaction-input-cache-read-sensitivity-sol-baseline,baseline,sol,28,26,main_model_call,0,160000,20000,180000,1000,272000,short,4.0,0.4,5.0,20.0,0.0,0.064,0.1,0.02,0.184,18.4,False,0,prior prompt read; new turn appended
compaction-input-cache-read-sensitivity,compaction-input-cache-read-sensitivity-sol-baseline,baseline,sol,29,27,main_model_call,0,180000,20000,200000,1000,272000,short,4.0,0.4,5.0,20.0,0.0,0.072,0.1,0.02,0.192,19.2,False,0,prior prompt read; new turn appended
compaction-input-cache-read-sensitivity,compaction-input-cache-read-sensitivity-sol-baseline,baseline,sol,30,27,compaction,200000,0,0,200000,20000,272000,short,4.0,0.4,5.0,20.0,0.8,0.0,0.0,0.4,1.2,120.0,True,180000,compact before main step 28; input mode=uncached
compaction-input-cache-read-sensitivity,compaction-input-cache-read-sensitivity-sol-baseline,baseline,sol,31,28,main_model_call,0,0,40000,40000,1000,272000,short,4.0,0.4,5.0,20.0,0.0,0.0,0.2,0.02,0.22,22.0,False,0,cold prompt written after start or compaction
compaction-input-cache-read-sensitivity,compaction-input-cache-read-sensitivity-sol-baseline,baseline,sol,32,29,main_model_call,0,40000,20000,60000,1000,272000,short,4.0,0.4,5.0,20.0,0.0,0.016,0.1,0.02,0.136,13.6,False,0,prior prompt read; new turn appended
compaction-input-cache-read-sensitivity,compaction-input-cache-read-sensitivity-sol-baseline,baseline,sol,33,30,main_model_call,0,60000,20000,80000,1000,272000,short,4.0,0.4,5.0,20.0,0.0,0.024,0.1,0.02,0.144,14.4,False,0,prior prompt read; new turn appended
compaction-input-cache-read-sensitivity,compaction-input-cache-read-sensitivity-sol-baseline,baseline,sol,34,31,main_model_call,0,80000,20000,100000,1000,272000,short,4.0,0.4,5.0,20.0,0.0,0.032,0.1,0.02,0.152,15.2,False,0,prior prompt read; new turn appended
compaction-input-cache-read-sensitivity,compaction-input-cache-read-sensitivity-sol-baseline,baseline,sol,35,32,main_model_call,0,100000,20000,120000,1000,272000,short,4.0,0.4,5.0,20.0,0.0,0.04,0.1,0.02,0.16,16.0,False,0,prior prompt read; new turn appended
compaction-input-cache-read-sensitivity,compaction-input-cache-read-sensitivity-sol-baseline,baseline,sol,36,33,main_model_call,0,120000,20000,140000,1000,272000,short,4.0,0.4,5.0,20.0,0.0,0.048,0.1,0.02,0.168,16.8,False,0,prior prompt read; new turn appended
compaction-input-cache-read-sensitivity,compaction-input-cache-read-sensitivity-sol-baseline,baseline,sol,37,34,main_model_call,0,140000,20000,160000,1000,272000,short,4.0,0.4,5.0,20.0,0.0,0.056,0.1,0.02,0.176,17.6,False,0,prior prompt read; new turn appended
compaction-input-cache-read-sensitivity,compaction-input-cache-read-sensitivity-sol-baseline,baseline,sol,38,35,main_model_call,0,160000,20000,180000,1000,272000,short,4.0,0.4,5.0,20.0,0.0,0.064,0.1,0.02,0.184,18.4,False,0,prior prompt read; new turn appended
compaction-input-cache-read-sensitivity,compaction-input-cache-read-sensitivity-sol-baseline,baseline,sol,39,36,main_model_call,0,180000,20000,200000,1000,272000,short,4.0,0.4,5.0,20.0,0.0,0.072,0.1,0.02,0.192,19.2,False,0,prior prompt read; new turn appended
compaction-input-cache-read-sensitivity,compaction-input-cache-read-sensitivity-sol-baseline,baseline,sol,40,36,compaction,200000,0,0,200000,20000,272000,short,4.0,0.4,5.0,20.0,0.8,0.0,0.0,0.4,1.2,120.0,True,180000,compact before main step 37; input mode=uncached
compaction-input-cache-read-sensitivity,compaction-input-cache-read-sensitivity-sol-baseline,baseline,sol,41,37,main_model_call,0,0,40000,40000,1000,272000,short,4.0,0.4,5.0,20.0,0.0,0.0,0.2,0.02,0.22,22.0,False,0,cold prompt written after start or compaction
compaction-input-cache-read-sensitivity,compaction-input-cache-read-sensitivity-sol-baseline,baseline,sol,42,38,main_model_call,0,40000,20000,60000,1000,272000,short,4.0,0.4,5.0,20.0,0.0,0.016,0.1,0.02,0.136,13.6,False,0,prior prompt read; new turn appended
compaction-input-cache-read-sensitivity,compaction-input-cache-read-sensitivity-sol-baseline,baseline,sol,43,39,main_model_call,0,60000,20000,80000,1000,272000,short,4.0,0.4,5.0,20.0,0.0,0.024,0.1,0.02,0.144,14.4,False,0,prior prompt read; new turn appended
compaction-input-cache-read-sensitivity,compaction-input-cache-read-sensitivity-sol-comparison,comparison,sol,1,1,main_model_call,0,0,40000,40000,1000,272000,short,4.0,0.4,5.0,20.0,0.0,0.0,0.2,0.02,0.22,22.0,False,0,cold prompt written after start or compaction
compaction-input-cache-read-sensitivity,compaction-input-cache-read-sensitivity-sol-comparison,comparison,sol,2,2,main_model_call,0,40000,20000,60000,1000,272000,short,4.0,0.4,5.0,20.0,0.0,0.016,0.1,0.02,0.136,13.6,False,0,prior prompt read; new turn appended
compaction-input-cache-read-sensitivity,compaction-input-cache-read-sensitivity-sol-comparison,comparison,sol,3,3,main_model_call,0,60000,20000,80000,1000,272000,short,4.0,0.4,5.0,20.0,0.0,0.024,0.1,0.02,0.144,14.4,False,0,prior prompt read; new turn appended
compaction-input-cache-read-sensitivity,compaction-input-cache-read-sensitivity-sol-comparison,comparison,sol,4,4,main_model_call,0,80000,20000,100000,1000,272000,short,4.0,0.4,5.0,20.0,0.0,0.032,0.1,0.02,0.152,15.2,False,0,prior prompt read; new turn appended
compaction-input-cache-read-sensitivity,compaction-input-cache-read-sensitivity-sol-comparison,comparison,sol,5,5,main_model_call,0,100000,20000,120000,1000,272000,short,4.0,0.4,5.0,20.0,0.0,0.04,0.1,0.02,0.16,16.0,False,0,prior prompt read; new turn appended
compaction-input-cache-read-sensitivity,compaction-input-cache-read-sensitivity-sol-comparison,comparison,sol,6,6,main_model_call,0,120000,20000,140000,1000,272000,short,4.0,0.4,5.0,20.0,0.0,0.048,0.1,0.02,0.168,16.8,False,0,prior prompt read; new turn appended
compaction-input-cache-read-sensitivity,compaction-input-cache-read-sensitivity-sol-comparison,comparison,sol,7,7,main_model_call,0,140000,20000,160000,1000,272000,short,4.0,0.4,5.0,20.0,0.0,0.056,0.1,0.02,0.176,17.6,False,0,prior prompt read; new turn appended
compaction-input-cache-read-sensitivity,compaction-input-cache-read-sensitivity-sol-comparison,comparison,sol,8,8,main_model_call,0,160000,20000,180000,1000,272000,short,4.0,0.4,5.0,20.0,0.0,0.064,0.1,0.02,0.184,18.4,False,0,prior prompt read; new turn appended
compaction-input-cache-read-sensitivity,compaction-input-cache-read-sensitivity-sol-comparison,comparison,sol,9,9,main_model_call,0,180000,20000,200000,1000,272000,short,4.0,0.4,5.0,20.0,0.0,0.072,0.1,0.02,0.192,19.2,False,0,prior prompt read; new turn appended
compaction-input-cache-read-sensitivity,compaction-input-cache-read-sensitivity-sol-comparison,comparison,sol,10,9,compaction,0,200000,0,200000,20000,272000,short,4.0,0.4,5.0,20.0,0.0,0.08,0.0,0.4,0.48,48.0,True,180000,compact before main step 10; input mode=cache_read
compaction-input-cache-read-sensitivity,compaction-input-cache-read-sensitivity-sol-comparison,comparison,sol,11,10,main_model_call,0,0,40000,40000,1000,272000,short,4.0,0.4,5.0,20.0,0.0,0.0,0.2,0.02,0.22,22.0,False,0,cold prompt written after start or compaction
compaction-input-cache-read-sensitivity,compaction-input-cache-read-sensitivity-sol-comparison,comparison,sol,12,11,main_model_call,0,40000,20000,60000,1000,272000,short,4.0,0.4,5.0,20.0,0.0,0.016,0.1,0.02,0.136,13.6,False,0,prior prompt read; new turn appended
compaction-input-cache-read-sensitivity,compaction-input-cache-read-sensitivity-sol-comparison,comparison,sol,13,12,main_model_call,0,60000,20000,80000,1000,272000,short,4.0,0.4,5.0,20.0,0.0,0.024,0.1,0.02,0.144,14.4,False,0,prior prompt read; new turn appended
compaction-input-cache-read-sensitivity,compaction-input-cache-read-sensitivity-sol-comparison,comparison,sol,14,13,main_model_call,0,80000,20000,100000,1000,272000,short,4.0,0.4,5.0,20.0,0.0,0.032,0.1,0.02,0.152,15.2,False,0,prior prompt read; new turn appended
compaction-input-cache-read-sensitivity,compaction-input-cache-read-sensitivity-sol-comparison,comparison,sol,15,14,main_model_call,0,100000,20000,120000,1000,272000,short,4.0,0.4,5.0,20.0,0.0,0.04,0.1,0.02,0.16,16.0,False,0,prior prompt read; new turn appended
compaction-input-cache-read-sensitivity,compaction-input-cache-read-sensitivity-sol-comparison,comparison,sol,16,15,main_model_call,0,120000,20000,140000,1000,272000,short,4.0,0.4,5.0,20.0,0.0,0.048,0.1,0.02,0.168,16.8,False,0,prior prompt read; new turn appended
compaction-input-cache-read-sensitivity,compaction-input-cache-read-sensitivity-sol-comparison,comparison,sol,17,16,main_model_call,0,140000,20000,160000,1000,272000,short,4.0,0.4,5.0,20.0,0.0,0.056,0.1,0.02,0.176,17.6,False,0,prior prompt read; new turn appended
compaction-input-cache-read-sensitivity,compaction-input-cache-read-sensitivity-sol-comparison,comparison,sol,18,17,main_model_call,0,160000,20000,180000,1000,272000,short,4.0,0.4,5.0,20.0,0.0,0.064,0.1,0.02,0.184,18.4,False,0,prior prompt read; new turn appended
compaction-input-cache-read-sensitivity,compaction-input-cache-read-sensitivity-sol-comparison,comparison,sol,19,18,main_model_call,0,180000,20000,200000,1000,272000,short,4.0,0.4,5.0,20.0,0.0,0.072,0.1,0.02,0.192,19.2,False,0,prior prompt read; new turn appended
compaction-input-cache-read-sensitivity,compaction-input-cache-read-sensitivity-sol-comparison,comparison,sol,20,18,compaction,0,200000,0,200000,20000,272000,short,4.0,0.4,5.0,20.0,0.0,0.08,0.0,0.4,0.48,48.0,True,180000,compact before main step 19; input mode=cache_read
compaction-input-cache-read-sensitivity,compaction-input-cache-read-sensitivity-sol-comparison,comparison,sol,21,19,main_model_call,0,0,40000,40000,1000,272000,short,4.0,0.4,5.0,20.0,0.0,0.0,0.2,0.02,0.22,22.0,False,0,cold prompt written after start or compaction
compaction-input-cache-read-sensitivity,compaction-input-cache-read-sensitivity-sol-comparison,comparison,sol,22,20,main_model_call,0,40000,20000,60000,1000,272000,short,4.0,0.4,5.0,20.0,0.0,0.016,0.1,0.02,0.136,13.6,False,0,prior prompt read; new turn appended
compaction-input-cache-read-sensitivity,compaction-input-cache-read-sensitivity-sol-comparison,comparison,sol,23,21,main_model_call,0,60000,20000,80000,1000,272000,short,4.0,0.4,5.0,20.0,0.0,0.024,0.1,0.02,0.144,14.4,False,0,prior prompt read; new turn appended
compaction-input-cache-read-sensitivity,compaction-input-cache-read-sensitivity-sol-comparison,comparison,sol,24,22,main_model_call,0,80000,20000,100000,1000,272000,short,4.0,0.4,5.0,20.0,0.0,0.032,0.1,0.02,0.152,15.2,False,0,prior prompt read; new turn appended
compaction-input-cache-read-sensitivity,compaction-input-cache-read-sensitivity-sol-comparison,comparison,sol,25,23,main_model_call,0,100000,20000,120000,1000,272000,short,4.0,0.4,5.0,20.0,0.0,0.04,0.1,0.02,0.16,16.0,False,0,prior prompt read; new turn appended
compaction-input-cache-read-sensitivity,compaction-input-cache-read-sensitivity-sol-comparison,comparison,sol,26,24,main_model_call,0,120000,20000,140000,1000,272000,short,4.0,0.4,5.0,20.0,0.0,0.048,0.1,0.02,0.168,16.8,False,0,prior prompt read; new turn appended
compaction-input-cache-read-sensitivity,compaction-input-cache-read-sensitivity-sol-comparison,comparison,sol,27,25,main_model_call,0,140000,20000,160000,1000,272000,short,4.0,0.4,5.0,20.0,0.0,0.056,0.1,0.02,0.176,17.6,False,0,prior prompt read; new turn appended
compaction-input-cache-read-sensitivity,compaction-input-cache-read-sensitivity-sol-comparison,comparison,sol,28,26,main_model_call,0,160000,20000,180000,1000,272000,short,4.0,0.4,5.0,20.0,0.0,0.064,0.1,0.02,0.184,18.4,False,0,prior prompt read; new turn appended
compaction-input-cache-read-sensitivity,compaction-input-cache-read-sensitivity-sol-comparison,comparison,sol,29,27,main_model_call,0,180000,20000,200000,1000,272000,short,4.0,0.4,5.0,20.0,0.0,0.072,0.1,0.02,0.192,19.2,False,0,prior prompt read; new turn appended
compaction-input-cache-read-sensitivity,compaction-input-cache-read-sensitivity-sol-comparison,comparison,sol,30,27,compaction,0,200000,0,200000,20000,272000,short,4.0,0.4,5.0,20.0,0.0,0.08,0.0,0.4,0.48,48.0,True,180000,compact before main step 28; input mode=cache_read
compaction-input-cache-read-sensitivity,compaction-input-cache-read-sensitivity-sol-comparison,comparison,sol,31,28,main_model_call,0,0,40000,40000,1000,272000,short,4.0,0.4,5.0,20.0,0.0,0.0,0.2,0.02,0.22,22.0,False,0,cold prompt written after start or compaction
compaction-input-cache-read-sensitivity,compaction-input-cache-read-sensitivity-sol-comparison,comparison,sol,32,29,main_model_call,0,40000,20000,60000,1000,272000,short,4.0,0.4,5.0,20.0,0.0,0.016,0.1,0.02,0.136,13.6,False,0,prior prompt read; new turn appended
compaction-input-cache-read-sensitivity,compaction-input-cache-read-sensitivity-sol-comparison,comparison,sol,33,30,main_model_call,0,60000,20000,80000,1000,272000,short,4.0,0.4,5.0,20.0,0.0,0.024,0.1,0.02,0.144,14.4,False,0,prior prompt read; new turn appended
compaction-input-cache-read-sensitivity,compaction-input-cache-read-sensitivity-sol-comparison,comparison,sol,34,31,main_model_call,0,80000,20000,100000,1000,272000,short,4.0,0.4,5.0,20.0,0.0,0.032,0.1,0.02,0.152,15.2,False,0,prior prompt read; new turn appended
compaction-input-cache-read-sensitivity,compaction-input-cache-read-sensitivity-sol-comparison,comparison,sol,35,32,main_model_call,0,100000,20000,120000,1000,272000,short,4.0,0.4,5.0,20.0,0.0,0.04,0.1,0.02,0.16,16.0,False,0,prior prompt read; new turn appended
compaction-input-cache-read-sensitivity,compaction-input-cache-read-sensitivity-sol-comparison,comparison,sol,36,33,main_model_call,0,120000,20000,140000,1000,272000,short,4.0,0.4,5.0,20.0,0.0,0.048,0.1,0.02,0.168,16.8,False,0,prior prompt read; new turn appended
compaction-input-cache-read-sensitivity,compaction-input-cache-read-sensitivity-sol-comparison,comparison,sol,37,34,main_model_call,0,140000,20000,160000,1000,272000,short,4.0,0.4,5.0,20.0,0.0,0.056,0.1,0.02,0.176,17.6,False,0,prior prompt read; new turn appended
compaction-input-cache-read-sensitivity,compaction-input-cache-read-sensitivity-sol-comparison,comparison,sol,38,35,main_model_call,0,160000,20000,180000,1000,272000,short,4.0,0.4,5.0,20.0,0.0,0.064,0.1,0.02,0.184,18.4,False,0,prior prompt read; new turn appended
compaction-input-cache-read-sensitivity,compaction-input-cache-read-sensitivity-sol-comparison,comparison,sol,39,36,main_model_call,0,180000,20000,200000,1000,272000,short,4.0,0.4,5.0,20.0,0.0,0.072,0.1,0.02,0.192,19.2,False,0,prior prompt read; new turn appended
compaction-input-cache-read-sensitivity,compaction-input-cache-read-sensitivity-sol-comparison,comparison,sol,40,36,compaction,0,200000,0,200000,20000,272000,short,4.0,0.4,5.0,20.0,0.0,0.08,0.0,0.4,0.48,48.0,True,180000,compact before main step 37; input mode=cache_read
compaction-input-cache-read-sensitivity,compaction-input-cache-read-sensitivity-sol-comparison,comparison,sol,41,37,main_model_call,0,0,40000,40000,1000,272000,short,4.0,0.4,5.0,20.0,0.0,0.0,0.2,0.02,0.22,22.0,False,0,cold prompt written after start or compaction
compaction-input-cache-read-sensitivity,compaction-input-cache-read-sensitivity-sol-comparison,comparison,sol,42,38,main_model_call,0,40000,20000,60000,1000,272000,short,4.0,0.4,5.0,20.0,0.0,0.016,0.1,0.02,0.136,13.6,False,0,prior prompt read; new turn appended
compaction-input-cache-read-sensitivity,compaction-input-cache-read-sensitivity-sol-comparison,comparison,sol,43,39,main_model_call,0,60000,20000,80000,1000,272000,short,4.0,0.4,5.0,20.0,0.0,0.024,0.1,0.02,0.144,14.4,False,0,prior prompt read; new turn appended
compaction-input-cache-write-sensitivity,compaction-input-cache-write-sensitivity-luna-baseline,baseline,luna,1,1,main_model_call,0,0,40000,40000,1000,200000,short,0.2,0.02,0.25,1.2,0.0,0.0,0.01,0.0012,0.0112,1.12,False,0,cold prompt written after start or compaction
compaction-input-cache-write-sensitivity,compaction-input-cache-write-sensitivity-luna-baseline,baseline,luna,2,2,main_model_call,0,40000,20000,60000,1000,200000,short,0.2,0.02,0.25,1.2,0.0,0.0008,0.005,0.0012,0.007,0.7,False,0,prior prompt read; new turn appended
compaction-input-cache-write-sensitivity,compaction-input-cache-write-sensitivity-luna-baseline,baseline,luna,3,3,main_model_call,0,60000,20000,80000,1000,200000,short,0.2,0.02,0.25,1.2,0.0,0.0012,0.005,0.0012,0.0074,0.74,False,0,prior prompt read; new turn appended
compaction-input-cache-write-sensitivity,compaction-input-cache-write-sensitivity-luna-baseline,baseline,luna,4,4,main_model_call,0,80000,20000,100000,1000,200000,short,0.2,0.02,0.25,1.2,0.0,0.0016,0.005,0.0012,0.0078,0.78,False,0,prior prompt read; new turn appended
compaction-input-cache-write-sensitivity,compaction-input-cache-write-sensitivity-luna-baseline,baseline,luna,5,5,main_model_call,0,100000,20000,120000,1000,200000,short,0.2,0.02,0.25,1.2,0.0,0.002,0.005,0.0012,0.0082,0.82,False,0,prior prompt read; new turn appended
compaction-input-cache-write-sensitivity,compaction-input-cache-write-sensitivity-luna-baseline,baseline,luna,6,6,main_model_call,0,120000,20000,140000,1000,200000,short,0.2,0.02,0.25,1.2,0.0,0.0024,0.005,0.0012,0.0086,0.86,False,0,prior prompt read; new turn appended
compaction-input-cache-write-sensitivity,compaction-input-cache-write-sensitivity-luna-baseline,baseline,luna,7,7,main_model_call,0,140000,20000,160000,1000,200000,short,0.2,0.02,0.25,1.2,0.0,0.0028,0.005,0.0012,0.009,0.9,False,0,prior prompt read; new turn appended
compaction-input-cache-write-sensitivity,compaction-input-cache-write-sensitivity-luna-baseline,baseline,luna,8,8,main_model_call,0,160000,20000,180000,1000,200000,short,0.2,0.02,0.25,1.2,0.0,0.0032,0.005,0.0012,0.0094,0.94,False,0,prior prompt read; new turn appended
compaction-input-cache-write-sensitivity,compaction-input-cache-write-sensitivity-luna-baseline,baseline,luna,9,9,main_model_call,0,180000,20000,200000,1000,200000,short,0.2,0.02,0.25,1.2,0.0,0.0036,0.005,0.0012,0.0098,0.98,False,0,prior prompt read; new turn appended
compaction-input-cache-write-sensitivity,compaction-input-cache-write-sensitivity-luna-baseline,baseline,luna,10,9,compaction,200000,0,0,200000,20000,200000,short,0.2,0.02,0.25,1.2,0.04,0.0,0.0,0.024,0.064,6.4,True,180000,compact before main step 10; input mode=uncached
compaction-input-cache-write-sensitivity,compaction-input-cache-write-sensitivity-luna-baseline,baseline,luna,11,10,main_model_call,0,0,40000,40000,1000,200000,short,0.2,0.02,0.25,1.2,0.0,0.0,0.01,0.0012,0.0112,1.12,False,0,cold prompt written after start or compaction
compaction-input-cache-write-sensitivity,compaction-input-cache-write-sensitivity-luna-baseline,baseline,luna,12,11,main_model_call,0,40000,20000,60000,1000,200000,short,0.2,0.02,0.25,1.2,0.0,0.0008,0.005,0.0012,0.007,0.7,False,0,prior prompt read; new turn appended
compaction-input-cache-write-sensitivity,compaction-input-cache-write-sensitivity-luna-baseline,baseline,luna,13,12,main_model_call,0,60000,20000,80000,1000,200000,short,0.2,0.02,0.25,1.2,0.0,0.0012,0.005,0.0012,0.0074,0.74,False,0,prior prompt read; new turn appended
compaction-input-cache-write-sensitivity,compaction-input-cache-write-sensitivity-luna-baseline,baseline,luna,14,13,main_model_call,0,80000,20000,100000,1000,200000,short,0.2,0.02,0.25,1.2,0.0,0.0016,0.005,0.0012,0.0078,0.78,False,0,prior prompt read; new turn appended
compaction-input-cache-write-sensitivity,compaction-input-cache-write-sensitivity-luna-baseline,baseline,luna,15,14,main_model_call,0,100000,20000,120000,1000,200000,short,0.2,0.02,0.25,1.2,0.0,0.002,0.005,0.0012,0.0082,0.82,False,0,prior prompt read; new turn appended
compaction-input-cache-write-sensitivity,compaction-input-cache-write-sensitivity-luna-baseline,baseline,luna,16,15,main_model_call,0,120000,20000,140000,1000,200000,short,0.2,0.02,0.25,1.2,0.0,0.0024,0.005,0.0012,0.0086,0.86,False,0,prior prompt read; new turn appended
compaction-input-cache-write-sensitivity,compaction-input-cache-write-sensitivity-luna-baseline,baseline,luna,17,16,main_model_call,0,140000,20000,160000,1000,200000,short,0.2,0.02,0.25,1.2,0.0,0.0028,0.005,0.0012,0.009,0.9,False,0,prior prompt read; new turn appended
compaction-input-cache-write-sensitivity,compaction-input-cache-write-sensitivity-luna-baseline,baseline,luna,18,17,main_model_call,0,160000,20000,180000,1000,200000,short,0.2,0.02,0.25,1.2,0.0,0.0032,0.005,0.0012,0.0094,0.94,False,0,prior prompt read; new turn appended
compaction-input-cache-write-sensitivity,compaction-input-cache-write-sensitivity-luna-baseline,baseline,luna,19,18,main_model_call,0,180000,20000,200000,1000,200000,short,0.2,0.02,0.25,1.2,0.0,0.0036,0.005,0.0012,0.0098,0.98,False,0,prior prompt read; new turn appended
compaction-input-cache-write-sensitivity,compaction-input-cache-write-sensitivity-luna-baseline,baseline,luna,20,18,compaction,200000,0,0,200000,20000,200000,short,0.2,0.02,0.25,1.2,0.04,0.0,0.0,0.024,0.064,6.4,True,180000,compact before main step 19; input mode=uncached
compaction-input-cache-write-sensitivity,compaction-input-cache-write-sensitivity-luna-baseline,baseline,luna,21,19,main_model_call,0,0,40000,40000,1000,200000,short,0.2,0.02,0.25,1.2,0.0,0.0,0.01,0.0012,0.0112,1.12,False,0,cold prompt written after start or compaction
compaction-input-cache-write-sensitivity,compaction-input-cache-write-sensitivity-luna-baseline,baseline,luna,22,20,main_model_call,0,40000,20000,60000,1000,200000,short,0.2,0.02,0.25,1.2,0.0,0.0008,0.005,0.0012,0.007,0.7,False,0,prior prompt read; new turn appended
compaction-input-cache-write-sensitivity,compaction-input-cache-write-sensitivity-luna-baseline,baseline,luna,23,21,main_model_call,0,60000,20000,80000,1000,200000,short,0.2,0.02,0.25,1.2,0.0,0.0012,0.005,0.0012,0.0074,0.74,False,0,prior prompt read; new turn appended
compaction-input-cache-write-sensitivity,compaction-input-cache-write-sensitivity-luna-baseline,baseline,luna,24,22,main_model_call,0,80000,20000,100000,1000,200000,short,0.2,0.02,0.25,1.2,0.0,0.0016,0.005,0.0012,0.0078,0.78,False,0,prior prompt read; new turn appended
compaction-input-cache-write-sensitivity,compaction-input-cache-write-sensitivity-luna-baseline,baseline,luna,25,23,main_model_call,0,100000,20000,120000,1000,200000,short,0.2,0.02,0.25,1.2,0.0,0.002,0.005,0.0012,0.0082,0.82,False,0,prior prompt read; new turn appended
compaction-input-cache-write-sensitivity,compaction-input-cache-write-sensitivity-luna-baseline,baseline,luna,26,24,main_model_call,0,120000,20000,140000,1000,200000,short,0.2,0.02,0.25,1.2,0.0,0.0024,0.005,0.0012,0.0086,0.86,False,0,prior prompt read; new turn appended
compaction-input-cache-write-sensitivity,compaction-input-cache-write-sensitivity-luna-baseline,baseline,luna,27,25,main_model_call,0,140000,20000,160000,1000,200000,short,0.2,0.02,0.25,1.2,0.0,0.0028,0.005,0.0012,0.009,0.9,False,0,prior prompt read; new turn appended
compaction-input-cache-write-sensitivity,compaction-input-cache-write-sensitivity-luna-baseline,baseline,luna,28,26,main_model_call,0,160000,20000,180000,1000,200000,short,0.2,0.02,0.25,1.2,0.0,0.0032,0.005,0.0012,0.0094,0.94,False,0,prior prompt read; new turn appended
compaction-input-cache-write-sensitivity,compaction-input-cache-write-sensitivity-luna-baseline,baseline,luna,29,27,main_model_call,0,180000,20000,200000,1000,200000,short,0.2,0.02,0.25,1.2,0.0,0.0036,0.005,0.0012,0.0098,0.98,False,0,prior prompt read; new turn appended
compaction-input-cache-write-sensitivity,compaction-input-cache-write-sensitivity-luna-baseline,baseline,luna,30,27,compaction,200000,0,0,200000,20000,200000,short,0.2,0.02,0.25,1.2,0.04,0.0,0.0,0.024,0.064,6.4,True,180000,compact before main step 28; input mode=uncached
compaction-input-cache-write-sensitivity,compaction-input-cache-write-sensitivity-luna-baseline,baseline,luna,31,28,main_model_call,0,0,40000,40000,1000,200000,short,0.2,0.02,0.25,1.2,0.0,0.0,0.01,0.0012,0.0112,1.12,False,0,cold prompt written after start or compaction
compaction-input-cache-write-sensitivity,compaction-input-cache-write-sensitivity-luna-baseline,baseline,luna,32,29,main_model_call,0,40000,20000,60000,1000,200000,short,0.2,0.02,0.25,1.2,0.0,0.0008,0.005,0.0012,0.007,0.7,False,0,prior prompt read; new turn appended
compaction-input-cache-write-sensitivity,compaction-input-cache-write-sensitivity-luna-baseline,baseline,luna,33,30,main_model_call,0,60000,20000,80000,1000,200000,short,0.2,0.02,0.25,1.2,0.0,0.0012,0.005,0.0012,0.0074,0.74,False,0,prior prompt read; new turn appended
compaction-input-cache-write-sensitivity,compaction-input-cache-write-sensitivity-luna-baseline,baseline,luna,34,31,main_model_call,0,80000,20000,100000,1000,200000,short,0.2,0.02,0.25,1.2,0.0,0.0016,0.005,0.0012,0.0078,0.78,False,0,prior prompt read; new turn appended
compaction-input-cache-write-sensitivity,compaction-input-cache-write-sensitivity-luna-baseline,baseline,luna,35,32,main_model_call,0,100000,20000,120000,1000,200000,short,0.2,0.02,0.25,1.2,0.0,0.002,0.005,0.0012,0.0082,0.82,False,0,prior prompt read; new turn appended
compaction-input-cache-write-sensitivity,compaction-input-cache-write-sensitivity-luna-baseline,baseline,luna,36,33,main_model_call,0,120000,20000,140000,1000,200000,short,0.2,0.02,0.25,1.2,0.0,0.0024,0.005,0.0012,0.0086,0.86,False,0,prior prompt read; new turn appended
compaction-input-cache-write-sensitivity,compaction-input-cache-write-sensitivity-luna-baseline,baseline,luna,37,34,main_model_call,0,140000,20000,160000,1000,200000,short,0.2,0.02,0.25,1.2,0.0,0.0028,0.005,0.0012,0.009,0.9,False,0,prior prompt read; new turn appended
compaction-input-cache-write-sensitivity,compaction-input-cache-write-sensitivity-luna-baseline,baseline,luna,38,35,main_model_call,0,160000,20000,180000,1000,200000,short,0.2,0.02,0.25,1.2,0.0,0.0032,0.005,0.0012,0.0094,0.94,False,0,prior prompt read; new turn appended
compaction-input-cache-write-sensitivity,compaction-input-cache-write-sensitivity-luna-baseline,baseline,luna,39,36,main_model_call,0,180000,20000,200000,1000,200000,short,0.2,0.02,0.25,1.2,0.0,0.0036,0.005,0.0012,0.0098,0.98,False,0,prior prompt read; new turn appended
compaction-input-cache-write-sensitivity,compaction-input-cache-write-sensitivity-luna-baseline,baseline,luna,40,36,compaction,200000,0,0,200000,20000,200000,short,0.2,0.02,0.25,1.2,0.04,0.0,0.0,0.024,0.064,6.4,True,180000,compact before main step 37; input mode=uncached
compaction-input-cache-write-sensitivity,compaction-input-cache-write-sensitivity-luna-baseline,baseline,luna,41,37,main_model_call,0,0,40000,40000,1000,200000,short,0.2,0.02,0.25,1.2,0.0,0.0,0.01,0.0012,0.0112,1.12,False,0,cold prompt written after start or compaction
compaction-input-cache-write-sensitivity,compaction-input-cache-write-sensitivity-luna-baseline,baseline,luna,42,38,main_model_call,0,40000,20000,60000,1000,200000,short,0.2,0.02,0.25,1.2,0.0,0.0008,0.005,0.0012,0.007,0.7,False,0,prior prompt read; new turn appended
compaction-input-cache-write-sensitivity,compaction-input-cache-write-sensitivity-luna-baseline,baseline,luna,43,39,main_model_call,0,60000,20000,80000,1000,200000,short,0.2,0.02,0.25,1.2,0.0,0.0012,0.005,0.0012,0.0074,0.74,False,0,prior prompt read; new turn appended
compaction-input-cache-write-sensitivity,compaction-input-cache-write-sensitivity-luna-comparison,comparison,luna,1,1,main_model_call,0,0,40000,40000,1000,200000,short,0.2,0.02,0.25,1.2,0.0,0.0,0.01,0.0012,0.0112,1.12,False,0,cold prompt written after start or compaction
compaction-input-cache-write-sensitivity,compaction-input-cache-write-sensitivity-luna-comparison,comparison,luna,2,2,main_model_call,0,40000,20000,60000,1000,200000,short,0.2,0.02,0.25,1.2,0.0,0.0008,0.005,0.0012,0.007,0.7,False,0,prior prompt read; new turn appended
compaction-input-cache-write-sensitivity,compaction-input-cache-write-sensitivity-luna-comparison,comparison,luna,3,3,main_model_call,0,60000,20000,80000,1000,200000,short,0.2,0.02,0.25,1.2,0.0,0.0012,0.005,0.0012,0.0074,0.74,False,0,prior prompt read; new turn appended
compaction-input-cache-write-sensitivity,compaction-input-cache-write-sensitivity-luna-comparison,comparison,luna,4,4,main_model_call,0,80000,20000,100000,1000,200000,short,0.2,0.02,0.25,1.2,0.0,0.0016,0.005,0.0012,0.0078,0.78,False,0,prior prompt read; new turn appended
compaction-input-cache-write-sensitivity,compaction-input-cache-write-sensitivity-luna-comparison,comparison,luna,5,5,main_model_call,0,100000,20000,120000,1000,200000,short,0.2,0.02,0.25,1.2,0.0,0.002,0.005,0.0012,0.0082,0.82,False,0,prior prompt read; new turn appended
compaction-input-cache-write-sensitivity,compaction-input-cache-write-sensitivity-luna-comparison,comparison,luna,6,6,main_model_call,0,120000,20000,140000,1000,200000,short,0.2,0.02,0.25,1.2,0.0,0.0024,0.005,0.0012,0.0086,0.86,False,0,prior prompt read; new turn appended
compaction-input-cache-write-sensitivity,compaction-input-cache-write-sensitivity-luna-comparison,comparison,luna,7,7,main_model_call,0,140000,20000,160000,1000,200000,short,0.2,0.02,0.25,1.2,0.0,0.0028,0.005,0.0012,0.009,0.9,False,0,prior prompt read; new turn appended
compaction-input-cache-write-sensitivity,compaction-input-cache-write-sensitivity-luna-comparison,comparison,luna,8,8,main_model_call,0,160000,20000,180000,1000,200000,short,0.2,0.02,0.25,1.2,0.0,0.0032,0.005,0.0012,0.0094,0.94,False,0,prior prompt read; new turn appended
compaction-input-cache-write-sensitivity,compaction-input-cache-write-sensitivity-luna-comparison,comparison,luna,9,9,main_model_call,0,180000,20000,200000,1000,200000,short,0.2,0.02,0.25,1.2,0.0,0.0036,0.005,0.0012,0.0098,0.98,False,0,prior prompt read; new turn appended
compaction-input-cache-write-sensitivity,compaction-input-cache-write-sensitivity-luna-comparison,comparison,luna,10,9,compaction,0,0,200000,200000,20000,200000,short,0.2,0.02,0.25,1.2,0.0,0.0,0.05,0.024,0.074,7.4,True,180000,compact before main step 10; input mode=cache_write
compaction-input-cache-write-sensitivity,compaction-input-cache-write-sensitivity-luna-comparison,comparison,luna,11,10,main_model_call,0,0,40000,40000,1000,200000,short,0.2,0.02,0.25,1.2,0.0,0.0,0.01,0.0012,0.0112,1.12,False,0,cold prompt written after start or compaction
compaction-input-cache-write-sensitivity,compaction-input-cache-write-sensitivity-luna-comparison,comparison,luna,12,11,main_model_call,0,40000,20000,60000,1000,200000,short,0.2,0.02,0.25,1.2,0.0,0.0008,0.005,0.0012,0.007,0.7,False,0,prior prompt read; new turn appended
compaction-input-cache-write-sensitivity,compaction-input-cache-write-sensitivity-luna-comparison,comparison,luna,13,12,main_model_call,0,60000,20000,80000,1000,200000,short,0.2,0.02,0.25,1.2,0.0,0.0012,0.005,0.0012,0.0074,0.74,False,0,prior prompt read; new turn appended
compaction-input-cache-write-sensitivity,compaction-input-cache-write-sensitivity-luna-comparison,comparison,luna,14,13,main_model_call,0,80000,20000,100000,1000,200000,short,0.2,0.02,0.25,1.2,0.0,0.0016,0.005,0.0012,0.0078,0.78,False,0,prior prompt read; new turn appended
compaction-input-cache-write-sensitivity,compaction-input-cache-write-sensitivity-luna-comparison,comparison,luna,15,14,main_model_call,0,100000,20000,120000,1000,200000,short,0.2,0.02,0.25,1.2,0.0,0.002,0.005,0.0012,0.0082,0.82,False,0,prior prompt read; new turn appended
compaction-input-cache-write-sensitivity,compaction-input-cache-write-sensitivity-luna-comparison,comparison,luna,16,15,main_model_call,0,120000,20000,140000,1000,200000,short,0.2,0.02,0.25,1.2,0.0,0.0024,0.005,0.0012,0.0086,0.86,False,0,prior prompt read; new turn appended
compaction-input-cache-write-sensitivity,compaction-input-cache-write-sensitivity-luna-comparison,comparison,luna,17,16,main_model_call,0,140000,20000,160000,1000,200000,short,0.2,0.02,0.25,1.2,0.0,0.0028,0.005,0.0012,0.009,0.9,False,0,prior prompt read; new turn appended
compaction-input-cache-write-sensitivity,compaction-input-cache-write-sensitivity-luna-comparison,comparison,luna,18,17,main_model_call,0,160000,20000,180000,1000,200000,short,0.2,0.02,0.25,1.2,0.0,0.0032,0.005,0.0012,0.0094,0.94,False,0,prior prompt read; new turn appended
compaction-input-cache-write-sensitivity,compaction-input-cache-write-sensitivity-luna-comparison,comparison,luna,19,18,main_model_call,0,180000,20000,200000,1000,200000,short,0.2,0.02,0.25,1.2,0.0,0.0036,0.005,0.0012,0.0098,0.98,False,0,prior prompt read; new turn appended
compaction-input-cache-write-sensitivity,compaction-input-cache-write-sensitivity-luna-comparison,comparison,luna,20,18,compaction,0,0,200000,200000,20000,200000,short,0.2,0.02,0.25,1.2,0.0,0.0,0.05,0.024,0.074,7.4,True,180000,compact before main step 19; input mode=cache_write
compaction-input-cache-write-sensitivity,compaction-input-cache-write-sensitivity-luna-comparison,comparison,luna,21,19,main_model_call,0,0,40000,40000,1000,200000,short,0.2,0.02,0.25,1.2,0.0,0.0,0.01,0.0012,0.0112,1.12,False,0,cold prompt written after start or compaction
compaction-input-cache-write-sensitivity,compaction-input-cache-write-sensitivity-luna-comparison,comparison,luna,22,20,main_model_call,0,40000,20000,60000,1000,200000,short,0.2,0.02,0.25,1.2,0.0,0.0008,0.005,0.0012,0.007,0.7,False,0,prior prompt read; new turn appended
compaction-input-cache-write-sensitivity,compaction-input-cache-write-sensitivity-luna-comparison,comparison,luna,23,21,main_model_call,0,60000,20000,80000,1000,200000,short,0.2,0.02,0.25,1.2,0.0,0.0012,0.005,0.0012,0.0074,0.74,False,0,prior prompt read; new turn appended
compaction-input-cache-write-sensitivity,compaction-input-cache-write-sensitivity-luna-comparison,comparison,luna,24,22,main_model_call,0,80000,20000,100000,1000,200000,short,0.2,0.02,0.25,1.2,0.0,0.0016,0.005,0.0012,0.0078,0.78,False,0,prior prompt read; new turn appended
compaction-input-cache-write-sensitivity,compaction-input-cache-write-sensitivity-luna-comparison,comparison,luna,25,23,main_model_call,0,100000,20000,120000,1000,200000,short,0.2,0.02,0.25,1.2,0.0,0.002,0.005,0.0012,0.0082,0.82,False,0,prior prompt read; new turn appended
compaction-input-cache-write-sensitivity,compaction-input-cache-write-sensitivity-luna-comparison,comparison,luna,26,24,main_model_call,0,120000,20000,140000,1000,200000,short,0.2,0.02,0.25,1.2,0.0,0.0024,0.005,0.0012,0.0086,0.86,False,0,prior prompt read; new turn appended
compaction-input-cache-write-sensitivity,compaction-input-cache-write-sensitivity-luna-comparison,comparison,luna,27,25,main_model_call,0,140000,20000,160000,1000,200000,short,0.2,0.02,0.25,1.2,0.0,0.0028,0.005,0.0012,0.009,0.9,False,0,prior prompt read; new turn appended
compaction-input-cache-write-sensitivity,compaction-input-cache-write-sensitivity-luna-comparison,comparison,luna,28,26,main_model_call,0,160000,20000,180000,1000,200000,short,0.2,0.02,0.25,1.2,0.0,0.0032,0.005,0.0012,0.0094,0.94,False,0,prior prompt read; new turn appended
compaction-input-cache-write-sensitivity,compaction-input-cache-write-sensitivity-luna-comparison,comparison,luna,29,27,main_model_call,0,180000,20000,200000,1000,200000,short,0.2,0.02,0.25,1.2,0.0,0.0036,0.005,0.0012,0.0098,0.98,False,0,prior prompt read; new turn appended
compaction-input-cache-write-sensitivity,compaction-input-cache-write-sensitivity-luna-comparison,comparison,luna,30,27,compaction,0,0,200000,200000,20000,200000,short,0.2,0.02,0.25,1.2,0.0,0.0,0.05,0.024,0.074,7.4,True,180000,compact before main step 28; input mode=cache_write
compaction-input-cache-write-sensitivity,compaction-input-cache-write-sensitivity-luna-comparison,comparison,luna,31,28,main_model_call,0,0,40000,40000,1000,200000,short,0.2,0.02,0.25,1.2,0.0,0.0,0.01,0.0012,0.0112,1.12,False,0,cold prompt written after start or compaction
compaction-input-cache-write-sensitivity,compaction-input-cache-write-sensitivity-luna-comparison,comparison,luna,32,29,main_model_call,0,40000,20000,60000,1000,200000,short,0.2,0.02,0.25,1.2,0.0,0.0008,0.005,0.0012,0.007,0.7,False,0,prior prompt read; new turn appended
compaction-input-cache-write-sensitivity,compaction-input-cache-write-sensitivity-luna-comparison,comparison,luna,33,30,main_model_call,0,60000,20000,80000,1000,200000,short,0.2,0.02,0.25,1.2,0.0,0.0012,0.005,0.0012,0.0074,0.74,False,0,prior prompt read; new turn appended
compaction-input-cache-write-sensitivity,compaction-input-cache-write-sensitivity-luna-comparison,comparison,luna,34,31,main_model_call,0,80000,20000,100000,1000,200000,short,0.2,0.02,0.25,1.2,0.0,0.0016,0.005,0.0012,0.0078,0.78,False,0,prior prompt read; new turn appended
compaction-input-cache-write-sensitivity,compaction-input-cache-write-sensitivity-luna-comparison,comparison,luna,35,32,main_model_call,0,100000,20000,120000,1000,200000,short,0.2,0.02,0.25,1.2,0.0,0.002,0.005,0.0012,0.0082,0.82,False,0,prior prompt read; new turn appended
compaction-input-cache-write-sensitivity,compaction-input-cache-write-sensitivity-luna-comparison,comparison,luna,36,33,main_model_call,0,120000,20000,140000,1000,200000,short,0.2,0.02,0.25,1.2,0.0,0.0024,0.005,0.0012,0.0086,0.86,False,0,prior prompt read; new turn appended
compaction-input-cache-write-sensitivity,compaction-input-cache-write-sensitivity-luna-comparison,comparison,luna,37,34,main_model_call,0,140000,20000,160000,1000,200000,short,0.2,0.02,0.25,1.2,0.0,0.0028,0.005,0.0012,0.009,0.9,False,0,prior prompt read; new turn appended
compaction-input-cache-write-sensitivity,compaction-input-cache-write-sensitivity-luna-comparison,comparison,luna,38,35,main_model_call,0,160000,20000,180000,1000,200000,short,0.2,0.02,0.25,1.2,0.0,0.0032,0.005,0.0012,0.0094,0.94,False,0,prior prompt read; new turn appended
compaction-input-cache-write-sensitivity,compaction-input-cache-write-sensitivity-luna-comparison,comparison,luna,39,36,main_model_call,0,180000,20000,200000,1000,200000,short,0.2,0.02,0.25,1.2,0.0,0.0036,0.005,0.0012,0.0098,0.98,False,0,prior prompt read; new turn appended
compaction-input-cache-write-sensitivity,compaction-input-cache-write-sensitivity-luna-comparison,comparison,luna,40,36,compaction,0,0,200000,200000,20000,200000,short,0.2,0.02,0.25,1.2,0.0,0.0,0.05,0.024,0.074,7.4,True,180000,compact before main step 37; input mode=cache_write
compaction-input-cache-write-sensitivity,compaction-input-cache-write-sensitivity-luna-comparison,comparison,luna,41,37,main_model_call,0,0,40000,40000,1000,200000,short,0.2,0.02,0.25,1.2,0.0,0.0,0.01,0.0012,0.0112,1.12,False,0,cold prompt written after start or compaction
compaction-input-cache-write-sensitivity,compaction-input-cache-write-sensitivity-luna-comparison,comparison,luna,42,38,main_model_call,0,40000,20000,60000,1000,200000,short,0.2,0.02,0.25,1.2,0.0,0.0008,0.005,0.0012,0.007,0.7,False,0,prior prompt read; new turn appended
compaction-input-cache-write-sensitivity,compaction-input-cache-write-sensitivity-luna-comparison,comparison,luna,43,39,main_model_call,0,60000,20000,80000,1000,200000,short,0.2,0.02,0.25,1.2,0.0,0.0012,0.005,0.0012,0.0074,0.74,False,0,prior prompt read; new turn appended
compaction-input-cache-write-sensitivity,compaction-input-cache-write-sensitivity-terra-baseline,baseline,terra,1,1,main_model_call,0,0,40000,40000,1000,272000,short,2.0,0.2,2.5,12.0,0.0,0.0,0.1,0.012,0.112,11.2,False,0,cold prompt written after start or compaction
compaction-input-cache-write-sensitivity,compaction-input-cache-write-sensitivity-terra-baseline,baseline,terra,2,2,main_model_call,0,40000,20000,60000,1000,272000,short,2.0,0.2,2.5,12.0,0.0,0.008,0.05,0.012,0.07,7.0,False,0,prior prompt read; new turn appended
compaction-input-cache-write-sensitivity,compaction-input-cache-write-sensitivity-terra-baseline,baseline,terra,3,3,main_model_call,0,60000,20000,80000,1000,272000,short,2.0,0.2,2.5,12.0,0.0,0.012,0.05,0.012,0.074,7.4,False,0,prior prompt read; new turn appended
compaction-input-cache-write-sensitivity,compaction-input-cache-write-sensitivity-terra-baseline,baseline,terra,4,4,main_model_call,0,80000,20000,100000,1000,272000,short,2.0,0.2,2.5,12.0,0.0,0.016,0.05,0.012,0.078,7.8,False,0,prior prompt read; new turn appended
compaction-input-cache-write-sensitivity,compaction-input-cache-write-sensitivity-terra-baseline,baseline,terra,5,5,main_model_call,0,100000,20000,120000,1000,272000,short,2.0,0.2,2.5,12.0,0.0,0.02,0.05,0.012,0.082,8.2,False,0,prior prompt read; new turn appended
compaction-input-cache-write-sensitivity,compaction-input-cache-write-sensitivity-terra-baseline,baseline,terra,6,6,main_model_call,0,120000,20000,140000,1000,272000,short,2.0,0.2,2.5,12.0,0.0,0.024,0.05,0.012,0.086,8.6,False,0,prior prompt read; new turn appended
compaction-input-cache-write-sensitivity,compaction-input-cache-write-sensitivity-terra-baseline,baseline,terra,7,7,main_model_call,0,140000,20000,160000,1000,272000,short,2.0,0.2,2.5,12.0,0.0,0.028,0.05,0.012,0.09,9.0,False,0,prior prompt read; new turn appended
compaction-input-cache-write-sensitivity,compaction-input-cache-write-sensitivity-terra-baseline,baseline,terra,8,8,main_model_call,0,160000,20000,180000,1000,272000,short,2.0,0.2,2.5,12.0,0.0,0.032,0.05,0.012,0.094,9.4,False,0,prior prompt read; new turn appended
compaction-input-cache-write-sensitivity,compaction-input-cache-write-sensitivity-terra-baseline,baseline,terra,9,9,main_model_call,0,180000,20000,200000,1000,272000,short,2.0,0.2,2.5,12.0,0.0,0.036,0.05,0.012,0.098,9.8,False,0,prior prompt read; new turn appended
compaction-input-cache-write-sensitivity,compaction-input-cache-write-sensitivity-terra-baseline,baseline,terra,10,9,compaction,200000,0,0,200000,20000,272000,short,2.0,0.2,2.5,12.0,0.4,0.0,0.0,0.24,0.64,64.0,True,180000,compact before main step 10; input mode=uncached
compaction-input-cache-write-sensitivity,compaction-input-cache-write-sensitivity-terra-baseline,baseline,terra,11,10,main_model_call,0,0,40000,40000,1000,272000,short,2.0,0.2,2.5,12.0,0.0,0.0,0.1,0.012,0.112,11.2,False,0,cold prompt written after start or compaction
compaction-input-cache-write-sensitivity,compaction-input-cache-write-sensitivity-terra-baseline,baseline,terra,12,11,main_model_call,0,40000,20000,60000,1000,272000,short,2.0,0.2,2.5,12.0,0.0,0.008,0.05,0.012,0.07,7.0,False,0,prior prompt read; new turn appended
compaction-input-cache-write-sensitivity,compaction-input-cache-write-sensitivity-terra-baseline,baseline,terra,13,12,main_model_call,0,60000,20000,80000,1000,272000,short,2.0,0.2,2.5,12.0,0.0,0.012,0.05,0.012,0.074,7.4,False,0,prior prompt read; new turn appended
compaction-input-cache-write-sensitivity,compaction-input-cache-write-sensitivity-terra-baseline,baseline,terra,14,13,main_model_call,0,80000,20000,100000,1000,272000,short,2.0,0.2,2.5,12.0,0.0,0.016,0.05,0.012,0.078,7.8,False,0,prior prompt read; new turn appended
compaction-input-cache-write-sensitivity,compaction-input-cache-write-sensitivity-terra-baseline,baseline,terra,15,14,main_model_call,0,100000,20000,120000,1000,272000,short,2.0,0.2,2.5,12.0,0.0,0.02,0.05,0.012,0.082,8.2,False,0,prior prompt read; new turn appended
compaction-input-cache-write-sensitivity,compaction-input-cache-write-sensitivity-terra-baseline,baseline,terra,16,15,main_model_call,0,120000,20000,140000,1000,272000,short,2.0,0.2,2.5,12.0,0.0,0.024,0.05,0.012,0.086,8.6,False,0,prior prompt read; new turn appended
compaction-input-cache-write-sensitivity,compaction-input-cache-write-sensitivity-terra-baseline,baseline,terra,17,16,main_model_call,0,140000,20000,160000,1000,272000,short,2.0,0.2,2.5,12.0,0.0,0.028,0.05,0.012,0.09,9.0,False,0,prior prompt read; new turn appended
compaction-input-cache-write-sensitivity,compaction-input-cache-write-sensitivity-terra-baseline,baseline,terra,18,17,main_model_call,0,160000,20000,180000,1000,272000,short,2.0,0.2,2.5,12.0,0.0,0.032,0.05,0.012,0.094,9.4,False,0,prior prompt read; new turn appended
compaction-input-cache-write-sensitivity,compaction-input-cache-write-sensitivity-terra-baseline,baseline,terra,19,18,main_model_call,0,180000,20000,200000,1000,272000,short,2.0,0.2,2.5,12.0,0.0,0.036,0.05,0.012,0.098,9.8,False,0,prior prompt read; new turn appended
compaction-input-cache-write-sensitivity,compaction-input-cache-write-sensitivity-terra-baseline,baseline,terra,20,18,compaction,200000,0,0,200000,20000,272000,short,2.0,0.2,2.5,12.0,0.4,0.0,0.0,0.24,0.64,64.0,True,180000,compact before main step 19; input mode=uncached
compaction-input-cache-write-sensitivity,compaction-input-cache-write-sensitivity-terra-baseline,baseline,terra,21,19,main_model_call,0,0,40000,40000,1000,272000,short,2.0,0.2,2.5,12.0,0.0,0.0,0.1,0.012,0.112,11.2,False,0,cold prompt written after start or compaction
compaction-input-cache-write-sensitivity,compaction-input-cache-write-sensitivity-terra-baseline,baseline,terra,22,20,main_model_call,0,40000,20000,60000,1000,272000,short,2.0,0.2,2.5,12.0,0.0,0.008,0.05,0.012,0.07,7.0,False,0,prior prompt read; new turn appended
compaction-input-cache-write-sensitivity,compaction-input-cache-write-sensitivity-terra-baseline,baseline,terra,23,21,main_model_call,0,60000,20000,80000,1000,272000,short,2.0,0.2,2.5,12.0,0.0,0.012,0.05,0.012,0.074,7.4,False,0,prior prompt read; new turn appended
compaction-input-cache-write-sensitivity,compaction-input-cache-write-sensitivity-terra-baseline,baseline,terra,24,22,main_model_call,0,80000,20000,100000,1000,272000,short,2.0,0.2,2.5,12.0,0.0,0.016,0.05,0.012,0.078,7.8,False,0,prior prompt read; new turn appended
compaction-input-cache-write-sensitivity,compaction-input-cache-write-sensitivity-terra-baseline,baseline,terra,25,23,main_model_call,0,100000,20000,120000,1000,272000,short,2.0,0.2,2.5,12.0,0.0,0.02,0.05,0.012,0.082,8.2,False,0,prior prompt read; new turn appended
compaction-input-cache-write-sensitivity,compaction-input-cache-write-sensitivity-terra-baseline,baseline,terra,26,24,main_model_call,0,120000,20000,140000,1000,272000,short,2.0,0.2,2.5,12.0,0.0,0.024,0.05,0.012,0.086,8.6,False,0,prior prompt read; new turn appended
compaction-input-cache-write-sensitivity,compaction-input-cache-write-sensitivity-terra-baseline,baseline,terra,27,25,main_model_call,0,140000,20000,160000,1000,272000,short,2.0,0.2,2.5,12.0,0.0,0.028,0.05,0.012,0.09,9.0,False,0,prior prompt read; new turn appended
compaction-input-cache-write-sensitivity,compaction-input-cache-write-sensitivity-terra-baseline,baseline,terra,28,26,main_model_call,0,160000,20000,180000,1000,272000,short,2.0,0.2,2.5,12.0,0.0,0.032,0.05,0.012,0.094,9.4,False,0,prior prompt read; new turn appended
compaction-input-cache-write-sensitivity,compaction-input-cache-write-sensitivity-terra-baseline,baseline,terra,29,27,main_model_call,0,180000,20000,200000,1000,272000,short,2.0,0.2,2.5,12.0,0.0,0.036,0.05,0.012,0.098,9.8,False,0,prior prompt read; new turn appended
compaction-input-cache-write-sensitivity,compaction-input-cache-write-sensitivity-terra-baseline,baseline,terra,30,27,compaction,200000,0,0,200000,20000,272000,short,2.0,0.2,2.5,12.0,0.4,0.0,0.0,0.24,0.64,64.0,True,180000,compact before main step 28; input mode=uncached
compaction-input-cache-write-sensitivity,compaction-input-cache-write-sensitivity-terra-baseline,baseline,terra,31,28,main_model_call,0,0,40000,40000,1000,272000,short,2.0,0.2,2.5,12.0,0.0,0.0,0.1,0.012,0.112,11.2,False,0,cold prompt written after start or compaction
compaction-input-cache-write-sensitivity,compaction-input-cache-write-sensitivity-terra-baseline,baseline,terra,32,29,main_model_call,0,40000,20000,60000,1000,272000,short,2.0,0.2,2.5,12.0,0.0,0.008,0.05,0.012,0.07,7.0,False,0,prior prompt read; new turn appended
compaction-input-cache-write-sensitivity,compaction-input-cache-write-sensitivity-terra-baseline,baseline,terra,33,30,main_model_call,0,60000,20000,80000,1000,272000,short,2.0,0.2,2.5,12.0,0.0,0.012,0.05,0.012,0.074,7.4,False,0,prior prompt read; new turn appended
compaction-input-cache-write-sensitivity,compaction-input-cache-write-sensitivity-terra-baseline,baseline,terra,34,31,main_model_call,0,80000,20000,100000,1000,272000,short,2.0,0.2,2.5,12.0,0.0,0.016,0.05,0.012,0.078,7.8,False,0,prior prompt read; new turn appended
compaction-input-cache-write-sensitivity,compaction-input-cache-write-sensitivity-terra-baseline,baseline,terra,35,32,main_model_call,0,100000,20000,120000,1000,272000,short,2.0,0.2,2.5,12.0,0.0,0.02,0.05,0.012,0.082,8.2,False,0,prior prompt read; new turn appended
compaction-input-cache-write-sensitivity,compaction-input-cache-write-sensitivity-terra-baseline,baseline,terra,36,33,main_model_call,0,120000,20000,140000,1000,272000,short,2.0,0.2,2.5,12.0,0.0,0.024,0.05,0.012,0.086,8.6,False,0,prior prompt read; new turn appended
compaction-input-cache-write-sensitivity,compaction-input-cache-write-sensitivity-terra-baseline,baseline,terra,37,34,main_model_call,0,140000,20000,160000,1000,272000,short,2.0,0.2,2.5,12.0,0.0,0.028,0.05,0.012,0.09,9.0,False,0,prior prompt read; new turn appended
compaction-input-cache-write-sensitivity,compaction-input-cache-write-sensitivity-terra-baseline,baseline,terra,38,35,main_model_call,0,160000,20000,180000,1000,272000,short,2.0,0.2,2.5,12.0,0.0,0.032,0.05,0.012,0.094,9.4,False,0,prior prompt read; new turn appended
compaction-input-cache-write-sensitivity,compaction-input-cache-write-sensitivity-terra-baseline,baseline,terra,39,36,main_model_call,0,180000,20000,200000,1000,272000,short,2.0,0.2,2.5,12.0,0.0,0.036,0.05,0.012,0.098,9.8,False,0,prior prompt read; new turn appended
compaction-input-cache-write-sensitivity,compaction-input-cache-write-sensitivity-terra-baseline,baseline,terra,40,36,compaction,200000,0,0,200000,20000,272000,short,2.0,0.2,2.5,12.0,0.4,0.0,0.0,0.24,0.64,64.0,True,180000,compact before main step 37; input mode=uncached
compaction-input-cache-write-sensitivity,compaction-input-cache-write-sensitivity-terra-baseline,baseline,terra,41,37,main_model_call,0,0,40000,40000,1000,272000,short,2.0,0.2,2.5,12.0,0.0,0.0,0.1,0.012,0.112,11.2,False,0,cold prompt written after start or compaction
compaction-input-cache-write-sensitivity,compaction-input-cache-write-sensitivity-terra-baseline,baseline,terra,42,38,main_model_call,0,40000,20000,60000,1000,272000,short,2.0,0.2,2.5,12.0,0.0,0.008,0.05,0.012,0.07,7.0,False,0,prior prompt read; new turn appended
compaction-input-cache-write-sensitivity,compaction-input-cache-write-sensitivity-terra-baseline,baseline,terra,43,39,main_model_call,0,60000,20000,80000,1000,272000,short,2.0,0.2,2.5,12.0,0.0,0.012,0.05,0.012,0.074,7.4,False,0,prior prompt read; new turn appended
compaction-input-cache-write-sensitivity,compaction-input-cache-write-sensitivity-terra-comparison,comparison,terra,1,1,main_model_call,0,0,40000,40000,1000,272000,short,2.0,0.2,2.5,12.0,0.0,0.0,0.1,0.012,0.112,11.2,False,0,cold prompt written after start or compaction
compaction-input-cache-write-sensitivity,compaction-input-cache-write-sensitivity-terra-comparison,comparison,terra,2,2,main_model_call,0,40000,20000,60000,1000,272000,short,2.0,0.2,2.5,12.0,0.0,0.008,0.05,0.012,0.07,7.0,False,0,prior prompt read; new turn appended
compaction-input-cache-write-sensitivity,compaction-input-cache-write-sensitivity-terra-comparison,comparison,terra,3,3,main_model_call,0,60000,20000,80000,1000,272000,short,2.0,0.2,2.5,12.0,0.0,0.012,0.05,0.012,0.074,7.4,False,0,prior prompt read; new turn appended
compaction-input-cache-write-sensitivity,compaction-input-cache-write-sensitivity-terra-comparison,comparison,terra,4,4,main_model_call,0,80000,20000,100000,1000,272000,short,2.0,0.2,2.5,12.0,0.0,0.016,0.05,0.012,0.078,7.8,False,0,prior prompt read; new turn appended
compaction-input-cache-write-sensitivity,compaction-input-cache-write-sensitivity-terra-comparison,comparison,terra,5,5,main_model_call,0,100000,20000,120000,1000,272000,short,2.0,0.2,2.5,12.0,0.0,0.02,0.05,0.012,0.082,8.2,False,0,prior prompt read; new turn appended
compaction-input-cache-write-sensitivity,compaction-input-cache-write-sensitivity-terra-comparison,comparison,terra,6,6,main_model_call,0,120000,20000,140000,1000,272000,short,2.0,0.2,2.5,12.0,0.0,0.024,0.05,0.012,0.086,8.6,False,0,prior prompt read; new turn appended
compaction-input-cache-write-sensitivity,compaction-input-cache-write-sensitivity-terra-comparison,comparison,terra,7,7,main_model_call,0,140000,20000,160000,1000,272000,short,2.0,0.2,2.5,12.0,0.0,0.028,0.05,0.012,0.09,9.0,False,0,prior prompt read; new turn appended
compaction-input-cache-write-sensitivity,compaction-input-cache-write-sensitivity-terra-comparison,comparison,terra,8,8,main_model_call,0,160000,20000,180000,1000,272000,short,2.0,0.2,2.5,12.0,0.0,0.032,0.05,0.012,0.094,9.4,False,0,prior prompt read; new turn appended
compaction-input-cache-write-sensitivity,compaction-input-cache-write-sensitivity-terra-comparison,comparison,terra,9,9,main_model_call,0,180000,20000,200000,1000,272000,short,2.0,0.2,2.5,12.0,0.0,0.036,0.05,0.012,0.098,9.8,False,0,prior prompt read; new turn appended
compaction-input-cache-write-sensitivity,compaction-input-cache-write-sensitivity-terra-comparison,comparison,terra,10,9,compaction,0,0,200000,200000,20000,272000,short,2.0,0.2,2.5,12.0,0.0,0.0,0.5,0.24,0.74,74.0,True,180000,compact before main step 10; input mode=cache_write
compaction-input-cache-write-sensitivity,compaction-input-cache-write-sensitivity-terra-comparison,comparison,terra,11,10,main_model_call,0,0,40000,40000,1000,272000,short,2.0,0.2,2.5,12.0,0.0,0.0,0.1,0.012,0.112,11.2,False,0,cold prompt written after start or compaction
compaction-input-cache-write-sensitivity,compaction-input-cache-write-sensitivity-terra-comparison,comparison,terra,12,11,main_model_call,0,40000,20000,60000,1000,272000,short,2.0,0.2,2.5,12.0,0.0,0.008,0.05,0.012,0.07,7.0,False,0,prior prompt read; new turn appended
compaction-input-cache-write-sensitivity,compaction-input-cache-write-sensitivity-terra-comparison,comparison,terra,13,12,main_model_call,0,60000,20000,80000,1000,272000,short,2.0,0.2,2.5,12.0,0.0,0.012,0.05,0.012,0.074,7.4,False,0,prior prompt read; new turn appended
compaction-input-cache-write-sensitivity,compaction-input-cache-write-sensitivity-terra-comparison,comparison,terra,14,13,main_model_call,0,80000,20000,100000,1000,272000,short,2.0,0.2,2.5,12.0,0.0,0.016,0.05,0.012,0.078,7.8,False,0,prior prompt read; new turn appended
compaction-input-cache-write-sensitivity,compaction-input-cache-write-sensitivity-terra-comparison,comparison,terra,15,14,main_model_call,0,100000,20000,120000,1000,272000,short,2.0,0.2,2.5,12.0,0.0,0.02,0.05,0.012,0.082,8.2,False,0,prior prompt read; new turn appended
compaction-input-cache-write-sensitivity,compaction-input-cache-write-sensitivity-terra-comparison,comparison,terra,16,15,main_model_call,0,120000,20000,140000,1000,272000,short,2.0,0.2,2.5,12.0,0.0,0.024,0.05,0.012,0.086,8.6,False,0,prior prompt read; new turn appended
compaction-input-cache-write-sensitivity,compaction-input-cache-write-sensitivity-terra-comparison,comparison,terra,17,16,main_model_call,0,140000,20000,160000,1000,272000,short,2.0,0.2,2.5,12.0,0.0,0.028,0.05,0.012,0.09,9.0,False,0,prior prompt read; new turn appended
compaction-input-cache-write-sensitivity,compaction-input-cache-write-sensitivity-terra-comparison,comparison,terra,18,17,main_model_call,0,160000,20000,180000,1000,272000,short,2.0,0.2,2.5,12.0,0.0,0.032,0.05,0.012,0.094,9.4,False,0,prior prompt read; new turn appended
compaction-input-cache-write-sensitivity,compaction-input-cache-write-sensitivity-terra-comparison,comparison,terra,19,18,main_model_call,0,180000,20000,200000,1000,272000,short,2.0,0.2,2.5,12.0,0.0,0.036,0.05,0.012,0.098,9.8,False,0,prior prompt read; new turn appended
compaction-input-cache-write-sensitivity,compaction-input-cache-write-sensitivity-terra-comparison,comparison,terra,20,18,compaction,0,0,200000,200000,20000,272000,short,2.0,0.2,2.5,12.0,0.0,0.0,0.5,0.24,0.74,74.0,True,180000,compact before main step 19; input mode=cache_write
compaction-input-cache-write-sensitivity,compaction-input-cache-write-sensitivity-terra-comparison,comparison,terra,21,19,main_model_call,0,0,40000,40000,1000,272000,short,2.0,0.2,2.5,12.0,0.0,0.0,0.1,0.012,0.112,11.2,False,0,cold prompt written after start or compaction
compaction-input-cache-write-sensitivity,compaction-input-cache-write-sensitivity-terra-comparison,comparison,terra,22,20,main_model_call,0,40000,20000,60000,1000,272000,short,2.0,0.2,2.5,12.0,0.0,0.008,0.05,0.012,0.07,7.0,False,0,prior prompt read; new turn appended
compaction-input-cache-write-sensitivity,compaction-input-cache-write-sensitivity-terra-comparison,comparison,terra,23,21,main_model_call,0,60000,20000,80000,1000,272000,short,2.0,0.2,2.5,12.0,0.0,0.012,0.05,0.012,0.074,7.4,False,0,prior prompt read; new turn appended
compaction-input-cache-write-sensitivity,compaction-input-cache-write-sensitivity-terra-comparison,comparison,terra,24,22,main_model_call,0,80000,20000,100000,1000,272000,short,2.0,0.2,2.5,12.0,0.0,0.016,0.05,0.012,0.078,7.8,False,0,prior prompt read; new turn appended
compaction-input-cache-write-sensitivity,compaction-input-cache-write-sensitivity-terra-comparison,comparison,terra,25,23,main_model_call,0,100000,20000,120000,1000,272000,short,2.0,0.2,2.5,12.0,0.0,0.02,0.05,0.012,0.082,8.2,False,0,prior prompt read; new turn appended
compaction-input-cache-write-sensitivity,compaction-input-cache-write-sensitivity-terra-comparison,comparison,terra,26,24,main_model_call,0,120000,20000,140000,1000,272000,short,2.0,0.2,2.5,12.0,0.0,0.024,0.05,0.012,0.086,8.6,False,0,prior prompt read; new turn appended
compaction-input-cache-write-sensitivity,compaction-input-cache-write-sensitivity-terra-comparison,comparison,terra,27,25,main_model_call,0,140000,20000,160000,1000,272000,short,2.0,0.2,2.5,12.0,0.0,0.028,0.05,0.012,0.09,9.0,False,0,prior prompt read; new turn appended
compaction-input-cache-write-sensitivity,compaction-input-cache-write-sensitivity-terra-comparison,comparison,terra,28,26,main_model_call,0,160000,20000,180000,1000,272000,short,2.0,0.2,2.5,12.0,0.0,0.032,0.05,0.012,0.094,9.4,False,0,prior prompt read; new turn appended
compaction-input-cache-write-sensitivity,compaction-input-cache-write-sensitivity-terra-comparison,comparison,terra,29,27,main_model_call,0,180000,20000,200000,1000,272000,short,2.0,0.2,2.5,12.0,0.0,0.036,0.05,0.012,0.098,9.8,False,0,prior prompt read; new turn appended
compaction-input-cache-write-sensitivity,compaction-input-cache-write-sensitivity-terra-comparison,comparison,terra,30,27,compaction,0,0,200000,200000,20000,272000,short,2.0,0.2,2.5,12.0,0.0,0.0,0.5,0.24,0.74,74.0,True,180000,compact before main step 28; input mode=cache_write
compaction-input-cache-write-sensitivity,compaction-input-cache-write-sensitivity-terra-comparison,comparison,terra,31,28,main_model_call,0,0,40000,40000,1000,272000,short,2.0,0.2,2.5,12.0,0.0,0.0,0.1,0.012,0.112,11.2,False,0,cold prompt written after start or compaction
compaction-input-cache-write-sensitivity,compaction-input-cache-write-sensitivity-terra-comparison,comparison,terra,32,29,main_model_call,0,40000,20000,60000,1000,272000,short,2.0,0.2,2.5,12.0,0.0,0.008,0.05,0.012,0.07,7.0,False,0,prior prompt read; new turn appended
compaction-input-cache-write-sensitivity,compaction-input-cache-write-sensitivity-terra-comparison,comparison,terra,33,30,main_model_call,0,60000,20000,80000,1000,272000,short,2.0,0.2,2.5,12.0,0.0,0.012,0.05,0.012,0.074,7.4,False,0,prior prompt read; new turn appended
compaction-input-cache-write-sensitivity,compaction-input-cache-write-sensitivity-terra-comparison,comparison,terra,34,31,main_model_call,0,80000,20000,100000,1000,272000,short,2.0,0.2,2.5,12.0,0.0,0.016,0.05,0.012,0.078,7.8,False,0,prior prompt read; new turn appended
compaction-input-cache-write-sensitivity,compaction-input-cache-write-sensitivity-terra-comparison,comparison,terra,35,32,main_model_call,0,100000,20000,120000,1000,272000,short,2.0,0.2,2.5,12.0,0.0,0.02,0.05,0.012,0.082,8.2,False,0,prior prompt read; new turn appended
compaction-input-cache-write-sensitivity,compaction-input-cache-write-sensitivity-terra-comparison,comparison,terra,36,33,main_model_call,0,120000,20000,140000,1000,272000,short,2.0,0.2,2.5,12.0,0.0,0.024,0.05,0.012,0.086,8.6,False,0,prior prompt read; new turn appended
compaction-input-cache-write-sensitivity,compaction-input-cache-write-sensitivity-terra-comparison,comparison,terra,37,34,main_model_call,0,140000,20000,160000,1000,272000,short,2.0,0.2,2.5,12.0,0.0,0.028,0.05,0.012,0.09,9.0,False,0,prior prompt read; new turn appended
compaction-input-cache-write-sensitivity,compaction-input-cache-write-sensitivity-terra-comparison,comparison,terra,38,35,main_model_call,0,160000,20000,180000,1000,272000,short,2.0,0.2,2.5,12.0,0.0,0.032,0.05,0.012,0.094,9.4,False,0,prior prompt read; new turn appended
compaction-input-cache-write-sensitivity,compaction-input-cache-write-sensitivity-terra-comparison,comparison,terra,39,36,main_model_call,0,180000,20000,200000,1000,272000,short,2.0,0.2,2.5,12.0,0.0,0.036,0.05,0.012,0.098,9.8,False,0,prior prompt read; new turn appended
compaction-input-cache-write-sensitivity,compaction-input-cache-write-sensitivity-terra-comparison,comparison,terra,40,36,compaction,0,0,200000,200000,20000,272000,short,2.0,0.2,2.5,12.0,0.0,0.0,0.5,0.24,0.74,74.0,True,180000,compact before main step 37; input mode=cache_write
compaction-input-cache-write-sensitivity,compaction-input-cache-write-sensitivity-terra-comparison,comparison,terra,41,37,main_model_call,0,0,40000,40000,1000,272000,short,2.0,0.2,2.5,12.0,0.0,0.0,0.1,0.012,0.112,11.2,False,0,cold prompt written after start or compaction
compaction-input-cache-write-sensitivity,compaction-input-cache-write-sensitivity-terra-comparison,comparison,terra,42,38,main_model_call,0,40000,20000,60000,1000,272000,short,2.0,0.2,2.5,12.0,0.0,0.008,0.05,0.012,0.07,7.0,False,0,prior prompt read; new turn appended
compaction-input-cache-write-sensitivity,compaction-input-cache-write-sensitivity-terra-comparison,comparison,terra,43,39,main_model_call,0,60000,20000,80000,1000,272000,short,2.0,0.2,2.5,12.0,0.0,0.012,0.05,0.012,0.074,7.4,False,0,prior prompt read; new turn appended
compaction-input-cache-write-sensitivity,compaction-input-cache-write-sensitivity-sol-baseline,baseline,sol,1,1,main_model_call,0,0,40000,40000,1000,272000,short,4.0,0.4,5.0,20.0,0.0,0.0,0.2,0.02,0.22,22.0,False,0,cold prompt written after start or compaction
compaction-input-cache-write-sensitivity,compaction-input-cache-write-sensitivity-sol-baseline,baseline,sol,2,2,main_model_call,0,40000,20000,60000,1000,272000,short,4.0,0.4,5.0,20.0,0.0,0.016,0.1,0.02,0.136,13.6,False,0,prior prompt read; new turn appended
compaction-input-cache-write-sensitivity,compaction-input-cache-write-sensitivity-sol-baseline,baseline,sol,3,3,main_model_call,0,60000,20000,80000,1000,272000,short,4.0,0.4,5.0,20.0,0.0,0.024,0.1,0.02,0.144,14.4,False,0,prior prompt read; new turn appended
compaction-input-cache-write-sensitivity,compaction-input-cache-write-sensitivity-sol-baseline,baseline,sol,4,4,main_model_call,0,80000,20000,100000,1000,272000,short,4.0,0.4,5.0,20.0,0.0,0.032,0.1,0.02,0.152,15.2,False,0,prior prompt read; new turn appended
compaction-input-cache-write-sensitivity,compaction-input-cache-write-sensitivity-sol-baseline,baseline,sol,5,5,main_model_call,0,100000,20000,120000,1000,272000,short,4.0,0.4,5.0,20.0,0.0,0.04,0.1,0.02,0.16,16.0,False,0,prior prompt read; new turn appended
compaction-input-cache-write-sensitivity,compaction-input-cache-write-sensitivity-sol-baseline,baseline,sol,6,6,main_model_call,0,120000,20000,140000,1000,272000,short,4.0,0.4,5.0,20.0,0.0,0.048,0.1,0.02,0.168,16.8,False,0,prior prompt read; new turn appended
compaction-input-cache-write-sensitivity,compaction-input-cache-write-sensitivity-sol-baseline,baseline,sol,7,7,main_model_call,0,140000,20000,160000,1000,272000,short,4.0,0.4,5.0,20.0,0.0,0.056,0.1,0.02,0.176,17.6,False,0,prior prompt read; new turn appended
compaction-input-cache-write-sensitivity,compaction-input-cache-write-sensitivity-sol-baseline,baseline,sol,8,8,main_model_call,0,160000,20000,180000,1000,272000,short,4.0,0.4,5.0,20.0,0.0,0.064,0.1,0.02,0.184,18.4,False,0,prior prompt read; new turn appended
compaction-input-cache-write-sensitivity,compaction-input-cache-write-sensitivity-sol-baseline,baseline,sol,9,9,main_model_call,0,180000,20000,200000,1000,272000,short,4.0,0.4,5.0,20.0,0.0,0.072,0.1,0.02,0.192,19.2,False,0,prior prompt read; new turn appended
compaction-input-cache-write-sensitivity,compaction-input-cache-write-sensitivity-sol-baseline,baseline,sol,10,9,compaction,200000,0,0,200000,20000,272000,short,4.0,0.4,5.0,20.0,0.8,0.0,0.0,0.4,1.2,120.0,True,180000,compact before main step 10; input mode=uncached
compaction-input-cache-write-sensitivity,compaction-input-cache-write-sensitivity-sol-baseline,baseline,sol,11,10,main_model_call,0,0,40000,40000,1000,272000,short,4.0,0.4,5.0,20.0,0.0,0.0,0.2,0.02,0.22,22.0,False,0,cold prompt written after start or compaction
compaction-input-cache-write-sensitivity,compaction-input-cache-write-sensitivity-sol-baseline,baseline,sol,12,11,main_model_call,0,40000,20000,60000,1000,272000,short,4.0,0.4,5.0,20.0,0.0,0.016,0.1,0.02,0.136,13.6,False,0,prior prompt read; new turn appended
compaction-input-cache-write-sensitivity,compaction-input-cache-write-sensitivity-sol-baseline,baseline,sol,13,12,main_model_call,0,60000,20000,80000,1000,272000,short,4.0,0.4,5.0,20.0,0.0,0.024,0.1,0.02,0.144,14.4,False,0,prior prompt read; new turn appended
compaction-input-cache-write-sensitivity,compaction-input-cache-write-sensitivity-sol-baseline,baseline,sol,14,13,main_model_call,0,80000,20000,100000,1000,272000,short,4.0,0.4,5.0,20.0,0.0,0.032,0.1,0.02,0.152,15.2,False,0,prior prompt read; new turn appended
compaction-input-cache-write-sensitivity,compaction-input-cache-write-sensitivity-sol-baseline,baseline,sol,15,14,main_model_call,0,100000,20000,120000,1000,272000,short,4.0,0.4,5.0,20.0,0.0,0.04,0.1,0.02,0.16,16.0,False,0,prior prompt read; new turn appended
compaction-input-cache-write-sensitivity,compaction-input-cache-write-sensitivity-sol-baseline,baseline,sol,16,15,main_model_call,0,120000,20000,140000,1000,272000,short,4.0,0.4,5.0,20.0,0.0,0.048,0.1,0.02,0.168,16.8,False,0,prior prompt read; new turn appended
compaction-input-cache-write-sensitivity,compaction-input-cache-write-sensitivity-sol-baseline,baseline,sol,17,16,main_model_call,0,140000,20000,160000,1000,272000,short,4.0,0.4,5.0,20.0,0.0,0.056,0.1,0.02,0.176,17.6,False,0,prior prompt read; new turn appended
compaction-input-cache-write-sensitivity,compaction-input-cache-write-sensitivity-sol-baseline,baseline,sol,18,17,main_model_call,0,160000,20000,180000,1000,272000,short,4.0,0.4,5.0,20.0,0.0,0.064,0.1,0.02,0.184,18.4,False,0,prior prompt read; new turn appended
compaction-input-cache-write-sensitivity,compaction-input-cache-write-sensitivity-sol-baseline,baseline,sol,19,18,main_model_call,0,180000,20000,200000,1000,272000,short,4.0,0.4,5.0,20.0,0.0,0.072,0.1,0.02,0.192,19.2,False,0,prior prompt read; new turn appended
compaction-input-cache-write-sensitivity,compaction-input-cache-write-sensitivity-sol-baseline,baseline,sol,20,18,compaction,200000,0,0,200000,20000,272000,short,4.0,0.4,5.0,20.0,0.8,0.0,0.0,0.4,1.2,120.0,True,180000,compact before main step 19; input mode=uncached
compaction-input-cache-write-sensitivity,compaction-input-cache-write-sensitivity-sol-baseline,baseline,sol,21,19,main_model_call,0,0,40000,40000,1000,272000,short,4.0,0.4,5.0,20.0,0.0,0.0,0.2,0.02,0.22,22.0,False,0,cold prompt written after start or compaction
compaction-input-cache-write-sensitivity,compaction-input-cache-write-sensitivity-sol-baseline,baseline,sol,22,20,main_model_call,0,40000,20000,60000,1000,272000,short,4.0,0.4,5.0,20.0,0.0,0.016,0.1,0.02,0.136,13.6,False,0,prior prompt read; new turn appended
compaction-input-cache-write-sensitivity,compaction-input-cache-write-sensitivity-sol-baseline,baseline,sol,23,21,main_model_call,0,60000,20000,80000,1000,272000,short,4.0,0.4,5.0,20.0,0.0,0.024,0.1,0.02,0.144,14.4,False,0,prior prompt read; new turn appended
compaction-input-cache-write-sensitivity,compaction-input-cache-write-sensitivity-sol-baseline,baseline,sol,24,22,main_model_call,0,80000,20000,100000,1000,272000,short,4.0,0.4,5.0,20.0,0.0,0.032,0.1,0.02,0.152,15.2,False,0,prior prompt read; new turn appended
compaction-input-cache-write-sensitivity,compaction-input-cache-write-sensitivity-sol-baseline,baseline,sol,25,23,main_model_call,0,100000,20000,120000,1000,272000,short,4.0,0.4,5.0,20.0,0.0,0.04,0.1,0.02,0.16,16.0,False,0,prior prompt read; new turn appended
compaction-input-cache-write-sensitivity,compaction-input-cache-write-sensitivity-sol-baseline,baseline,sol,26,24,main_model_call,0,120000,20000,140000,1000,272000,short,4.0,0.4,5.0,20.0,0.0,0.048,0.1,0.02,0.168,16.8,False,0,prior prompt read; new turn appended
compaction-input-cache-write-sensitivity,compaction-input-cache-write-sensitivity-sol-baseline,baseline,sol,27,25,main_model_call,0,140000,20000,160000,1000,272000,short,4.0,0.4,5.0,20.0,0.0,0.056,0.1,0.02,0.176,17.6,False,0,prior prompt read; new turn appended
compaction-input-cache-write-sensitivity,compaction-input-cache-write-sensitivity-sol-baseline,baseline,sol,28,26,main_model_call,0,160000,20000,180000,1000,272000,short,4.0,0.4,5.0,20.0,0.0,0.064,0.1,0.02,0.184,18.4,False,0,prior prompt read; new turn appended
compaction-input-cache-write-sensitivity,compaction-input-cache-write-sensitivity-sol-baseline,baseline,sol,29,27,main_model_call,0,180000,20000,200000,1000,272000,short,4.0,0.4,5.0,20.0,0.0,0.072,0.1,0.02,0.192,19.2,False,0,prior prompt read; new turn appended
compaction-input-cache-write-sensitivity,compaction-input-cache-write-sensitivity-sol-baseline,baseline,sol,30,27,compaction,200000,0,0,200000,20000,272000,short,4.0,0.4,5.0,20.0,0.8,0.0,0.0,0.4,1.2,120.0,True,180000,compact before main step 28; input mode=uncached
compaction-input-cache-write-sensitivity,compaction-input-cache-write-sensitivity-sol-baseline,baseline,sol,31,28,main_model_call,0,0,40000,40000,1000,272000,short,4.0,0.4,5.0,20.0,0.0,0.0,0.2,0.02,0.22,22.0,False,0,cold prompt written after start or compaction
compaction-input-cache-write-sensitivity,compaction-input-cache-write-sensitivity-sol-baseline,baseline,sol,32,29,main_model_call,0,40000,20000,60000,1000,272000,short,4.0,0.4,5.0,20.0,0.0,0.016,0.1,0.02,0.136,13.6,False,0,prior prompt read; new turn appended
compaction-input-cache-write-sensitivity,compaction-input-cache-write-sensitivity-sol-baseline,baseline,sol,33,30,main_model_call,0,60000,20000,80000,1000,272000,short,4.0,0.4,5.0,20.0,0.0,0.024,0.1,0.02,0.144,14.4,False,0,prior prompt read; new turn appended
compaction-input-cache-write-sensitivity,compaction-input-cache-write-sensitivity-sol-baseline,baseline,sol,34,31,main_model_call,0,80000,20000,100000,1000,272000,short,4.0,0.4,5.0,20.0,0.0,0.032,0.1,0.02,0.152,15.2,False,0,prior prompt read; new turn appended
compaction-input-cache-write-sensitivity,compaction-input-cache-write-sensitivity-sol-baseline,baseline,sol,35,32,main_model_call,0,100000,20000,120000,1000,272000,short,4.0,0.4,5.0,20.0,0.0,0.04,0.1,0.02,0.16,16.0,False,0,prior prompt read; new turn appended
compaction-input-cache-write-sensitivity,compaction-input-cache-write-sensitivity-sol-baseline,baseline,sol,36,33,main_model_call,0,120000,20000,140000,1000,272000,short,4.0,0.4,5.0,20.0,0.0,0.048,0.1,0.02,0.168,16.8,False,0,prior prompt read; new turn appended
compaction-input-cache-write-sensitivity,compaction-input-cache-write-sensitivity-sol-baseline,baseline,sol,37,34,main_model_call,0,140000,20000,160000,1000,272000,short,4.0,0.4,5.0,20.0,0.0,0.056,0.1,0.02,0.176,17.6,False,0,prior prompt read; new turn appended
compaction-input-cache-write-sensitivity,compaction-input-cache-write-sensitivity-sol-baseline,baseline,sol,38,35,main_model_call,0,160000,20000,180000,1000,272000,short,4.0,0.4,5.0,20.0,0.0,0.064,0.1,0.02,0.184,18.4,False,0,prior prompt read; new turn appended
compaction-input-cache-write-sensitivity,compaction-input-cache-write-sensitivity-sol-baseline,baseline,sol,39,36,main_model_call,0,180000,20000,200000,1000,272000,short,4.0,0.4,5.0,20.0,0.0,0.072,0.1,0.02,0.192,19.2,False,0,prior prompt read; new turn appended
compaction-input-cache-write-sensitivity,compaction-input-cache-write-sensitivity-sol-baseline,baseline,sol,40,36,compaction,200000,0,0,200000,20000,272000,short,4.0,0.4,5.0,20.0,0.8,0.0,0.0,0.4,1.2,120.0,True,180000,compact before main step 37; input mode=uncached
compaction-input-cache-write-sensitivity,compaction-input-cache-write-sensitivity-sol-baseline,baseline,sol,41,37,main_model_call,0,0,40000,40000,1000,272000,short,4.0,0.4,5.0,20.0,0.0,0.0,0.2,0.02,0.22,22.0,False,0,cold prompt written after start or compaction
compaction-input-cache-write-sensitivity,compaction-input-cache-write-sensitivity-sol-baseline,baseline,sol,42,38,main_model_call,0,40000,20000,60000,1000,272000,short,4.0,0.4,5.0,20.0,0.0,0.016,0.1,0.02,0.136,13.6,False,0,prior prompt read; new turn appended
compaction-input-cache-write-sensitivity,compaction-input-cache-write-sensitivity-sol-baseline,baseline,sol,43,39,main_model_call,0,60000,20000,80000,1000,272000,short,4.0,0.4,5.0,20.0,0.0,0.024,0.1,0.02,0.144,14.4,False,0,prior prompt read; new turn appended
compaction-input-cache-write-sensitivity,compaction-input-cache-write-sensitivity-sol-comparison,comparison,sol,1,1,main_model_call,0,0,40000,40000,1000,272000,short,4.0,0.4,5.0,20.0,0.0,0.0,0.2,0.02,0.22,22.0,False,0,cold prompt written after start or compaction
compaction-input-cache-write-sensitivity,compaction-input-cache-write-sensitivity-sol-comparison,comparison,sol,2,2,main_model_call,0,40000,20000,60000,1000,272000,short,4.0,0.4,5.0,20.0,0.0,0.016,0.1,0.02,0.136,13.6,False,0,prior prompt read; new turn appended
compaction-input-cache-write-sensitivity,compaction-input-cache-write-sensitivity-sol-comparison,comparison,sol,3,3,main_model_call,0,60000,20000,80000,1000,272000,short,4.0,0.4,5.0,20.0,0.0,0.024,0.1,0.02,0.144,14.4,False,0,prior prompt read; new turn appended
compaction-input-cache-write-sensitivity,compaction-input-cache-write-sensitivity-sol-comparison,comparison,sol,4,4,main_model_call,0,80000,20000,100000,1000,272000,short,4.0,0.4,5.0,20.0,0.0,0.032,0.1,0.02,0.152,15.2,False,0,prior prompt read; new turn appended
compaction-input-cache-write-sensitivity,compaction-input-cache-write-sensitivity-sol-comparison,comparison,sol,5,5,main_model_call,0,100000,20000,120000,1000,272000,short,4.0,0.4,5.0,20.0,0.0,0.04,0.1,0.02,0.16,16.0,False,0,prior prompt read; new turn appended
compaction-input-cache-write-sensitivity,compaction-input-cache-write-sensitivity-sol-comparison,comparison,sol,6,6,main_model_call,0,120000,20000,140000,1000,272000,short,4.0,0.4,5.0,20.0,0.0,0.048,0.1,0.02,0.168,16.8,False,0,prior prompt read; new turn appended
compaction-input-cache-write-sensitivity,compaction-input-cache-write-sensitivity-sol-comparison,comparison,sol,7,7,main_model_call,0,140000,20000,160000,1000,272000,short,4.0,0.4,5.0,20.0,0.0,0.056,0.1,0.02,0.176,17.6,False,0,prior prompt read; new turn appended
compaction-input-cache-write-sensitivity,compaction-input-cache-write-sensitivity-sol-comparison,comparison,sol,8,8,main_model_call,0,160000,20000,180000,1000,272000,short,4.0,0.4,5.0,20.0,0.0,0.064,0.1,0.02,0.184,18.4,False,0,prior prompt read; new turn appended
compaction-input-cache-write-sensitivity,compaction-input-cache-write-sensitivity-sol-comparison,comparison,sol,9,9,main_model_call,0,180000,20000,200000,1000,272000,short,4.0,0.4,5.0,20.0,0.0,0.072,0.1,0.02,0.192,19.2,False,0,prior prompt read; new turn appended
compaction-input-cache-write-sensitivity,compaction-input-cache-write-sensitivity-sol-comparison,comparison,sol,10,9,compaction,0,0,200000,200000,20000,272000,short,4.0,0.4,5.0,20.0,0.0,0.0,1.0,0.4,1.4,140.0,True,180000,compact before main step 10; input mode=cache_write
compaction-input-cache-write-sensitivity,compaction-input-cache-write-sensitivity-sol-comparison,comparison,sol,11,10,main_model_call,0,0,40000,40000,1000,272000,short,4.0,0.4,5.0,20.0,0.0,0.0,0.2,0.02,0.22,22.0,False,0,cold prompt written after start or compaction
compaction-input-cache-write-sensitivity,compaction-input-cache-write-sensitivity-sol-comparison,comparison,sol,12,11,main_model_call,0,40000,20000,60000,1000,272000,short,4.0,0.4,5.0,20.0,0.0,0.016,0.1,0.02,0.136,13.6,False,0,prior prompt read; new turn appended
compaction-input-cache-write-sensitivity,compaction-input-cache-write-sensitivity-sol-comparison,comparison,sol,13,12,main_model_call,0,60000,20000,80000,1000,272000,short,4.0,0.4,5.0,20.0,0.0,0.024,0.1,0.02,0.144,14.4,False,0,prior prompt read; new turn appended
compaction-input-cache-write-sensitivity,compaction-input-cache-write-sensitivity-sol-comparison,comparison,sol,14,13,main_model_call,0,80000,20000,100000,1000,272000,short,4.0,0.4,5.0,20.0,0.0,0.032,0.1,0.02,0.152,15.2,False,0,prior prompt read; new turn appended
compaction-input-cache-write-sensitivity,compaction-input-cache-write-sensitivity-sol-comparison,comparison,sol,15,14,main_model_call,0,100000,20000,120000,1000,272000,short,4.0,0.4,5.0,20.0,0.0,0.04,0.1,0.02,0.16,16.0,False,0,prior prompt read; new turn appended
compaction-input-cache-write-sensitivity,compaction-input-cache-write-sensitivity-sol-comparison,comparison,sol,16,15,main_model_call,0,120000,20000,140000,1000,272000,short,4.0,0.4,5.0,20.0,0.0,0.048,0.1,0.02,0.168,16.8,False,0,prior prompt read; new turn appended
compaction-input-cache-write-sensitivity,compaction-input-cache-write-sensitivity-sol-comparison,comparison,sol,17,16,main_model_call,0,140000,20000,160000,1000,272000,short,4.0,0.4,5.0,20.0,0.0,0.056,0.1,0.02,0.176,17.6,False,0,prior prompt read; new turn appended
compaction-input-cache-write-sensitivity,compaction-input-cache-write-sensitivity-sol-comparison,comparison,sol,18,17,main_model_call,0,160000,20000,180000,1000,272000,short,4.0,0.4,5.0,20.0,0.0,0.064,0.1,0.02,0.184,18.4,False,0,prior prompt read; new turn appended
compaction-input-cache-write-sensitivity,compaction-input-cache-write-sensitivity-sol-comparison,comparison,sol,19,18,main_model_call,0,180000,20000,200000,1000,272000,short,4.0,0.4,5.0,20.0,0.0,0.072,0.1,0.02,0.192,19.2,False,0,prior prompt read; new turn appended
compaction-input-cache-write-sensitivity,compaction-input-cache-write-sensitivity-sol-comparison,comparison,sol,20,18,compaction,0,0,200000,200000,20000,272000,short,4.0,0.4,5.0,20.0,0.0,0.0,1.0,0.4,1.4,140.0,True,180000,compact before main step 19; input mode=cache_write
compaction-input-cache-write-sensitivity,compaction-input-cache-write-sensitivity-sol-comparison,comparison,sol,21,19,main_model_call,0,0,40000,40000,1000,272000,short,4.0,0.4,5.0,20.0,0.0,0.0,0.2,0.02,0.22,22.0,False,0,cold prompt written after start or compaction
compaction-input-cache-write-sensitivity,compaction-input-cache-write-sensitivity-sol-comparison,comparison,sol,22,20,main_model_call,0,40000,20000,60000,1000,272000,short,4.0,0.4,5.0,20.0,0.0,0.016,0.1,0.02,0.136,13.6,False,0,prior prompt read; new turn appended
compaction-input-cache-write-sensitivity,compaction-input-cache-write-sensitivity-sol-comparison,comparison,sol,23,21,main_model_call,0,60000,20000,80000,1000,272000,short,4.0,0.4,5.0,20.0,0.0,0.024,0.1,0.02,0.144,14.4,False,0,prior prompt read; new turn appended
compaction-input-cache-write-sensitivity,compaction-input-cache-write-sensitivity-sol-comparison,comparison,sol,24,22,main_model_call,0,80000,20000,100000,1000,272000,short,4.0,0.4,5.0,20.0,0.0,0.032,0.1,0.02,0.152,15.2,False,0,prior prompt read; new turn appended
compaction-input-cache-write-sensitivity,compaction-input-cache-write-sensitivity-sol-comparison,comparison,sol,25,23,main_model_call,0,100000,20000,120000,1000,272000,short,4.0,0.4,5.0,20.0,0.0,0.04,0.1,0.02,0.16,16.0,False,0,prior prompt read; new turn appended
compaction-input-cache-write-sensitivity,compaction-input-cache-write-sensitivity-sol-comparison,comparison,sol,26,24,main_model_call,0,120000,20000,140000,1000,272000,short,4.0,0.4,5.0,20.0,0.0,0.048,0.1,0.02,0.168,16.8,False,0,prior prompt read; new turn appended
compaction-input-cache-write-sensitivity,compaction-input-cache-write-sensitivity-sol-comparison,comparison,sol,27,25,main_model_call,0,140000,20000,160000,1000,272000,short,4.0,0.4,5.0,20.0,0.0,0.056,0.1,0.02,0.176,17.6,False,0,prior prompt read; new turn appended
compaction-input-cache-write-sensitivity,compaction-input-cache-write-sensitivity-sol-comparison,comparison,sol,28,26,main_model_call,0,160000,20000,180000,1000,272000,short,4.0,0.4,5.0,20.0,0.0,0.064,0.1,0.02,0.184,18.4,False,0,prior prompt read; new turn appended
compaction-input-cache-write-sensitivity,compaction-input-cache-write-sensitivity-sol-comparison,comparison,sol,29,27,main_model_call,0,180000,20000,200000,1000,272000,short,4.0,0.4,5.0,20.0,0.0,0.072,0.1,0.02,0.192,19.2,False,0,prior prompt read; new turn appended
compaction-input-cache-write-sensitivity,compaction-input-cache-write-sensitivity-sol-comparison,comparison,sol,30,27,compaction,0,0,200000,200000,20000,272000,short,4.0,0.4,5.0,20.0,0.0,0.0,1.0,0.4,1.4,140.0,True,180000,compact before main step 28; input mode=cache_write
compaction-input-cache-write-sensitivity,compaction-input-cache-write-sensitivity-sol-comparison,comparison,sol,31,28,main_model_call,0,0,40000,40000,1000,272000,short,4.0,0.4,5.0,20.0,0.0,0.0,0.2,0.02,0.22,22.0,False,0,cold prompt written after start or compaction
compaction-input-cache-write-sensitivity,compaction-input-cache-write-sensitivity-sol-comparison,comparison,sol,32,29,main_model_call,0,40000,20000,60000,1000,272000,short,4.0,0.4,5.0,20.0,0.0,0.016,0.1,0.02,0.136,13.6,False,0,prior prompt read; new turn appended
compaction-input-cache-write-sensitivity,compaction-input-cache-write-sensitivity-sol-comparison,comparison,sol,33,30,main_model_call,0,60000,20000,80000,1000,272000,short,4.0,0.4,5.0,20.0,0.0,0.024,0.1,0.02,0.144,14.4,False,0,prior prompt read; new turn appended
compaction-input-cache-write-sensitivity,compaction-input-cache-write-sensitivity-sol-comparison,comparison,sol,34,31,main_model_call,0,80000,20000,100000,1000,272000,short,4.0,0.4,5.0,20.0,0.0,0.032,0.1,0.02,0.152,15.2,False,0,prior prompt read; new turn appended
compaction-input-cache-write-sensitivity,compaction-input-cache-write-sensitivity-sol-comparison,comparison,sol,35,32,main_model_call,0,100000,20000,120000,1000,272000,short,4.0,0.4,5.0,20.0,0.0,0.04,0.1,0.02,0.16,16.0,False,0,prior prompt read; new turn appended
compaction-input-cache-write-sensitivity,compaction-input-cache-write-sensitivity-sol-comparison,comparison,sol,36,33,main_model_call,0,120000,20000,140000,1000,272000,short,4.0,0.4,5.0,20.0,0.0,0.048,0.1,0.02,0.168,16.8,False,0,prior prompt read; new turn appended
compaction-input-cache-write-sensitivity,compaction-input-cache-write-sensitivity-sol-comparison,comparison,sol,37,34,main_model_call,0,140000,20000,160000,1000,272000,short,4.0,0.4,5.0,20.0,0.0,0.056,0.1,0.02,0.176,17.6,False,0,prior prompt read; new turn appended
compaction-input-cache-write-sensitivity,compaction-input-cache-write-sensitivity-sol-comparison,comparison,sol,38,35,main_model_call,0,160000,20000,180000,1000,272000,short,4.0,0.4,5.0,20.0,0.0,0.064,0.1,0.02,0.184,18.4,False,0,prior prompt read; new turn appended
compaction-input-cache-write-sensitivity,compaction-input-cache-write-sensitivity-sol-comparison,comparison,sol,39,36,main_model_call,0,180000,20000,200000,1000,272000,short,4.0,0.4,5.0,20.0,0.0,0.072,0.1,0.02,0.192,19.2,False,0,prior prompt read; new turn appended
compaction-input-cache-write-sensitivity,compaction-input-cache-write-sensitivity-sol-comparison,comparison,sol,40,36,compaction,0,0,200000,200000,20000,272000,short,4.0,0.4,5.0,20.0,0.0,0.0,1.0,0.4,1.4,140.0,True,180000,compact before main step 37; input mode=cache_write
compaction-input-cache-write-sensitivity,compaction-input-cache-write-sensitivity-sol-comparison,comparison,sol,41,37,main_model_call,0,0,40000,40000,1000,272000,short,4.0,0.4,5.0,20.0,0.0,0.0,0.2,0.02,0.22,22.0,False,0,cold prompt written after start or compaction
compaction-input-cache-write-sensitivity,compaction-input-cache-write-sensitivity-sol-comparison,comparison,sol,42,38,main_model_call,0,40000,20000,60000,1000,272000,short,4.0,0.4,5.0,20.0,0.0,0.016,0.1,0.02,0.136,13.6,False,0,prior prompt read; new turn appended
compaction-input-cache-write-sensitivity,compaction-input-cache-write-sensitivity-sol-comparison,comparison,sol,43,39,main_model_call,0,60000,20000,80000,1000,272000,short,4.0,0.4,5.0,20.0,0.0,0.024,0.1,0.02,0.144,14.4,False,0,prior prompt read; new turn appended
compaction-retained-system-sensitivity,compaction-retained-system-sensitivity-luna-baseline,baseline,luna,1,1,main_model_call,0,0,40000,40000,1000,200000,short,0.2,0.02,0.25,1.2,0.0,0.0,0.01,0.0012,0.0112,1.12,False,0,cold prompt written after start or compaction
compaction-retained-system-sensitivity,compaction-retained-system-sensitivity-luna-baseline,baseline,luna,2,2,main_model_call,0,40000,20000,60000,1000,200000,short,0.2,0.02,0.25,1.2,0.0,0.0008,0.005,0.0012,0.007,0.7,False,0,prior prompt read; new turn appended
compaction-retained-system-sensitivity,compaction-retained-system-sensitivity-luna-baseline,baseline,luna,3,3,main_model_call,0,60000,20000,80000,1000,200000,short,0.2,0.02,0.25,1.2,0.0,0.0012,0.005,0.0012,0.0074,0.74,False,0,prior prompt read; new turn appended
compaction-retained-system-sensitivity,compaction-retained-system-sensitivity-luna-baseline,baseline,luna,4,4,main_model_call,0,80000,20000,100000,1000,200000,short,0.2,0.02,0.25,1.2,0.0,0.0016,0.005,0.0012,0.0078,0.78,False,0,prior prompt read; new turn appended
compaction-retained-system-sensitivity,compaction-retained-system-sensitivity-luna-baseline,baseline,luna,5,5,main_model_call,0,100000,20000,120000,1000,200000,short,0.2,0.02,0.25,1.2,0.0,0.002,0.005,0.0012,0.0082,0.82,False,0,prior prompt read; new turn appended
compaction-retained-system-sensitivity,compaction-retained-system-sensitivity-luna-baseline,baseline,luna,6,6,main_model_call,0,120000,20000,140000,1000,200000,short,0.2,0.02,0.25,1.2,0.0,0.0024,0.005,0.0012,0.0086,0.86,False,0,prior prompt read; new turn appended
compaction-retained-system-sensitivity,compaction-retained-system-sensitivity-luna-baseline,baseline,luna,7,7,main_model_call,0,140000,20000,160000,1000,200000,short,0.2,0.02,0.25,1.2,0.0,0.0028,0.005,0.0012,0.009,0.9,False,0,prior prompt read; new turn appended
compaction-retained-system-sensitivity,compaction-retained-system-sensitivity-luna-baseline,baseline,luna,8,8,main_model_call,0,160000,20000,180000,1000,200000,short,0.2,0.02,0.25,1.2,0.0,0.0032,0.005,0.0012,0.0094,0.94,False,0,prior prompt read; new turn appended
compaction-retained-system-sensitivity,compaction-retained-system-sensitivity-luna-baseline,baseline,luna,9,9,main_model_call,0,180000,20000,200000,1000,200000,short,0.2,0.02,0.25,1.2,0.0,0.0036,0.005,0.0012,0.0098,0.98,False,0,prior prompt read; new turn appended
compaction-retained-system-sensitivity,compaction-retained-system-sensitivity-luna-baseline,baseline,luna,10,9,compaction,200000,0,0,200000,20000,200000,short,0.2,0.02,0.25,1.2,0.04,0.0,0.0,0.024,0.064,6.4,True,180000,compact before main step 10; input mode=uncached
compaction-retained-system-sensitivity,compaction-retained-system-sensitivity-luna-baseline,baseline,luna,11,10,main_model_call,0,0,40000,40000,1000,200000,short,0.2,0.02,0.25,1.2,0.0,0.0,0.01,0.0012,0.0112,1.12,False,0,cold prompt written after start or compaction
compaction-retained-system-sensitivity,compaction-retained-system-sensitivity-luna-baseline,baseline,luna,12,11,main_model_call,0,40000,20000,60000,1000,200000,short,0.2,0.02,0.25,1.2,0.0,0.0008,0.005,0.0012,0.007,0.7,False,0,prior prompt read; new turn appended
compaction-retained-system-sensitivity,compaction-retained-system-sensitivity-luna-baseline,baseline,luna,13,12,main_model_call,0,60000,20000,80000,1000,200000,short,0.2,0.02,0.25,1.2,0.0,0.0012,0.005,0.0012,0.0074,0.74,False,0,prior prompt read; new turn appended
compaction-retained-system-sensitivity,compaction-retained-system-sensitivity-luna-baseline,baseline,luna,14,13,main_model_call,0,80000,20000,100000,1000,200000,short,0.2,0.02,0.25,1.2,0.0,0.0016,0.005,0.0012,0.0078,0.78,False,0,prior prompt read; new turn appended
compaction-retained-system-sensitivity,compaction-retained-system-sensitivity-luna-baseline,baseline,luna,15,14,main_model_call,0,100000,20000,120000,1000,200000,short,0.2,0.02,0.25,1.2,0.0,0.002,0.005,0.0012,0.0082,0.82,False,0,prior prompt read; new turn appended
compaction-retained-system-sensitivity,compaction-retained-system-sensitivity-luna-baseline,baseline,luna,16,15,main_model_call,0,120000,20000,140000,1000,200000,short,0.2,0.02,0.25,1.2,0.0,0.0024,0.005,0.0012,0.0086,0.86,False,0,prior prompt read; new turn appended
compaction-retained-system-sensitivity,compaction-retained-system-sensitivity-luna-baseline,baseline,luna,17,16,main_model_call,0,140000,20000,160000,1000,200000,short,0.2,0.02,0.25,1.2,0.0,0.0028,0.005,0.0012,0.009,0.9,False,0,prior prompt read; new turn appended
compaction-retained-system-sensitivity,compaction-retained-system-sensitivity-luna-baseline,baseline,luna,18,17,main_model_call,0,160000,20000,180000,1000,200000,short,0.2,0.02,0.25,1.2,0.0,0.0032,0.005,0.0012,0.0094,0.94,False,0,prior prompt read; new turn appended
compaction-retained-system-sensitivity,compaction-retained-system-sensitivity-luna-baseline,baseline,luna,19,18,main_model_call,0,180000,20000,200000,1000,200000,short,0.2,0.02,0.25,1.2,0.0,0.0036,0.005,0.0012,0.0098,0.98,False,0,prior prompt read; new turn appended
compaction-retained-system-sensitivity,compaction-retained-system-sensitivity-luna-baseline,baseline,luna,20,18,compaction,200000,0,0,200000,20000,200000,short,0.2,0.02,0.25,1.2,0.04,0.0,0.0,0.024,0.064,6.4,True,180000,compact before main step 19; input mode=uncached
compaction-retained-system-sensitivity,compaction-retained-system-sensitivity-luna-baseline,baseline,luna,21,19,main_model_call,0,0,40000,40000,1000,200000,short,0.2,0.02,0.25,1.2,0.0,0.0,0.01,0.0012,0.0112,1.12,False,0,cold prompt written after start or compaction
compaction-retained-system-sensitivity,compaction-retained-system-sensitivity-luna-baseline,baseline,luna,22,20,main_model_call,0,40000,20000,60000,1000,200000,short,0.2,0.02,0.25,1.2,0.0,0.0008,0.005,0.0012,0.007,0.7,False,0,prior prompt read; new turn appended
compaction-retained-system-sensitivity,compaction-retained-system-sensitivity-luna-baseline,baseline,luna,23,21,main_model_call,0,60000,20000,80000,1000,200000,short,0.2,0.02,0.25,1.2,0.0,0.0012,0.005,0.0012,0.0074,0.74,False,0,prior prompt read; new turn appended
compaction-retained-system-sensitivity,compaction-retained-system-sensitivity-luna-baseline,baseline,luna,24,22,main_model_call,0,80000,20000,100000,1000,200000,short,0.2,0.02,0.25,1.2,0.0,0.0016,0.005,0.0012,0.0078,0.78,False,0,prior prompt read; new turn appended
compaction-retained-system-sensitivity,compaction-retained-system-sensitivity-luna-baseline,baseline,luna,25,23,main_model_call,0,100000,20000,120000,1000,200000,short,0.2,0.02,0.25,1.2,0.0,0.002,0.005,0.0012,0.0082,0.82,False,0,prior prompt read; new turn appended
compaction-retained-system-sensitivity,compaction-retained-system-sensitivity-luna-baseline,baseline,luna,26,24,main_model_call,0,120000,20000,140000,1000,200000,short,0.2,0.02,0.25,1.2,0.0,0.0024,0.005,0.0012,0.0086,0.86,False,0,prior prompt read; new turn appended
compaction-retained-system-sensitivity,compaction-retained-system-sensitivity-luna-baseline,baseline,luna,27,25,main_model_call,0,140000,20000,160000,1000,200000,short,0.2,0.02,0.25,1.2,0.0,0.0028,0.005,0.0012,0.009,0.9,False,0,prior prompt read; new turn appended
compaction-retained-system-sensitivity,compaction-retained-system-sensitivity-luna-baseline,baseline,luna,28,26,main_model_call,0,160000,20000,180000,1000,200000,short,0.2,0.02,0.25,1.2,0.0,0.0032,0.005,0.0012,0.0094,0.94,False,0,prior prompt read; new turn appended
compaction-retained-system-sensitivity,compaction-retained-system-sensitivity-luna-baseline,baseline,luna,29,27,main_model_call,0,180000,20000,200000,1000,200000,short,0.2,0.02,0.25,1.2,0.0,0.0036,0.005,0.0012,0.0098,0.98,False,0,prior prompt read; new turn appended
compaction-retained-system-sensitivity,compaction-retained-system-sensitivity-luna-baseline,baseline,luna,30,27,compaction,200000,0,0,200000,20000,200000,short,0.2,0.02,0.25,1.2,0.04,0.0,0.0,0.024,0.064,6.4,True,180000,compact before main step 28; input mode=uncached
compaction-retained-system-sensitivity,compaction-retained-system-sensitivity-luna-baseline,baseline,luna,31,28,main_model_call,0,0,40000,40000,1000,200000,short,0.2,0.02,0.25,1.2,0.0,0.0,0.01,0.0012,0.0112,1.12,False,0,cold prompt written after start or compaction
compaction-retained-system-sensitivity,compaction-retained-system-sensitivity-luna-baseline,baseline,luna,32,29,main_model_call,0,40000,20000,60000,1000,200000,short,0.2,0.02,0.25,1.2,0.0,0.0008,0.005,0.0012,0.007,0.7,False,0,prior prompt read; new turn appended
compaction-retained-system-sensitivity,compaction-retained-system-sensitivity-luna-baseline,baseline,luna,33,30,main_model_call,0,60000,20000,80000,1000,200000,short,0.2,0.02,0.25,1.2,0.0,0.0012,0.005,0.0012,0.0074,0.74,False,0,prior prompt read; new turn appended
compaction-retained-system-sensitivity,compaction-retained-system-sensitivity-luna-baseline,baseline,luna,34,31,main_model_call,0,80000,20000,100000,1000,200000,short,0.2,0.02,0.25,1.2,0.0,0.0016,0.005,0.0012,0.0078,0.78,False,0,prior prompt read; new turn appended
compaction-retained-system-sensitivity,compaction-retained-system-sensitivity-luna-baseline,baseline,luna,35,32,main_model_call,0,100000,20000,120000,1000,200000,short,0.2,0.02,0.25,1.2,0.0,0.002,0.005,0.0012,0.0082,0.82,False,0,prior prompt read; new turn appended
compaction-retained-system-sensitivity,compaction-retained-system-sensitivity-luna-baseline,baseline,luna,36,33,main_model_call,0,120000,20000,140000,1000,200000,short,0.2,0.02,0.25,1.2,0.0,0.0024,0.005,0.0012,0.0086,0.86,False,0,prior prompt read; new turn appended
compaction-retained-system-sensitivity,compaction-retained-system-sensitivity-luna-baseline,baseline,luna,37,34,main_model_call,0,140000,20000,160000,1000,200000,short,0.2,0.02,0.25,1.2,0.0,0.0028,0.005,0.0012,0.009,0.9,False,0,prior prompt read; new turn appended
compaction-retained-system-sensitivity,compaction-retained-system-sensitivity-luna-baseline,baseline,luna,38,35,main_model_call,0,160000,20000,180000,1000,200000,short,0.2,0.02,0.25,1.2,0.0,0.0032,0.005,0.0012,0.0094,0.94,False,0,prior prompt read; new turn appended
compaction-retained-system-sensitivity,compaction-retained-system-sensitivity-luna-baseline,baseline,luna,39,36,main_model_call,0,180000,20000,200000,1000,200000,short,0.2,0.02,0.25,1.2,0.0,0.0036,0.005,0.0012,0.0098,0.98,False,0,prior prompt read; new turn appended
compaction-retained-system-sensitivity,compaction-retained-system-sensitivity-luna-baseline,baseline,luna,40,36,compaction,200000,0,0,200000,20000,200000,short,0.2,0.02,0.25,1.2,0.04,0.0,0.0,0.024,0.064,6.4,True,180000,compact before main step 37; input mode=uncached
compaction-retained-system-sensitivity,compaction-retained-system-sensitivity-luna-baseline,baseline,luna,41,37,main_model_call,0,0,40000,40000,1000,200000,short,0.2,0.02,0.25,1.2,0.0,0.0,0.01,0.0012,0.0112,1.12,False,0,cold prompt written after start or compaction
compaction-retained-system-sensitivity,compaction-retained-system-sensitivity-luna-baseline,baseline,luna,42,38,main_model_call,0,40000,20000,60000,1000,200000,short,0.2,0.02,0.25,1.2,0.0,0.0008,0.005,0.0012,0.007,0.7,False,0,prior prompt read; new turn appended
compaction-retained-system-sensitivity,compaction-retained-system-sensitivity-luna-baseline,baseline,luna,43,39,main_model_call,0,60000,20000,80000,1000,200000,short,0.2,0.02,0.25,1.2,0.0,0.0012,0.005,0.0012,0.0074,0.74,False,0,prior prompt read; new turn appended
compaction-retained-system-sensitivity,compaction-retained-system-sensitivity-luna-comparison,comparison,luna,1,1,main_model_call,0,0,40000,40000,1000,200000,short,0.2,0.02,0.25,1.2,0.0,0.0,0.01,0.0012,0.0112,1.12,False,0,cold prompt written after start or compaction
compaction-retained-system-sensitivity,compaction-retained-system-sensitivity-luna-comparison,comparison,luna,2,2,main_model_call,0,40000,20000,60000,1000,200000,short,0.2,0.02,0.25,1.2,0.0,0.0008,0.005,0.0012,0.007,0.7,False,0,prior prompt read; new turn appended
compaction-retained-system-sensitivity,compaction-retained-system-sensitivity-luna-comparison,comparison,luna,3,3,main_model_call,0,60000,20000,80000,1000,200000,short,0.2,0.02,0.25,1.2,0.0,0.0012,0.005,0.0012,0.0074,0.74,False,0,prior prompt read; new turn appended
compaction-retained-system-sensitivity,compaction-retained-system-sensitivity-luna-comparison,comparison,luna,4,4,main_model_call,0,80000,20000,100000,1000,200000,short,0.2,0.02,0.25,1.2,0.0,0.0016,0.005,0.0012,0.0078,0.78,False,0,prior prompt read; new turn appended
compaction-retained-system-sensitivity,compaction-retained-system-sensitivity-luna-comparison,comparison,luna,5,5,main_model_call,0,100000,20000,120000,1000,200000,short,0.2,0.02,0.25,1.2,0.0,0.002,0.005,0.0012,0.0082,0.82,False,0,prior prompt read; new turn appended
compaction-retained-system-sensitivity,compaction-retained-system-sensitivity-luna-comparison,comparison,luna,6,6,main_model_call,0,120000,20000,140000,1000,200000,short,0.2,0.02,0.25,1.2,0.0,0.0024,0.005,0.0012,0.0086,0.86,False,0,prior prompt read; new turn appended
compaction-retained-system-sensitivity,compaction-retained-system-sensitivity-luna-comparison,comparison,luna,7,7,main_model_call,0,140000,20000,160000,1000,200000,short,0.2,0.02,0.25,1.2,0.0,0.0028,0.005,0.0012,0.009,0.9,False,0,prior prompt read; new turn appended
compaction-retained-system-sensitivity,compaction-retained-system-sensitivity-luna-comparison,comparison,luna,8,8,main_model_call,0,160000,20000,180000,1000,200000,short,0.2,0.02,0.25,1.2,0.0,0.0032,0.005,0.0012,0.0094,0.94,False,0,prior prompt read; new turn appended
compaction-retained-system-sensitivity,compaction-retained-system-sensitivity-luna-comparison,comparison,luna,9,9,main_model_call,0,180000,20000,200000,1000,200000,short,0.2,0.02,0.25,1.2,0.0,0.0036,0.005,0.0012,0.0098,0.98,False,0,prior prompt read; new turn appended
compaction-retained-system-sensitivity,compaction-retained-system-sensitivity-luna-comparison,comparison,luna,10,9,compaction,200000,0,0,200000,20000,200000,short,0.2,0.02,0.25,1.2,0.04,0.0,0.0,0.024,0.064,6.4,True,180000,compact before main step 10; input mode=uncached
compaction-retained-system-sensitivity,compaction-retained-system-sensitivity-luna-comparison,comparison,luna,11,10,main_model_call,0,20000,20000,40000,1000,200000,short,0.2,0.02,0.25,1.2,0.0,0.0004,0.005,0.0012,0.0066,0.66,False,0,stable system prefix survives compaction
compaction-retained-system-sensitivity,compaction-retained-system-sensitivity-luna-comparison,comparison,luna,12,11,main_model_call,0,40000,20000,60000,1000,200000,short,0.2,0.02,0.25,1.2,0.0,0.0008,0.005,0.0012,0.007,0.7,False,0,prior prompt read; new turn appended
compaction-retained-system-sensitivity,compaction-retained-system-sensitivity-luna-comparison,comparison,luna,13,12,main_model_call,0,60000,20000,80000,1000,200000,short,0.2,0.02,0.25,1.2,0.0,0.0012,0.005,0.0012,0.0074,0.74,False,0,prior prompt read; new turn appended
compaction-retained-system-sensitivity,compaction-retained-system-sensitivity-luna-comparison,comparison,luna,14,13,main_model_call,0,80000,20000,100000,1000,200000,short,0.2,0.02,0.25,1.2,0.0,0.0016,0.005,0.0012,0.0078,0.78,False,0,prior prompt read; new turn appended
compaction-retained-system-sensitivity,compaction-retained-system-sensitivity-luna-comparison,comparison,luna,15,14,main_model_call,0,100000,20000,120000,1000,200000,short,0.2,0.02,0.25,1.2,0.0,0.002,0.005,0.0012,0.0082,0.82,False,0,prior prompt read; new turn appended
compaction-retained-system-sensitivity,compaction-retained-system-sensitivity-luna-comparison,comparison,luna,16,15,main_model_call,0,120000,20000,140000,1000,200000,short,0.2,0.02,0.25,1.2,0.0,0.0024,0.005,0.0012,0.0086,0.86,False,0,prior prompt read; new turn appended
compaction-retained-system-sensitivity,compaction-retained-system-sensitivity-luna-comparison,comparison,luna,17,16,main_model_call,0,140000,20000,160000,1000,200000,short,0.2,0.02,0.25,1.2,0.0,0.0028,0.005,0.0012,0.009,0.9,False,0,prior prompt read; new turn appended
compaction-retained-system-sensitivity,compaction-retained-system-sensitivity-luna-comparison,comparison,luna,18,17,main_model_call,0,160000,20000,180000,1000,200000,short,0.2,0.02,0.25,1.2,0.0,0.0032,0.005,0.0012,0.0094,0.94,False,0,prior prompt read; new turn appended
compaction-retained-system-sensitivity,compaction-retained-system-sensitivity-luna-comparison,comparison,luna,19,18,main_model_call,0,180000,20000,200000,1000,200000,short,0.2,0.02,0.25,1.2,0.0,0.0036,0.005,0.0012,0.0098,0.98,False,0,prior prompt read; new turn appended
compaction-retained-system-sensitivity,compaction-retained-system-sensitivity-luna-comparison,comparison,luna,20,18,compaction,200000,0,0,200000,20000,200000,short,0.2,0.02,0.25,1.2,0.04,0.0,0.0,0.024,0.064,6.4,True,180000,compact before main step 19; input mode=uncached
compaction-retained-system-sensitivity,compaction-retained-system-sensitivity-luna-comparison,comparison,luna,21,19,main_model_call,0,20000,20000,40000,1000,200000,short,0.2,0.02,0.25,1.2,0.0,0.0004,0.005,0.0012,0.0066,0.66,False,0,stable system prefix survives compaction
compaction-retained-system-sensitivity,compaction-retained-system-sensitivity-luna-comparison,comparison,luna,22,20,main_model_call,0,40000,20000,60000,1000,200000,short,0.2,0.02,0.25,1.2,0.0,0.0008,0.005,0.0012,0.007,0.7,False,0,prior prompt read; new turn appended
compaction-retained-system-sensitivity,compaction-retained-system-sensitivity-luna-comparison,comparison,luna,23,21,main_model_call,0,60000,20000,80000,1000,200000,short,0.2,0.02,0.25,1.2,0.0,0.0012,0.005,0.0012,0.0074,0.74,False,0,prior prompt read; new turn appended
compaction-retained-system-sensitivity,compaction-retained-system-sensitivity-luna-comparison,comparison,luna,24,22,main_model_call,0,80000,20000,100000,1000,200000,short,0.2,0.02,0.25,1.2,0.0,0.0016,0.005,0.0012,0.0078,0.78,False,0,prior prompt read; new turn appended
compaction-retained-system-sensitivity,compaction-retained-system-sensitivity-luna-comparison,comparison,luna,25,23,main_model_call,0,100000,20000,120000,1000,200000,short,0.2,0.02,0.25,1.2,0.0,0.002,0.005,0.0012,0.0082,0.82,False,0,prior prompt read; new turn appended
compaction-retained-system-sensitivity,compaction-retained-system-sensitivity-luna-comparison,comparison,luna,26,24,main_model_call,0,120000,20000,140000,1000,200000,short,0.2,0.02,0.25,1.2,0.0,0.0024,0.005,0.0012,0.0086,0.86,False,0,prior prompt read; new turn appended
compaction-retained-system-sensitivity,compaction-retained-system-sensitivity-luna-comparison,comparison,luna,27,25,main_model_call,0,140000,20000,160000,1000,200000,short,0.2,0.02,0.25,1.2,0.0,0.0028,0.005,0.0012,0.009,0.9,False,0,prior prompt read; new turn appended
compaction-retained-system-sensitivity,compaction-retained-system-sensitivity-luna-comparison,comparison,luna,28,26,main_model_call,0,160000,20000,180000,1000,200000,short,0.2,0.02,0.25,1.2,0.0,0.0032,0.005,0.0012,0.0094,0.94,False,0,prior prompt read; new turn appended
compaction-retained-system-sensitivity,compaction-retained-system-sensitivity-luna-comparison,comparison,luna,29,27,main_model_call,0,180000,20000,200000,1000,200000,short,0.2,0.02,0.25,1.2,0.0,0.0036,0.005,0.0012,0.0098,0.98,False,0,prior prompt read; new turn appended
compaction-retained-system-sensitivity,compaction-retained-system-sensitivity-luna-comparison,comparison,luna,30,27,compaction,200000,0,0,200000,20000,200000,short,0.2,0.02,0.25,1.2,0.04,0.0,0.0,0.024,0.064,6.4,True,180000,compact before main step 28; input mode=uncached
compaction-retained-system-sensitivity,compaction-retained-system-sensitivity-luna-comparison,comparison,luna,31,28,main_model_call,0,20000,20000,40000,1000,200000,short,0.2,0.02,0.25,1.2,0.0,0.0004,0.005,0.0012,0.0066,0.66,False,0,stable system prefix survives compaction
compaction-retained-system-sensitivity,compaction-retained-system-sensitivity-luna-comparison,comparison,luna,32,29,main_model_call,0,40000,20000,60000,1000,200000,short,0.2,0.02,0.25,1.2,0.0,0.0008,0.005,0.0012,0.007,0.7,False,0,prior prompt read; new turn appended
compaction-retained-system-sensitivity,compaction-retained-system-sensitivity-luna-comparison,comparison,luna,33,30,main_model_call,0,60000,20000,80000,1000,200000,short,0.2,0.02,0.25,1.2,0.0,0.0012,0.005,0.0012,0.0074,0.74,False,0,prior prompt read; new turn appended
compaction-retained-system-sensitivity,compaction-retained-system-sensitivity-luna-comparison,comparison,luna,34,31,main_model_call,0,80000,20000,100000,1000,200000,short,0.2,0.02,0.25,1.2,0.0,0.0016,0.005,0.0012,0.0078,0.78,False,0,prior prompt read; new turn appended
compaction-retained-system-sensitivity,compaction-retained-system-sensitivity-luna-comparison,comparison,luna,35,32,main_model_call,0,100000,20000,120000,1000,200000,short,0.2,0.02,0.25,1.2,0.0,0.002,0.005,0.0012,0.0082,0.82,False,0,prior prompt read; new turn appended
compaction-retained-system-sensitivity,compaction-retained-system-sensitivity-luna-comparison,comparison,luna,36,33,main_model_call,0,120000,20000,140000,1000,200000,short,0.2,0.02,0.25,1.2,0.0,0.0024,0.005,0.0012,0.0086,0.86,False,0,prior prompt read; new turn appended
compaction-retained-system-sensitivity,compaction-retained-system-sensitivity-luna-comparison,comparison,luna,37,34,main_model_call,0,140000,20000,160000,1000,200000,short,0.2,0.02,0.25,1.2,0.0,0.0028,0.005,0.0012,0.009,0.9,False,0,prior prompt read; new turn appended
compaction-retained-system-sensitivity,compaction-retained-system-sensitivity-luna-comparison,comparison,luna,38,35,main_model_call,0,160000,20000,180000,1000,200000,short,0.2,0.02,0.25,1.2,0.0,0.0032,0.005,0.0012,0.0094,0.94,False,0,prior prompt read; new turn appended
compaction-retained-system-sensitivity,compaction-retained-system-sensitivity-luna-comparison,comparison,luna,39,36,main_model_call,0,180000,20000,200000,1000,200000,short,0.2,0.02,0.25,1.2,0.0,0.0036,0.005,0.0012,0.0098,0.98,False,0,prior prompt read; new turn appended
compaction-retained-system-sensitivity,compaction-retained-system-sensitivity-luna-comparison,comparison,luna,40,36,compaction,200000,0,0,200000,20000,200000,short,0.2,0.02,0.25,1.2,0.04,0.0,0.0,0.024,0.064,6.4,True,180000,compact before main step 37; input mode=uncached
compaction-retained-system-sensitivity,compaction-retained-system-sensitivity-luna-comparison,comparison,luna,41,37,main_model_call,0,20000,20000,40000,1000,200000,short,0.2,0.02,0.25,1.2,0.0,0.0004,0.005,0.0012,0.0066,0.66,False,0,stable system prefix survives compaction
compaction-retained-system-sensitivity,compaction-retained-system-sensitivity-luna-comparison,comparison,luna,42,38,main_model_call,0,40000,20000,60000,1000,200000,short,0.2,0.02,0.25,1.2,0.0,0.0008,0.005,0.0012,0.007,0.7,False,0,prior prompt read; new turn appended
compaction-retained-system-sensitivity,compaction-retained-system-sensitivity-luna-comparison,comparison,luna,43,39,main_model_call,0,60000,20000,80000,1000,200000,short,0.2,0.02,0.25,1.2,0.0,0.0012,0.005,0.0012,0.0074,0.74,False,0,prior prompt read; new turn appended
compaction-retained-system-sensitivity,compaction-retained-system-sensitivity-terra-baseline,baseline,terra,1,1,main_model_call,0,0,40000,40000,1000,272000,short,2.0,0.2,2.5,12.0,0.0,0.0,0.1,0.012,0.112,11.2,False,0,cold prompt written after start or compaction
compaction-retained-system-sensitivity,compaction-retained-system-sensitivity-terra-baseline,baseline,terra,2,2,main_model_call,0,40000,20000,60000,1000,272000,short,2.0,0.2,2.5,12.0,0.0,0.008,0.05,0.012,0.07,7.0,False,0,prior prompt read; new turn appended
compaction-retained-system-sensitivity,compaction-retained-system-sensitivity-terra-baseline,baseline,terra,3,3,main_model_call,0,60000,20000,80000,1000,272000,short,2.0,0.2,2.5,12.0,0.0,0.012,0.05,0.012,0.074,7.4,False,0,prior prompt read; new turn appended
compaction-retained-system-sensitivity,compaction-retained-system-sensitivity-terra-baseline,baseline,terra,4,4,main_model_call,0,80000,20000,100000,1000,272000,short,2.0,0.2,2.5,12.0,0.0,0.016,0.05,0.012,0.078,7.8,False,0,prior prompt read; new turn appended
compaction-retained-system-sensitivity,compaction-retained-system-sensitivity-terra-baseline,baseline,terra,5,5,main_model_call,0,100000,20000,120000,1000,272000,short,2.0,0.2,2.5,12.0,0.0,0.02,0.05,0.012,0.082,8.2,False,0,prior prompt read; new turn appended
compaction-retained-system-sensitivity,compaction-retained-system-sensitivity-terra-baseline,baseline,terra,6,6,main_model_call,0,120000,20000,140000,1000,272000,short,2.0,0.2,2.5,12.0,0.0,0.024,0.05,0.012,0.086,8.6,False,0,prior prompt read; new turn appended
compaction-retained-system-sensitivity,compaction-retained-system-sensitivity-terra-baseline,baseline,terra,7,7,main_model_call,0,140000,20000,160000,1000,272000,short,2.0,0.2,2.5,12.0,0.0,0.028,0.05,0.012,0.09,9.0,False,0,prior prompt read; new turn appended
compaction-retained-system-sensitivity,compaction-retained-system-sensitivity-terra-baseline,baseline,terra,8,8,main_model_call,0,160000,20000,180000,1000,272000,short,2.0,0.2,2.5,12.0,0.0,0.032,0.05,0.012,0.094,9.4,False,0,prior prompt read; new turn appended
compaction-retained-system-sensitivity,compaction-retained-system-sensitivity-terra-baseline,baseline,terra,9,9,main_model_call,0,180000,20000,200000,1000,272000,short,2.0,0.2,2.5,12.0,0.0,0.036,0.05,0.012,0.098,9.8,False,0,prior prompt read; new turn appended
compaction-retained-system-sensitivity,compaction-retained-system-sensitivity-terra-baseline,baseline,terra,10,9,compaction,200000,0,0,200000,20000,272000,short,2.0,0.2,2.5,12.0,0.4,0.0,0.0,0.24,0.64,64.0,True,180000,compact before main step 10; input mode=uncached
compaction-retained-system-sensitivity,compaction-retained-system-sensitivity-terra-baseline,baseline,terra,11,10,main_model_call,0,0,40000,40000,1000,272000,short,2.0,0.2,2.5,12.0,0.0,0.0,0.1,0.012,0.112,11.2,False,0,cold prompt written after start or compaction
compaction-retained-system-sensitivity,compaction-retained-system-sensitivity-terra-baseline,baseline,terra,12,11,main_model_call,0,40000,20000,60000,1000,272000,short,2.0,0.2,2.5,12.0,0.0,0.008,0.05,0.012,0.07,7.0,False,0,prior prompt read; new turn appended
compaction-retained-system-sensitivity,compaction-retained-system-sensitivity-terra-baseline,baseline,terra,13,12,main_model_call,0,60000,20000,80000,1000,272000,short,2.0,0.2,2.5,12.0,0.0,0.012,0.05,0.012,0.074,7.4,False,0,prior prompt read; new turn appended
compaction-retained-system-sensitivity,compaction-retained-system-sensitivity-terra-baseline,baseline,terra,14,13,main_model_call,0,80000,20000,100000,1000,272000,short,2.0,0.2,2.5,12.0,0.0,0.016,0.05,0.012,0.078,7.8,False,0,prior prompt read; new turn appended
compaction-retained-system-sensitivity,compaction-retained-system-sensitivity-terra-baseline,baseline,terra,15,14,main_model_call,0,100000,20000,120000,1000,272000,short,2.0,0.2,2.5,12.0,0.0,0.02,0.05,0.012,0.082,8.2,False,0,prior prompt read; new turn appended
compaction-retained-system-sensitivity,compaction-retained-system-sensitivity-terra-baseline,baseline,terra,16,15,main_model_call,0,120000,20000,140000,1000,272000,short,2.0,0.2,2.5,12.0,0.0,0.024,0.05,0.012,0.086,8.6,False,0,prior prompt read; new turn appended
compaction-retained-system-sensitivity,compaction-retained-system-sensitivity-terra-baseline,baseline,terra,17,16,main_model_call,0,140000,20000,160000,1000,272000,short,2.0,0.2,2.5,12.0,0.0,0.028,0.05,0.012,0.09,9.0,False,0,prior prompt read; new turn appended
compaction-retained-system-sensitivity,compaction-retained-system-sensitivity-terra-baseline,baseline,terra,18,17,main_model_call,0,160000,20000,180000,1000,272000,short,2.0,0.2,2.5,12.0,0.0,0.032,0.05,0.012,0.094,9.4,False,0,prior prompt read; new turn appended
compaction-retained-system-sensitivity,compaction-retained-system-sensitivity-terra-baseline,baseline,terra,19,18,main_model_call,0,180000,20000,200000,1000,272000,short,2.0,0.2,2.5,12.0,0.0,0.036,0.05,0.012,0.098,9.8,False,0,prior prompt read; new turn appended
compaction-retained-system-sensitivity,compaction-retained-system-sensitivity-terra-baseline,baseline,terra,20,18,compaction,200000,0,0,200000,20000,272000,short,2.0,0.2,2.5,12.0,0.4,0.0,0.0,0.24,0.64,64.0,True,180000,compact before main step 19; input mode=uncached
compaction-retained-system-sensitivity,compaction-retained-system-sensitivity-terra-baseline,baseline,terra,21,19,main_model_call,0,0,40000,40000,1000,272000,short,2.0,0.2,2.5,12.0,0.0,0.0,0.1,0.012,0.112,11.2,False,0,cold prompt written after start or compaction
compaction-retained-system-sensitivity,compaction-retained-system-sensitivity-terra-baseline,baseline,terra,22,20,main_model_call,0,40000,20000,60000,1000,272000,short,2.0,0.2,2.5,12.0,0.0,0.008,0.05,0.012,0.07,7.0,False,0,prior prompt read; new turn appended
compaction-retained-system-sensitivity,compaction-retained-system-sensitivity-terra-baseline,baseline,terra,23,21,main_model_call,0,60000,20000,80000,1000,272000,short,2.0,0.2,2.5,12.0,0.0,0.012,0.05,0.012,0.074,7.4,False,0,prior prompt read; new turn appended
compaction-retained-system-sensitivity,compaction-retained-system-sensitivity-terra-baseline,baseline,terra,24,22,main_model_call,0,80000,20000,100000,1000,272000,short,2.0,0.2,2.5,12.0,0.0,0.016,0.05,0.012,0.078,7.8,False,0,prior prompt read; new turn appended
compaction-retained-system-sensitivity,compaction-retained-system-sensitivity-terra-baseline,baseline,terra,25,23,main_model_call,0,100000,20000,120000,1000,272000,short,2.0,0.2,2.5,12.0,0.0,0.02,0.05,0.012,0.082,8.2,False,0,prior prompt read; new turn appended
compaction-retained-system-sensitivity,compaction-retained-system-sensitivity-terra-baseline,baseline,terra,26,24,main_model_call,0,120000,20000,140000,1000,272000,short,2.0,0.2,2.5,12.0,0.0,0.024,0.05,0.012,0.086,8.6,False,0,prior prompt read; new turn appended
compaction-retained-system-sensitivity,compaction-retained-system-sensitivity-terra-baseline,baseline,terra,27,25,main_model_call,0,140000,20000,160000,1000,272000,short,2.0,0.2,2.5,12.0,0.0,0.028,0.05,0.012,0.09,9.0,False,0,prior prompt read; new turn appended
compaction-retained-system-sensitivity,compaction-retained-system-sensitivity-terra-baseline,baseline,terra,28,26,main_model_call,0,160000,20000,180000,1000,272000,short,2.0,0.2,2.5,12.0,0.0,0.032,0.05,0.012,0.094,9.4,False,0,prior prompt read; new turn appended
compaction-retained-system-sensitivity,compaction-retained-system-sensitivity-terra-baseline,baseline,terra,29,27,main_model_call,0,180000,20000,200000,1000,272000,short,2.0,0.2,2.5,12.0,0.0,0.036,0.05,0.012,0.098,9.8,False,0,prior prompt read; new turn appended
compaction-retained-system-sensitivity,compaction-retained-system-sensitivity-terra-baseline,baseline,terra,30,27,compaction,200000,0,0,200000,20000,272000,short,2.0,0.2,2.5,12.0,0.4,0.0,0.0,0.24,0.64,64.0,True,180000,compact before main step 28; input mode=uncached
compaction-retained-system-sensitivity,compaction-retained-system-sensitivity-terra-baseline,baseline,terra,31,28,main_model_call,0,0,40000,40000,1000,272000,short,2.0,0.2,2.5,12.0,0.0,0.0,0.1,0.012,0.112,11.2,False,0,cold prompt written after start or compaction
compaction-retained-system-sensitivity,compaction-retained-system-sensitivity-terra-baseline,baseline,terra,32,29,main_model_call,0,40000,20000,60000,1000,272000,short,2.0,0.2,2.5,12.0,0.0,0.008,0.05,0.012,0.07,7.0,False,0,prior prompt read; new turn appended
compaction-retained-system-sensitivity,compaction-retained-system-sensitivity-terra-baseline,baseline,terra,33,30,main_model_call,0,60000,20000,80000,1000,272000,short,2.0,0.2,2.5,12.0,0.0,0.012,0.05,0.012,0.074,7.4,False,0,prior prompt read; new turn appended
compaction-retained-system-sensitivity,compaction-retained-system-sensitivity-terra-baseline,baseline,terra,34,31,main_model_call,0,80000,20000,100000,1000,272000,short,2.0,0.2,2.5,12.0,0.0,0.016,0.05,0.012,0.078,7.8,False,0,prior prompt read; new turn appended
compaction-retained-system-sensitivity,compaction-retained-system-sensitivity-terra-baseline,baseline,terra,35,32,main_model_call,0,100000,20000,120000,1000,272000,short,2.0,0.2,2.5,12.0,0.0,0.02,0.05,0.012,0.082,8.2,False,0,prior prompt read; new turn appended
compaction-retained-system-sensitivity,compaction-retained-system-sensitivity-terra-baseline,baseline,terra,36,33,main_model_call,0,120000,20000,140000,1000,272000,short,2.0,0.2,2.5,12.0,0.0,0.024,0.05,0.012,0.086,8.6,False,0,prior prompt read; new turn appended
compaction-retained-system-sensitivity,compaction-retained-system-sensitivity-terra-baseline,baseline,terra,37,34,main_model_call,0,140000,20000,160000,1000,272000,short,2.0,0.2,2.5,12.0,0.0,0.028,0.05,0.012,0.09,9.0,False,0,prior prompt read; new turn appended
compaction-retained-system-sensitivity,compaction-retained-system-sensitivity-terra-baseline,baseline,terra,38,35,main_model_call,0,160000,20000,180000,1000,272000,short,2.0,0.2,2.5,12.0,0.0,0.032,0.05,0.012,0.094,9.4,False,0,prior prompt read; new turn appended
compaction-retained-system-sensitivity,compaction-retained-system-sensitivity-terra-baseline,baseline,terra,39,36,main_model_call,0,180000,20000,200000,1000,272000,short,2.0,0.2,2.5,12.0,0.0,0.036,0.05,0.012,0.098,9.8,False,0,prior prompt read; new turn appended
compaction-retained-system-sensitivity,compaction-retained-system-sensitivity-terra-baseline,baseline,terra,40,36,compaction,200000,0,0,200000,20000,272000,short,2.0,0.2,2.5,12.0,0.4,0.0,0.0,0.24,0.64,64.0,True,180000,compact before main step 37; input mode=uncached
compaction-retained-system-sensitivity,compaction-retained-system-sensitivity-terra-baseline,baseline,terra,41,37,main_model_call,0,0,40000,40000,1000,272000,short,2.0,0.2,2.5,12.0,0.0,0.0,0.1,0.012,0.112,11.2,False,0,cold prompt written after start or compaction
compaction-retained-system-sensitivity,compaction-retained-system-sensitivity-terra-baseline,baseline,terra,42,38,main_model_call,0,40000,20000,60000,1000,272000,short,2.0,0.2,2.5,12.0,0.0,0.008,0.05,0.012,0.07,7.0,False,0,prior prompt read; new turn appended
compaction-retained-system-sensitivity,compaction-retained-system-sensitivity-terra-baseline,baseline,terra,43,39,main_model_call,0,60000,20000,80000,1000,272000,short,2.0,0.2,2.5,12.0,0.0,0.012,0.05,0.012,0.074,7.4,False,0,prior prompt read; new turn appended
compaction-retained-system-sensitivity,compaction-retained-system-sensitivity-terra-comparison,comparison,terra,1,1,main_model_call,0,0,40000,40000,1000,272000,short,2.0,0.2,2.5,12.0,0.0,0.0,0.1,0.012,0.112,11.2,False,0,cold prompt written after start or compaction
compaction-retained-system-sensitivity,compaction-retained-system-sensitivity-terra-comparison,comparison,terra,2,2,main_model_call,0,40000,20000,60000,1000,272000,short,2.0,0.2,2.5,12.0,0.0,0.008,0.05,0.012,0.07,7.0,False,0,prior prompt read; new turn appended
compaction-retained-system-sensitivity,compaction-retained-system-sensitivity-terra-comparison,comparison,terra,3,3,main_model_call,0,60000,20000,80000,1000,272000,short,2.0,0.2,2.5,12.0,0.0,0.012,0.05,0.012,0.074,7.4,False,0,prior prompt read; new turn appended
compaction-retained-system-sensitivity,compaction-retained-system-sensitivity-terra-comparison,comparison,terra,4,4,main_model_call,0,80000,20000,100000,1000,272000,short,2.0,0.2,2.5,12.0,0.0,0.016,0.05,0.012,0.078,7.8,False,0,prior prompt read; new turn appended
compaction-retained-system-sensitivity,compaction-retained-system-sensitivity-terra-comparison,comparison,terra,5,5,main_model_call,0,100000,20000,120000,1000,272000,short,2.0,0.2,2.5,12.0,0.0,0.02,0.05,0.012,0.082,8.2,False,0,prior prompt read; new turn appended
compaction-retained-system-sensitivity,compaction-retained-system-sensitivity-terra-comparison,comparison,terra,6,6,main_model_call,0,120000,20000,140000,1000,272000,short,2.0,0.2,2.5,12.0,0.0,0.024,0.05,0.012,0.086,8.6,False,0,prior prompt read; new turn appended
compaction-retained-system-sensitivity,compaction-retained-system-sensitivity-terra-comparison,comparison,terra,7,7,main_model_call,0,140000,20000,160000,1000,272000,short,2.0,0.2,2.5,12.0,0.0,0.028,0.05,0.012,0.09,9.0,False,0,prior prompt read; new turn appended
compaction-retained-system-sensitivity,compaction-retained-system-sensitivity-terra-comparison,comparison,terra,8,8,main_model_call,0,160000,20000,180000,1000,272000,short,2.0,0.2,2.5,12.0,0.0,0.032,0.05,0.012,0.094,9.4,False,0,prior prompt read; new turn appended
compaction-retained-system-sensitivity,compaction-retained-system-sensitivity-terra-comparison,comparison,terra,9,9,main_model_call,0,180000,20000,200000,1000,272000,short,2.0,0.2,2.5,12.0,0.0,0.036,0.05,0.012,0.098,9.8,False,0,prior prompt read; new turn appended
compaction-retained-system-sensitivity,compaction-retained-system-sensitivity-terra-comparison,comparison,terra,10,9,compaction,200000,0,0,200000,20000,272000,short,2.0,0.2,2.5,12.0,0.4,0.0,0.0,0.24,0.64,64.0,True,180000,compact before main step 10; input mode=uncached
compaction-retained-system-sensitivity,compaction-retained-system-sensitivity-terra-comparison,comparison,terra,11,10,main_model_call,0,20000,20000,40000,1000,272000,short,2.0,0.2,2.5,12.0,0.0,0.004,0.05,0.012,0.066,6.6,False,0,stable system prefix survives compaction
compaction-retained-system-sensitivity,compaction-retained-system-sensitivity-terra-comparison,comparison,terra,12,11,main_model_call,0,40000,20000,60000,1000,272000,short,2.0,0.2,2.5,12.0,0.0,0.008,0.05,0.012,0.07,7.0,False,0,prior prompt read; new turn appended
compaction-retained-system-sensitivity,compaction-retained-system-sensitivity-terra-comparison,comparison,terra,13,12,main_model_call,0,60000,20000,80000,1000,272000,short,2.0,0.2,2.5,12.0,0.0,0.012,0.05,0.012,0.074,7.4,False,0,prior prompt read; new turn appended
compaction-retained-system-sensitivity,compaction-retained-system-sensitivity-terra-comparison,comparison,terra,14,13,main_model_call,0,80000,20000,100000,1000,272000,short,2.0,0.2,2.5,12.0,0.0,0.016,0.05,0.012,0.078,7.8,False,0,prior prompt read; new turn appended
compaction-retained-system-sensitivity,compaction-retained-system-sensitivity-terra-comparison,comparison,terra,15,14,main_model_call,0,100000,20000,120000,1000,272000,short,2.0,0.2,2.5,12.0,0.0,0.02,0.05,0.012,0.082,8.2,False,0,prior prompt read; new turn appended
compaction-retained-system-sensitivity,compaction-retained-system-sensitivity-terra-comparison,comparison,terra,16,15,main_model_call,0,120000,20000,140000,1000,272000,short,2.0,0.2,2.5,12.0,0.0,0.024,0.05,0.012,0.086,8.6,False,0,prior prompt read; new turn appended
compaction-retained-system-sensitivity,compaction-retained-system-sensitivity-terra-comparison,comparison,terra,17,16,main_model_call,0,140000,20000,160000,1000,272000,short,2.0,0.2,2.5,12.0,0.0,0.028,0.05,0.012,0.09,9.0,False,0,prior prompt read; new turn appended
compaction-retained-system-sensitivity,compaction-retained-system-sensitivity-terra-comparison,comparison,terra,18,17,main_model_call,0,160000,20000,180000,1000,272000,short,2.0,0.2,2.5,12.0,0.0,0.032,0.05,0.012,0.094,9.4,False,0,prior prompt read; new turn appended
compaction-retained-system-sensitivity,compaction-retained-system-sensitivity-terra-comparison,comparison,terra,19,18,main_model_call,0,180000,20000,200000,1000,272000,short,2.0,0.2,2.5,12.0,0.0,0.036,0.05,0.012,0.098,9.8,False,0,prior prompt read; new turn appended
compaction-retained-system-sensitivity,compaction-retained-system-sensitivity-terra-comparison,comparison,terra,20,18,compaction,200000,0,0,200000,20000,272000,short,2.0,0.2,2.5,12.0,0.4,0.0,0.0,0.24,0.64,64.0,True,180000,compact before main step 19; input mode=uncached
compaction-retained-system-sensitivity,compaction-retained-system-sensitivity-terra-comparison,comparison,terra,21,19,main_model_call,0,20000,20000,40000,1000,272000,short,2.0,0.2,2.5,12.0,0.0,0.004,0.05,0.012,0.066,6.6,False,0,stable system prefix survives compaction
compaction-retained-system-sensitivity,compaction-retained-system-sensitivity-terra-comparison,comparison,terra,22,20,main_model_call,0,40000,20000,60000,1000,272000,short,2.0,0.2,2.5,12.0,0.0,0.008,0.05,0.012,0.07,7.0,False,0,prior prompt read; new turn appended
compaction-retained-system-sensitivity,compaction-retained-system-sensitivity-terra-comparison,comparison,terra,23,21,main_model_call,0,60000,20000,80000,1000,272000,short,2.0,0.2,2.5,12.0,0.0,0.012,0.05,0.012,0.074,7.4,False,0,prior prompt read; new turn appended
compaction-retained-system-sensitivity,compaction-retained-system-sensitivity-terra-comparison,comparison,terra,24,22,main_model_call,0,80000,20000,100000,1000,272000,short,2.0,0.2,2.5,12.0,0.0,0.016,0.05,0.012,0.078,7.8,False,0,prior prompt read; new turn appended
compaction-retained-system-sensitivity,compaction-retained-system-sensitivity-terra-comparison,comparison,terra,25,23,main_model_call,0,100000,20000,120000,1000,272000,short,2.0,0.2,2.5,12.0,0.0,0.02,0.05,0.012,0.082,8.2,False,0,prior prompt read; new turn appended
compaction-retained-system-sensitivity,compaction-retained-system-sensitivity-terra-comparison,comparison,terra,26,24,main_model_call,0,120000,20000,140000,1000,272000,short,2.0,0.2,2.5,12.0,0.0,0.024,0.05,0.012,0.086,8.6,False,0,prior prompt read; new turn appended
compaction-retained-system-sensitivity,compaction-retained-system-sensitivity-terra-comparison,comparison,terra,27,25,main_model_call,0,140000,20000,160000,1000,272000,short,2.0,0.2,2.5,12.0,0.0,0.028,0.05,0.012,0.09,9.0,False,0,prior prompt read; new turn appended
compaction-retained-system-sensitivity,compaction-retained-system-sensitivity-terra-comparison,comparison,terra,28,26,main_model_call,0,160000,20000,180000,1000,272000,short,2.0,0.2,2.5,12.0,0.0,0.032,0.05,0.012,0.094,9.4,False,0,prior prompt read; new turn appended
compaction-retained-system-sensitivity,compaction-retained-system-sensitivity-terra-comparison,comparison,terra,29,27,main_model_call,0,180000,20000,200000,1000,272000,short,2.0,0.2,2.5,12.0,0.0,0.036,0.05,0.012,0.098,9.8,False,0,prior prompt read; new turn appended
compaction-retained-system-sensitivity,compaction-retained-system-sensitivity-terra-comparison,comparison,terra,30,27,compaction,200000,0,0,200000,20000,272000,short,2.0,0.2,2.5,12.0,0.4,0.0,0.0,0.24,0.64,64.0,True,180000,compact before main step 28; input mode=uncached
compaction-retained-system-sensitivity,compaction-retained-system-sensitivity-terra-comparison,comparison,terra,31,28,main_model_call,0,20000,20000,40000,1000,272000,short,2.0,0.2,2.5,12.0,0.0,0.004,0.05,0.012,0.066,6.6,False,0,stable system prefix survives compaction
compaction-retained-system-sensitivity,compaction-retained-system-sensitivity-terra-comparison,comparison,terra,32,29,main_model_call,0,40000,20000,60000,1000,272000,short,2.0,0.2,2.5,12.0,0.0,0.008,0.05,0.012,0.07,7.0,False,0,prior prompt read; new turn appended
compaction-retained-system-sensitivity,compaction-retained-system-sensitivity-terra-comparison,comparison,terra,33,30,main_model_call,0,60000,20000,80000,1000,272000,short,2.0,0.2,2.5,12.0,0.0,0.012,0.05,0.012,0.074,7.4,False,0,prior prompt read; new turn appended
compaction-retained-system-sensitivity,compaction-retained-system-sensitivity-terra-comparison,comparison,terra,34,31,main_model_call,0,80000,20000,100000,1000,272000,short,2.0,0.2,2.5,12.0,0.0,0.016,0.05,0.012,0.078,7.8,False,0,prior prompt read; new turn appended
compaction-retained-system-sensitivity,compaction-retained-system-sensitivity-terra-comparison,comparison,terra,35,32,main_model_call,0,100000,20000,120000,1000,272000,short,2.0,0.2,2.5,12.0,0.0,0.02,0.05,0.012,0.082,8.2,False,0,prior prompt read; new turn appended
compaction-retained-system-sensitivity,compaction-retained-system-sensitivity-terra-comparison,comparison,terra,36,33,main_model_call,0,120000,20000,140000,1000,272000,short,2.0,0.2,2.5,12.0,0.0,0.024,0.05,0.012,0.086,8.6,False,0,prior prompt read; new turn appended
compaction-retained-system-sensitivity,compaction-retained-system-sensitivity-terra-comparison,comparison,terra,37,34,main_model_call,0,140000,20000,160000,1000,272000,short,2.0,0.2,2.5,12.0,0.0,0.028,0.05,0.012,0.09,9.0,False,0,prior prompt read; new turn appended
compaction-retained-system-sensitivity,compaction-retained-system-sensitivity-terra-comparison,comparison,terra,38,35,main_model_call,0,160000,20000,180000,1000,272000,short,2.0,0.2,2.5,12.0,0.0,0.032,0.05,0.012,0.094,9.4,False,0,prior prompt read; new turn appended
compaction-retained-system-sensitivity,compaction-retained-system-sensitivity-terra-comparison,comparison,terra,39,36,main_model_call,0,180000,20000,200000,1000,272000,short,2.0,0.2,2.5,12.0,0.0,0.036,0.05,0.012,0.098,9.8,False,0,prior prompt read; new turn appended
compaction-retained-system-sensitivity,compaction-retained-system-sensitivity-terra-comparison,comparison,terra,40,36,compaction,200000,0,0,200000,20000,272000,short,2.0,0.2,2.5,12.0,0.4,0.0,0.0,0.24,0.64,64.0,True,180000,compact before main step 37; input mode=uncached
compaction-retained-system-sensitivity,compaction-retained-system-sensitivity-terra-comparison,comparison,terra,41,37,main_model_call,0,20000,20000,40000,1000,272000,short,2.0,0.2,2.5,12.0,0.0,0.004,0.05,0.012,0.066,6.6,False,0,stable system prefix survives compaction
compaction-retained-system-sensitivity,compaction-retained-system-sensitivity-terra-comparison,comparison,terra,42,38,main_model_call,0,40000,20000,60000,1000,272000,short,2.0,0.2,2.5,12.0,0.0,0.008,0.05,0.012,0.07,7.0,False,0,prior prompt read; new turn appended
compaction-retained-system-sensitivity,compaction-retained-system-sensitivity-terra-comparison,comparison,terra,43,39,main_model_call,0,60000,20000,80000,1000,272000,short,2.0,0.2,2.5,12.0,0.0,0.012,0.05,0.012,0.074,7.4,False,0,prior prompt read; new turn appended
compaction-retained-system-sensitivity,compaction-retained-system-sensitivity-sol-baseline,baseline,sol,1,1,main_model_call,0,0,40000,40000,1000,272000,short,4.0,0.4,5.0,20.0,0.0,0.0,0.2,0.02,0.22,22.0,False,0,cold prompt written after start or compaction
compaction-retained-system-sensitivity,compaction-retained-system-sensitivity-sol-baseline,baseline,sol,2,2,main_model_call,0,40000,20000,60000,1000,272000,short,4.0,0.4,5.0,20.0,0.0,0.016,0.1,0.02,0.136,13.6,False,0,prior prompt read; new turn appended
compaction-retained-system-sensitivity,compaction-retained-system-sensitivity-sol-baseline,baseline,sol,3,3,main_model_call,0,60000,20000,80000,1000,272000,short,4.0,0.4,5.0,20.0,0.0,0.024,0.1,0.02,0.144,14.4,False,0,prior prompt read; new turn appended
compaction-retained-system-sensitivity,compaction-retained-system-sensitivity-sol-baseline,baseline,sol,4,4,main_model_call,0,80000,20000,100000,1000,272000,short,4.0,0.4,5.0,20.0,0.0,0.032,0.1,0.02,0.152,15.2,False,0,prior prompt read; new turn appended
compaction-retained-system-sensitivity,compaction-retained-system-sensitivity-sol-baseline,baseline,sol,5,5,main_model_call,0,100000,20000,120000,1000,272000,short,4.0,0.4,5.0,20.0,0.0,0.04,0.1,0.02,0.16,16.0,False,0,prior prompt read; new turn appended
compaction-retained-system-sensitivity,compaction-retained-system-sensitivity-sol-baseline,baseline,sol,6,6,main_model_call,0,120000,20000,140000,1000,272000,short,4.0,0.4,5.0,20.0,0.0,0.048,0.1,0.02,0.168,16.8,False,0,prior prompt read; new turn appended
compaction-retained-system-sensitivity,compaction-retained-system-sensitivity-sol-baseline,baseline,sol,7,7,main_model_call,0,140000,20000,160000,1000,272000,short,4.0,0.4,5.0,20.0,0.0,0.056,0.1,0.02,0.176,17.6,False,0,prior prompt read; new turn appended
compaction-retained-system-sensitivity,compaction-retained-system-sensitivity-sol-baseline,baseline,sol,8,8,main_model_call,0,160000,20000,180000,1000,272000,short,4.0,0.4,5.0,20.0,0.0,0.064,0.1,0.02,0.184,18.4,False,0,prior prompt read; new turn appended
compaction-retained-system-sensitivity,compaction-retained-system-sensitivity-sol-baseline,baseline,sol,9,9,main_model_call,0,180000,20000,200000,1000,272000,short,4.0,0.4,5.0,20.0,0.0,0.072,0.1,0.02,0.192,19.2,False,0,prior prompt read; new turn appended
compaction-retained-system-sensitivity,compaction-retained-system-sensitivity-sol-baseline,baseline,sol,10,9,compaction,200000,0,0,200000,20000,272000,short,4.0,0.4,5.0,20.0,0.8,0.0,0.0,0.4,1.2,120.0,True,180000,compact before main step 10; input mode=uncached
compaction-retained-system-sensitivity,compaction-retained-system-sensitivity-sol-baseline,baseline,sol,11,10,main_model_call,0,0,40000,40000,1000,272000,short,4.0,0.4,5.0,20.0,0.0,0.0,0.2,0.02,0.22,22.0,False,0,cold prompt written after start or compaction
compaction-retained-system-sensitivity,compaction-retained-system-sensitivity-sol-baseline,baseline,sol,12,11,main_model_call,0,40000,20000,60000,1000,272000,short,4.0,0.4,5.0,20.0,0.0,0.016,0.1,0.02,0.136,13.6,False,0,prior prompt read; new turn appended
compaction-retained-system-sensitivity,compaction-retained-system-sensitivity-sol-baseline,baseline,sol,13,12,main_model_call,0,60000,20000,80000,1000,272000,short,4.0,0.4,5.0,20.0,0.0,0.024,0.1,0.02,0.144,14.4,False,0,prior prompt read; new turn appended
compaction-retained-system-sensitivity,compaction-retained-system-sensitivity-sol-baseline,baseline,sol,14,13,main_model_call,0,80000,20000,100000,1000,272000,short,4.0,0.4,5.0,20.0,0.0,0.032,0.1,0.02,0.152,15.2,False,0,prior prompt read; new turn appended
compaction-retained-system-sensitivity,compaction-retained-system-sensitivity-sol-baseline,baseline,sol,15,14,main_model_call,0,100000,20000,120000,1000,272000,short,4.0,0.4,5.0,20.0,0.0,0.04,0.1,0.02,0.16,16.0,False,0,prior prompt read; new turn appended
compaction-retained-system-sensitivity,compaction-retained-system-sensitivity-sol-baseline,baseline,sol,16,15,main_model_call,0,120000,20000,140000,1000,272000,short,4.0,0.4,5.0,20.0,0.0,0.048,0.1,0.02,0.168,16.8,False,0,prior prompt read; new turn appended
compaction-retained-system-sensitivity,compaction-retained-system-sensitivity-sol-baseline,baseline,sol,17,16,main_model_call,0,140000,20000,160000,1000,272000,short,4.0,0.4,5.0,20.0,0.0,0.056,0.1,0.02,0.176,17.6,False,0,prior prompt read; new turn appended
compaction-retained-system-sensitivity,compaction-retained-system-sensitivity-sol-baseline,baseline,sol,18,17,main_model_call,0,160000,20000,180000,1000,272000,short,4.0,0.4,5.0,20.0,0.0,0.064,0.1,0.02,0.184,18.4,False,0,prior prompt read; new turn appended
compaction-retained-system-sensitivity,compaction-retained-system-sensitivity-sol-baseline,baseline,sol,19,18,main_model_call,0,180000,20000,200000,1000,272000,short,4.0,0.4,5.0,20.0,0.0,0.072,0.1,0.02,0.192,19.2,False,0,prior prompt read; new turn appended
compaction-retained-system-sensitivity,compaction-retained-system-sensitivity-sol-baseline,baseline,sol,20,18,compaction,200000,0,0,200000,20000,272000,short,4.0,0.4,5.0,20.0,0.8,0.0,0.0,0.4,1.2,120.0,True,180000,compact before main step 19; input mode=uncached
compaction-retained-system-sensitivity,compaction-retained-system-sensitivity-sol-baseline,baseline,sol,21,19,main_model_call,0,0,40000,40000,1000,272000,short,4.0,0.4,5.0,20.0,0.0,0.0,0.2,0.02,0.22,22.0,False,0,cold prompt written after start or compaction
compaction-retained-system-sensitivity,compaction-retained-system-sensitivity-sol-baseline,baseline,sol,22,20,main_model_call,0,40000,20000,60000,1000,272000,short,4.0,0.4,5.0,20.0,0.0,0.016,0.1,0.02,0.136,13.6,False,0,prior prompt read; new turn appended
compaction-retained-system-sensitivity,compaction-retained-system-sensitivity-sol-baseline,baseline,sol,23,21,main_model_call,0,60000,20000,80000,1000,272000,short,4.0,0.4,5.0,20.0,0.0,0.024,0.1,0.02,0.144,14.4,False,0,prior prompt read; new turn appended
compaction-retained-system-sensitivity,compaction-retained-system-sensitivity-sol-baseline,baseline,sol,24,22,main_model_call,0,80000,20000,100000,1000,272000,short,4.0,0.4,5.0,20.0,0.0,0.032,0.1,0.02,0.152,15.2,False,0,prior prompt read; new turn appended
compaction-retained-system-sensitivity,compaction-retained-system-sensitivity-sol-baseline,baseline,sol,25,23,main_model_call,0,100000,20000,120000,1000,272000,short,4.0,0.4,5.0,20.0,0.0,0.04,0.1,0.02,0.16,16.0,False,0,prior prompt read; new turn appended
compaction-retained-system-sensitivity,compaction-retained-system-sensitivity-sol-baseline,baseline,sol,26,24,main_model_call,0,120000,20000,140000,1000,272000,short,4.0,0.4,5.0,20.0,0.0,0.048,0.1,0.02,0.168,16.8,False,0,prior prompt read; new turn appended
compaction-retained-system-sensitivity,compaction-retained-system-sensitivity-sol-baseline,baseline,sol,27,25,main_model_call,0,140000,20000,160000,1000,272000,short,4.0,0.4,5.0,20.0,0.0,0.056,0.1,0.02,0.176,17.6,False,0,prior prompt read; new turn appended
compaction-retained-system-sensitivity,compaction-retained-system-sensitivity-sol-baseline,baseline,sol,28,26,main_model_call,0,160000,20000,180000,1000,272000,short,4.0,0.4,5.0,20.0,0.0,0.064,0.1,0.02,0.184,18.4,False,0,prior prompt read; new turn appended
compaction-retained-system-sensitivity,compaction-retained-system-sensitivity-sol-baseline,baseline,sol,29,27,main_model_call,0,180000,20000,200000,1000,272000,short,4.0,0.4,5.0,20.0,0.0,0.072,0.1,0.02,0.192,19.2,False,0,prior prompt read; new turn appended
compaction-retained-system-sensitivity,compaction-retained-system-sensitivity-sol-baseline,baseline,sol,30,27,compaction,200000,0,0,200000,20000,272000,short,4.0,0.4,5.0,20.0,0.8,0.0,0.0,0.4,1.2,120.0,True,180000,compact before main step 28; input mode=uncached
compaction-retained-system-sensitivity,compaction-retained-system-sensitivity-sol-baseline,baseline,sol,31,28,main_model_call,0,0,40000,40000,1000,272000,short,4.0,0.4,5.0,20.0,0.0,0.0,0.2,0.02,0.22,22.0,False,0,cold prompt written after start or compaction
compaction-retained-system-sensitivity,compaction-retained-system-sensitivity-sol-baseline,baseline,sol,32,29,main_model_call,0,40000,20000,60000,1000,272000,short,4.0,0.4,5.0,20.0,0.0,0.016,0.1,0.02,0.136,13.6,False,0,prior prompt read; new turn appended
compaction-retained-system-sensitivity,compaction-retained-system-sensitivity-sol-baseline,baseline,sol,33,30,main_model_call,0,60000,20000,80000,1000,272000,short,4.0,0.4,5.0,20.0,0.0,0.024,0.1,0.02,0.144,14.4,False,0,prior prompt read; new turn appended
compaction-retained-system-sensitivity,compaction-retained-system-sensitivity-sol-baseline,baseline,sol,34,31,main_model_call,0,80000,20000,100000,1000,272000,short,4.0,0.4,5.0,20.0,0.0,0.032,0.1,0.02,0.152,15.2,False,0,prior prompt read; new turn appended
compaction-retained-system-sensitivity,compaction-retained-system-sensitivity-sol-baseline,baseline,sol,35,32,main_model_call,0,100000,20000,120000,1000,272000,short,4.0,0.4,5.0,20.0,0.0,0.04,0.1,0.02,0.16,16.0,False,0,prior prompt read; new turn appended
compaction-retained-system-sensitivity,compaction-retained-system-sensitivity-sol-baseline,baseline,sol,36,33,main_model_call,0,120000,20000,140000,1000,272000,short,4.0,0.4,5.0,20.0,0.0,0.048,0.1,0.02,0.168,16.8,False,0,prior prompt read; new turn appended
compaction-retained-system-sensitivity,compaction-retained-system-sensitivity-sol-baseline,baseline,sol,37,34,main_model_call,0,140000,20000,160000,1000,272000,short,4.0,0.4,5.0,20.0,0.0,0.056,0.1,0.02,0.176,17.6,False,0,prior prompt read; new turn appended
compaction-retained-system-sensitivity,compaction-retained-system-sensitivity-sol-baseline,baseline,sol,38,35,main_model_call,0,160000,20000,180000,1000,272000,short,4.0,0.4,5.0,20.0,0.0,0.064,0.1,0.02,0.184,18.4,False,0,prior prompt read; new turn appended
compaction-retained-system-sensitivity,compaction-retained-system-sensitivity-sol-baseline,baseline,sol,39,36,main_model_call,0,180000,20000,200000,1000,272000,short,4.0,0.4,5.0,20.0,0.0,0.072,0.1,0.02,0.192,19.2,False,0,prior prompt read; new turn appended
compaction-retained-system-sensitivity,compaction-retained-system-sensitivity-sol-baseline,baseline,sol,40,36,compaction,200000,0,0,200000,20000,272000,short,4.0,0.4,5.0,20.0,0.8,0.0,0.0,0.4,1.2,120.0,True,180000,compact before main step 37; input mode=uncached
compaction-retained-system-sensitivity,compaction-retained-system-sensitivity-sol-baseline,baseline,sol,41,37,main_model_call,0,0,40000,40000,1000,272000,short,4.0,0.4,5.0,20.0,0.0,0.0,0.2,0.02,0.22,22.0,False,0,cold prompt written after start or compaction
compaction-retained-system-sensitivity,compaction-retained-system-sensitivity-sol-baseline,baseline,sol,42,38,main_model_call,0,40000,20000,60000,1000,272000,short,4.0,0.4,5.0,20.0,0.0,0.016,0.1,0.02,0.136,13.6,False,0,prior prompt read; new turn appended
compaction-retained-system-sensitivity,compaction-retained-system-sensitivity-sol-baseline,baseline,sol,43,39,main_model_call,0,60000,20000,80000,1000,272000,short,4.0,0.4,5.0,20.0,0.0,0.024,0.1,0.02,0.144,14.4,False,0,prior prompt read; new turn appended
compaction-retained-system-sensitivity,compaction-retained-system-sensitivity-sol-comparison,comparison,sol,1,1,main_model_call,0,0,40000,40000,1000,272000,short,4.0,0.4,5.0,20.0,0.0,0.0,0.2,0.02,0.22,22.0,False,0,cold prompt written after start or compaction
compaction-retained-system-sensitivity,compaction-retained-system-sensitivity-sol-comparison,comparison,sol,2,2,main_model_call,0,40000,20000,60000,1000,272000,short,4.0,0.4,5.0,20.0,0.0,0.016,0.1,0.02,0.136,13.6,False,0,prior prompt read; new turn appended
compaction-retained-system-sensitivity,compaction-retained-system-sensitivity-sol-comparison,comparison,sol,3,3,main_model_call,0,60000,20000,80000,1000,272000,short,4.0,0.4,5.0,20.0,0.0,0.024,0.1,0.02,0.144,14.4,False,0,prior prompt read; new turn appended
compaction-retained-system-sensitivity,compaction-retained-system-sensitivity-sol-comparison,comparison,sol,4,4,main_model_call,0,80000,20000,100000,1000,272000,short,4.0,0.4,5.0,20.0,0.0,0.032,0.1,0.02,0.152,15.2,False,0,prior prompt read; new turn appended
compaction-retained-system-sensitivity,compaction-retained-system-sensitivity-sol-comparison,comparison,sol,5,5,main_model_call,0,100000,20000,120000,1000,272000,short,4.0,0.4,5.0,20.0,0.0,0.04,0.1,0.02,0.16,16.0,False,0,prior prompt read; new turn appended
compaction-retained-system-sensitivity,compaction-retained-system-sensitivity-sol-comparison,comparison,sol,6,6,main_model_call,0,120000,20000,140000,1000,272000,short,4.0,0.4,5.0,20.0,0.0,0.048,0.1,0.02,0.168,16.8,False,0,prior prompt read; new turn appended
compaction-retained-system-sensitivity,compaction-retained-system-sensitivity-sol-comparison,comparison,sol,7,7,main_model_call,0,140000,20000,160000,1000,272000,short,4.0,0.4,5.0,20.0,0.0,0.056,0.1,0.02,0.176,17.6,False,0,prior prompt read; new turn appended
compaction-retained-system-sensitivity,compaction-retained-system-sensitivity-sol-comparison,comparison,sol,8,8,main_model_call,0,160000,20000,180000,1000,272000,short,4.0,0.4,5.0,20.0,0.0,0.064,0.1,0.02,0.184,18.4,False,0,prior prompt read; new turn appended
compaction-retained-system-sensitivity,compaction-retained-system-sensitivity-sol-comparison,comparison,sol,9,9,main_model_call,0,180000,20000,200000,1000,272000,short,4.0,0.4,5.0,20.0,0.0,0.072,0.1,0.02,0.192,19.2,False,0,prior prompt read; new turn appended
compaction-retained-system-sensitivity,compaction-retained-system-sensitivity-sol-comparison,comparison,sol,10,9,compaction,200000,0,0,200000,20000,272000,short,4.0,0.4,5.0,20.0,0.8,0.0,0.0,0.4,1.2,120.0,True,180000,compact before main step 10; input mode=uncached
compaction-retained-system-sensitivity,compaction-retained-system-sensitivity-sol-comparison,comparison,sol,11,10,main_model_call,0,20000,20000,40000,1000,272000,short,4.0,0.4,5.0,20.0,0.0,0.008,0.1,0.02,0.128,12.8,False,0,stable system prefix survives compaction
compaction-retained-system-sensitivity,compaction-retained-system-sensitivity-sol-comparison,comparison,sol,12,11,main_model_call,0,40000,20000,60000,1000,272000,short,4.0,0.4,5.0,20.0,0.0,0.016,0.1,0.02,0.136,13.6,False,0,prior prompt read; new turn appended
compaction-retained-system-sensitivity,compaction-retained-system-sensitivity-sol-comparison,comparison,sol,13,12,main_model_call,0,60000,20000,80000,1000,272000,short,4.0,0.4,5.0,20.0,0.0,0.024,0.1,0.02,0.144,14.4,False,0,prior prompt read; new turn appended
compaction-retained-system-sensitivity,compaction-retained-system-sensitivity-sol-comparison,comparison,sol,14,13,main_model_call,0,80000,20000,100000,1000,272000,short,4.0,0.4,5.0,20.0,0.0,0.032,0.1,0.02,0.152,15.2,False,0,prior prompt read; new turn appended
compaction-retained-system-sensitivity,compaction-retained-system-sensitivity-sol-comparison,comparison,sol,15,14,main_model_call,0,100000,20000,120000,1000,272000,short,4.0,0.4,5.0,20.0,0.0,0.04,0.1,0.02,0.16,16.0,False,0,prior prompt read; new turn appended
compaction-retained-system-sensitivity,compaction-retained-system-sensitivity-sol-comparison,comparison,sol,16,15,main_model_call,0,120000,20000,140000,1000,272000,short,4.0,0.4,5.0,20.0,0.0,0.048,0.1,0.02,0.168,16.8,False,0,prior prompt read; new turn appended
compaction-retained-system-sensitivity,compaction-retained-system-sensitivity-sol-comparison,comparison,sol,17,16,main_model_call,0,140000,20000,160000,1000,272000,short,4.0,0.4,5.0,20.0,0.0,0.056,0.1,0.02,0.176,17.6,False,0,prior prompt read; new turn appended
compaction-retained-system-sensitivity,compaction-retained-system-sensitivity-sol-comparison,comparison,sol,18,17,main_model_call,0,160000,20000,180000,1000,272000,short,4.0,0.4,5.0,20.0,0.0,0.064,0.1,0.02,0.184,18.4,False,0,prior prompt read; new turn appended
compaction-retained-system-sensitivity,compaction-retained-system-sensitivity-sol-comparison,comparison,sol,19,18,main_model_call,0,180000,20000,200000,1000,272000,short,4.0,0.4,5.0,20.0,0.0,0.072,0.1,0.02,0.192,19.2,False,0,prior prompt read; new turn appended
compaction-retained-system-sensitivity,compaction-retained-system-sensitivity-sol-comparison,comparison,sol,20,18,compaction,200000,0,0,200000,20000,272000,short,4.0,0.4,5.0,20.0,0.8,0.0,0.0,0.4,1.2,120.0,True,180000,compact before main step 19; input mode=uncached
compaction-retained-system-sensitivity,compaction-retained-system-sensitivity-sol-comparison,comparison,sol,21,19,main_model_call,0,20000,20000,40000,1000,272000,short,4.0,0.4,5.0,20.0,0.0,0.008,0.1,0.02,0.128,12.8,False,0,stable system prefix survives compaction
compaction-retained-system-sensitivity,compaction-retained-system-sensitivity-sol-comparison,comparison,sol,22,20,main_model_call,0,40000,20000,60000,1000,272000,short,4.0,0.4,5.0,20.0,0.0,0.016,0.1,0.02,0.136,13.6,False,0,prior prompt read; new turn appended
compaction-retained-system-sensitivity,compaction-retained-system-sensitivity-sol-comparison,comparison,sol,23,21,main_model_call,0,60000,20000,80000,1000,272000,short,4.0,0.4,5.0,20.0,0.0,0.024,0.1,0.02,0.144,14.4,False,0,prior prompt read; new turn appended
compaction-retained-system-sensitivity,compaction-retained-system-sensitivity-sol-comparison,comparison,sol,24,22,main_model_call,0,80000,20000,100000,1000,272000,short,4.0,0.4,5.0,20.0,0.0,0.032,0.1,0.02,0.152,15.2,False,0,prior prompt read; new turn appended
compaction-retained-system-sensitivity,compaction-retained-system-sensitivity-sol-comparison,comparison,sol,25,23,main_model_call,0,100000,20000,120000,1000,272000,short,4.0,0.4,5.0,20.0,0.0,0.04,0.1,0.02,0.16,16.0,False,0,prior prompt read; new turn appended
compaction-retained-system-sensitivity,compaction-retained-system-sensitivity-sol-comparison,comparison,sol,26,24,main_model_call,0,120000,20000,140000,1000,272000,short,4.0,0.4,5.0,20.0,0.0,0.048,0.1,0.02,0.168,16.8,False,0,prior prompt read; new turn appended
compaction-retained-system-sensitivity,compaction-retained-system-sensitivity-sol-comparison,comparison,sol,27,25,main_model_call,0,140000,20000,160000,1000,272000,short,4.0,0.4,5.0,20.0,0.0,0.056,0.1,0.02,0.176,17.6,False,0,prior prompt read; new turn appended
compaction-retained-system-sensitivity,compaction-retained-system-sensitivity-sol-comparison,comparison,sol,28,26,main_model_call,0,160000,20000,180000,1000,272000,short,4.0,0.4,5.0,20.0,0.0,0.064,0.1,0.02,0.184,18.4,False,0,prior prompt read; new turn appended
compaction-retained-system-sensitivity,compaction-retained-system-sensitivity-sol-comparison,comparison,sol,29,27,main_model_call,0,180000,20000,200000,1000,272000,short,4.0,0.4,5.0,20.0,0.0,0.072,0.1,0.02,0.192,19.2,False,0,prior prompt read; new turn appended
compaction-retained-system-sensitivity,compaction-retained-system-sensitivity-sol-comparison,comparison,sol,30,27,compaction,200000,0,0,200000,20000,272000,short,4.0,0.4,5.0,20.0,0.8,0.0,0.0,0.4,1.2,120.0,True,180000,compact before main step 28; input mode=uncached
compaction-retained-system-sensitivity,compaction-retained-system-sensitivity-sol-comparison,comparison,sol,31,28,main_model_call,0,20000,20000,40000,1000,272000,short,4.0,0.4,5.0,20.0,0.0,0.008,0.1,0.02,0.128,12.8,False,0,stable system prefix survives compaction
compaction-retained-system-sensitivity,compaction-retained-system-sensitivity-sol-comparison,comparison,sol,32,29,main_model_call,0,40000,20000,60000,1000,272000,short,4.0,0.4,5.0,20.0,0.0,0.016,0.1,0.02,0.136,13.6,False,0,prior prompt read; new turn appended
compaction-retained-system-sensitivity,compaction-retained-system-sensitivity-sol-comparison,comparison,sol,33,30,main_model_call,0,60000,20000,80000,1000,272000,short,4.0,0.4,5.0,20.0,0.0,0.024,0.1,0.02,0.144,14.4,False,0,prior prompt read; new turn appended
compaction-retained-system-sensitivity,compaction-retained-system-sensitivity-sol-comparison,comparison,sol,34,31,main_model_call,0,80000,20000,100000,1000,272000,short,4.0,0.4,5.0,20.0,0.0,0.032,0.1,0.02,0.152,15.2,False,0,prior prompt read; new turn appended
compaction-retained-system-sensitivity,compaction-retained-system-sensitivity-sol-comparison,comparison,sol,35,32,main_model_call,0,100000,20000,120000,1000,272000,short,4.0,0.4,5.0,20.0,0.0,0.04,0.1,0.02,0.16,16.0,False,0,prior prompt read; new turn appended
compaction-retained-system-sensitivity,compaction-retained-system-sensitivity-sol-comparison,comparison,sol,36,33,main_model_call,0,120000,20000,140000,1000,272000,short,4.0,0.4,5.0,20.0,0.0,0.048,0.1,0.02,0.168,16.8,False,0,prior prompt read; new turn appended
compaction-retained-system-sensitivity,compaction-retained-system-sensitivity-sol-comparison,comparison,sol,37,34,main_model_call,0,140000,20000,160000,1000,272000,short,4.0,0.4,5.0,20.0,0.0,0.056,0.1,0.02,0.176,17.6,False,0,prior prompt read; new turn appended
compaction-retained-system-sensitivity,compaction-retained-system-sensitivity-sol-comparison,comparison,sol,38,35,main_model_call,0,160000,20000,180000,1000,272000,short,4.0,0.4,5.0,20.0,0.0,0.064,0.1,0.02,0.184,18.4,False,0,prior prompt read; new turn appended
compaction-retained-system-sensitivity,compaction-retained-system-sensitivity-sol-comparison,comparison,sol,39,36,main_model_call,0,180000,20000,200000,1000,272000,short,4.0,0.4,5.0,20.0,0.0,0.072,0.1,0.02,0.192,19.2,False,0,prior prompt read; new turn appended
compaction-retained-system-sensitivity,compaction-retained-system-sensitivity-sol-comparison,comparison,sol,40,36,compaction,200000,0,0,200000,20000,272000,short,4.0,0.4,5.0,20.0,0.8,0.0,0.0,0.4,1.2,120.0,True,180000,compact before main step 37; input mode=uncached
compaction-retained-system-sensitivity,compaction-retained-system-sensitivity-sol-comparison,comparison,sol,41,37,main_model_call,0,20000,20000,40000,1000,272000,short,4.0,0.4,5.0,20.0,0.0,0.008,0.1,0.02,0.128,12.8,False,0,stable system prefix survives compaction
compaction-retained-system-sensitivity,compaction-retained-system-sensitivity-sol-comparison,comparison,sol,42,38,main_model_call,0,40000,20000,60000,1000,272000,short,4.0,0.4,5.0,20.0,0.0,0.016,0.1,0.02,0.136,13.6,False,0,prior prompt read; new turn appended
compaction-retained-system-sensitivity,compaction-retained-system-sensitivity-sol-comparison,comparison,sol,43,39,main_model_call,0,60000,20000,80000,1000,272000,short,4.0,0.4,5.0,20.0,0.0,0.024,0.1,0.02,0.144,14.4,False,0,prior prompt read; new turn appended
